"codigo","nome","formatoExibicao","rotuloSmm","codigoDominio","descricaoDominio","valorDominio"
"11","REC INTERM FINANC","NUMÉRICO(2)","RecIntermFinanc",,,
"12","REC PREST SERVIÇO","NUMÉRICO(2)","RecPrestServico",,,
"13","REC OPER Ñ INCLUIDA","NUMÉRICO(2)","RecOperacionalNaoIncluida",,,
"14","DESP INTERM FINANC","NUMÉRICO(2)","DespIntermFinanc",,,
"15","DESP OPER Ñ INCLUIDA","NUMÉRICO(2)","DespOperacionalNaoIncluida",,,
"16","TVM E INST DERIVATIV","NUMÉRICO(2)","TvmDerivativosNaoNegociacao",,,
"17","OP CRED, ARRED, OUTR","NUMÉRICO(2)","OpCredArrendOutros",,,
"18","TVM Ñ CLASSIFICADO","NUMÉRICO(2)","TvmNaoNegociacao",,,
"19","TVM CLASSIFICADO","NUMÉRICO(2)","TvmNegociacao",,,
"2","V Contábil/Exposição",,"VrContabil",,,
"20","PLANO DE NEGÓCIOS","NUMÉRICO(2)","PlanoNegocios",,,
"3","Perc Aplic Capital","PERCENTUAL(2)","Cod_Redutor","1","Redutor 20%","80"
"3","Perc Aplic Capital","PERCENTUAL(2)","Cod_Redutor","16","100%","100"
"3","Perc Aplic Capital","PERCENTUAL(2)","Cod_Redutor","2","Redutor 40%","60"
"3","Perc Aplic Capital","PERCENTUAL(2)","Cod_Redutor","26","40%","40"
"3","Perc Aplic Capital","PERCENTUAL(2)","Cod_Redutor","3","Redutor de 60%","40"
"3","Perc Aplic Capital","PERCENTUAL(2)","Cod_Redutor","31","100% - percentual aplicável aos valor dos recursos captados dos fundos (Leis 7.827, 7.998 e 8.036) e computados no nível II do PR em 30 de junho de 2018. A partir de 1º de agosto de 2018.","100"
"3","Perc Aplic Capital","PERCENTUAL(2)","Cod_Redutor","34","70% - percentual aplicável aos valor dos recursos captados dos fundos (Leis 7.827, 7.998 e 8.036) e computados no nível II do PR em 30 de junho de 2018. A partir de 1º de janeiro de 2022","70"
"3","Perc Aplic Capital","PERCENTUAL(2)","Cod_Redutor","35","60% - percentual aplicável aos valor dos recursos captados dos fundos (Leis 7.827, 7.998 e 8.036) e computados no nível II do PR em 30 de junho de 2018. A partir de 1º de janeiro de 2023.","60"
"3","Perc Aplic Capital","PERCENTUAL(2)","Cod_Redutor","36","50% - percentual aplicável aos valor dos recursos captados dos fundos (Leis 7.827, 7.998 e 8.036) e computados no nível II do PR em 30 de junho de 2018. A partir de 1º de janeiro de 2024","50"
"3","Perc Aplic Capital","PERCENTUAL(2)","Cod_Redutor","37","40% - percentual aplicável aos valor dos recursos captados dos fundos (Leis 7.827, 7.998 e 8.036) e computados no nível II do PR em 30 de junho de 2018. A partir de 1º de janeiro de 2025","40"
"3","Perc Aplic Capital","PERCENTUAL(2)","Cod_Redutor","38","30% - percentual aplicável aos valor dos recursos captados dos fundos (Leis 7.827, 7.998 e 8.036) e computados no nível II do PR em 30 de junho de 2018. A partir de 1º de janeiro de 2026.","30"
"3","Perc Aplic Capital","PERCENTUAL(2)","Cod_Redutor","39","20% - percentual aplicável aos valor dos recursos captados dos fundos (Leis 7.827, 7.998 e 8.036) e computados no nível II do PR em 30 de junho de 2018. A partir de 1º de janeiro de 2027.","20"
"3","Perc Aplic Capital","PERCENTUAL(2)","Cod_Redutor","4","Redutor 80%","20"
"3","Perc Aplic Capital","PERCENTUAL(2)","Cod_Redutor","40","10% - percentual aplicável aos valor dos recursos captados dos fundos (Leis 7.827, 7.998 e 8.036) e computados no nível II do PR em 30 de junho de 2018. A partir de 1º de janeiro de 2028.","10"
"3","Perc Aplic Capital","PERCENTUAL(2)","Cod_Redutor","41","0% - percentual aplicável aos valor dos  recursos captados dos fundos (Leis  7.827, 7.998 e 8.036) e computados no nível II do PR em 30 de junho de  2018. A partir de 1º de janeiro de 2029.","0"
"3","Perc Aplic Capital","PERCENTUAL(2)","Cod_Redutor","5","Redutor 100%","0"
"3","Perc Aplic Capital","PERCENTUAL(2)","Cod_Redutor","96","Não se aplica redutor a instrumentos com prazos de vencimento superior ao sexagésimo mês","100"
"3","Perc Aplic Capital","PERCENTUAL(2)","Cod_Redutor","97","Não se aplica redutor a instrumento sem prazo de vencimento","100"
"31","Var valor 1º percent","NUMÉRICO(2)","VarValor1Percentil",,,
"32","Var valor 99 percent","NUMÉRICO(2)","VarValor99Percentil",,,
"33","Est. PP a 5% do PR","NUMÉRICO(0)","EstPerda5PorcentoPR",,,
"34","Est. PP a 10% do PR","NUMÉRICO(0)","EstPerda10PorcentoPR",,,
"35","Est. PP a 20% do PR","NUMÉRICO(0)","EstPerda20PorcentoPR",,,
"4","Tipo(TABELA 024)","NUMÉRICO(0)","Tipo_Elemento","11","Exposição - Contábil - Exposições registradas nos 5 níveis do Cosif, em contas do ativo, do passivo ou da compensação. Representativos de exposições a serem detalhadas com a indicação de contas.","11"
"4","Tipo(TABELA 024)","NUMÉRICO(0)","Tipo_Elemento","21","Exposição - Não Contábil - Exposições sem registro correspondente nos 5 níveis do Cosif: alguns derivativos, exposições de fundos alavancados, alguns créditos a liberar, operações a liquidar e  limites de crédito que não tenham contas Cosif específicas para seu registro.","21"
"4","Tipo(TABELA 024)","NUMÉRICO(0)","Tipo_Elemento","33","Não Exposição por Disposição Normativa - Aplic. em ações e mercad.(commodities) cobertas pela parc.relativa às exp. ao risco de mercado sujeitas ao cálc.do requer.de capital mediante abordagem padronizada (RWAMPAD) ou modelo interno autorizado pelo BCB (RWAMINT) do montante RWA, de que trata a Res.CMN 4.958/21   § 1º do art. 3º da Res. BCB 229/2022.","33"
"4","Tipo(TABELA 024)","NUMÉRICO(0)","Tipo_Elemento","34","Não Exposição por Disposição Normativa - Oper.com deriv.realizadas em mercado de balcão em que a instit. atue exclusivamente com intermediária, não assumindo direitos ou obrigações decorrentes da oscilação do valor de reposição ou do inadimplemento de qualquer das partes   inciso V do § 1º do art. 3º da Res. BCB 229/2022.","34"
"4","Tipo(TABELA 024)","NUMÉRICO(0)","Tipo_Elemento","35","Não Exposição por Disposição Normativa - Cheques, boletos, documentos de crédito (DOC s) e outros instrum. de pag. a serem creditados em contas de clientes, qdo não há a assunção de direitos ou obrigações decorrentes desses instrum., inclusive em caso de inadimplemento de qualquer das partes - inc. VII do §1º do art. 4º da Res. BCB 229/2022.","35"
"4","Tipo(TABELA 024)","NUMÉRICO(0)","Tipo_Elemento","36","Não Exposição por Disposição Normativa - Operações ativas vinculadas   inciso VIII do §1º do art. 4º da Res. BCB 229/2022.","36"
"4","Tipo(TABELA 024)","NUMÉRICO(0)","Tipo_Elemento","37","Não Exposição por Disposição Normativa - Eleme.patrimoniais deduz.na apuração do PR, conf. definido nos arts. 5º a 9º da Res.CMN 4.955/21 e nos arts 4º a 8º da Res. BCB 199/22, brutos dos passivos fiscais diferidos a eles assoc. subtraídos para fins do cálculo do PR - inciso IV do § 1º do art. 4º da Res. BCB 229/2022.","37"
"4","Tipo(TABELA 024)","NUMÉRICO(0)","Tipo_Elemento","38","Não Exposição por Disposição Normativa - Obrig. fiscais diferidas compensadas na apuração dos ajustes prudenciais, relacionados ágios pagos na aquisição de invest., ativos atuariais relac.a fundos de pensão de benefícios definido e créd.tributários compensados com obrig. fiscais diferidas   inciso IV do §1º do art. 4º da Res. BCB 229/2022.","38"
"4","Tipo(TABELA 024)","NUMÉRICO(0)","Tipo_Elemento","39","Não Exposição por Disposição Normativa - Operações de Crédito com órgãos e entidades do setor público referentes ao destaque de parcela do PR, nos termos do art. 4º da Res. CMN 4.995/2022   Inc. X do § 1º do art. 4º da Res. BCB 229/2022.","39"
"4","Tipo(TABELA 024)","NUMÉRICO(0)","Tipo_Elemento","40","Não Exposição por Disposição Normativa - Parc.das operações de créd. abrangidas pelo Prog. Emergencial de Suporte a Empregos, instituído pela Lei nº 14.043, de 19 de agosto de 2020, custeada com recursos da União   Inciso XI do § 1º do art. 4º da Res. BCB 229/2022.","40"
"4","Tipo(TABELA 024)","NUMÉRICO(0)","Tipo_Elemento","41","Não Exposição por Disposição Normativa - Coobrig.s e demais modalidades de retenção de riscos e benefícios decorrentes de oper.de venda ou de transfer.de ativos financ. que permaneçam registrados no ativo da instit., nos termos da regulamentação em vigor   inciso I do § 1º do art. 4º da Res. BCB 229/2022.","41"
"4","Tipo(TABELA 024)","NUMÉRICO(0)","Tipo_Elemento","42","Não Exposição por Disposição Normativa - Cotas de fundos e os títulos de securitização assoc.a oper.de venda ou de transfer.de ativos financ.que permaneçam registrados no ativo da instit., nos termos da regulamentação em vigor, na proporção entre o montante dos ativos transferidos que permaneçam registrados no ativo da instit.e o valor total dos ativos do respectivo fundo ou processo de securitização   inciso II do § 1º do art. 4º da Res. BCB 229/2022.","42"
"4","Tipo(TABELA 024)","NUMÉRICO(0)","Tipo_Elemento","43","Não Exposição por Disposição Normativa - Oper.com derivativos de crédito que atenda as condições de MR previstas na Circ.3.809/16 - em relação ao risco transferido, quando a IF detém o ativo de referência considerado, cabendo a exclusão da expos. pelo vr. igual ou inferior ao vr. do ativo de crédito detido.","43"
"4","Tipo(TABELA 024)","NUMÉRICO(0)","Tipo_Elemento","44","Não Exposição por Disposição Normativa - Certificados de Operações Estruturadas, conforme inciso II do art. 1º da Circ. 3.685/13.","44"
"4","Tipo(TABELA 024)","NUMÉRICO(0)","Tipo_Elemento","45","Não Exposição por Disposição Normativa - Parc. das oper. de créd. realizadas no âmbito do Prog. Emergencial de Acesso a Crédito na modalidade de garantia de recebíveis (Peac-Maquininhas), instituído pela Lei nº 14.042, de 19 de agosto de 2020, a ser reembolsada à União - Inciso XII do § 1º do art. 4º da Res. BCB 229/2022.","45"
"4","Tipo(TABELA 024)","NUMÉRICO(0)","Tipo_Elemento","46","Não Exposição por Disposição Normativa - Oper. a liquidar de venda de moeda estrang. e de ouro com liquid. pronta ou de TVM no mercado à vista que permaneçam registradas no ativo - inciso XIII do § 1º do art. 4º da Res. BCB 229/2022.","46"
"4","Tipo(TABELA 024)","NUMÉRICO(0)","Tipo_Elemento","47","Não Exposição por Disposição Normativa - Oper. a liquidar de compra ou venda de moeda estrang. e de ouro com liquid. pronta ou de TVM no mercado à vista realizadas em nome de clientes, que permaneçam registradas no ativo - inciso XIV do § 1º do art. 4º da Res. BCB 229/2022.","47"
"4","Tipo(TABELA 024)","NUMÉRICO(0)","Tipo_Elemento","48","Não Exposição conforme §3º do art. 59 da Res. BCB 229/22 - Exp. a cotas de fundo de invest. identificadas ou inferidas, cuja exp. ponderada resulte em valor superior ao valor das cotas do fundo ponderadas a 1250%.  BN: §3º do art. 59 da Res. BCB 229/22.","48"
"4","Tipo(TABELA 024)","NUMÉRICO(0)","Tipo_Elemento","49","Não Exposição conforme §1º do art. 57 da Res. BCB 229/22 - Exp. a derivativos de crédito em que a IF atue como receptora do risco, e seja referenciado a um conjunto de entidades em que a proteção seja integralmente acionada a partir de evento de créd.de qualquer entid. referenciada, e quando o somatório dos FPR supere 1250%. BN: §1º do art. 57 da Res. BCB 229/22.","49"
"4","Tipo(TABELA 024)","NUMÉRICO(0)","Tipo_Elemento","50","Não Exposição conforme § 2º do art. 57 da Res. BCB 229/22 - Exp. a derivativos de crédito em que a IF atue como receptora do risco, e seja referenciado a um conj. de entid. em que a proteção seja acionada a partir de mais de um evento de créd. das entid. referenciadas, aplicáveis as exp. correspondentes aos menores FPRs. BN: §2º do art. 57 da Res. BCB 229/22.","50"
"4","Tipo(TABELA 024)","NUMÉRICO(0)","Tipo_Elemento","51","Não Exposição por Não Representar Risco de Crédito - Valores registrados na contabilidade que não representem risco de crédito em rubricas nas quais também sejam registrados valores representativos de risco de crédito.","51"
"4","Tipo(TABELA 024)","NUMÉRICO(0)","Tipo_Elemento","52","Valores a receber de emissores de instrumento de pagamento relativos à atuação da instituição como credenciadora, conforme definido no art. 3º, inciso III, da Res. BCB nº 80, de 25.3.2021, cobertos pelo componente ""ADQ"" da parcela RWASP. BN: alínea ""a"" do inc. XV do § 1º do art. 4º da Res. BCB 229/22. Aplicável as instituições sujeitas ao cálculo do RWASP.","52"
"4","Tipo(TABELA 024)","NUMÉRICO(0)","Tipo_Elemento","53","Valores a receber de credenciador de instrumento de pagamento relativos à atuação da instituição como subcredenciadora, conforme definido na Resolução BCB nº 150, de 6 de outubro de 2021, cobertos pelo componente ""ADQ"" da parcela RWASP.  BN: alínea ""b"" do inc. XV do § 1º do art. 4º da Res. BCB 229/22.  Aplicável as instituições sujeitas ao cálculo do RWASP.","53"
"4","Tipo(TABELA 024)","NUMÉRICO(0)","Tipo_Elemento","54","Recursos líquidos correspondentes aos saldos de moedas eletrônicas mantidas em contas de pagamento, de que trata o art. 22 da Resolução BCB nº 80, de 2021.  BN: alínea ""c"" do inc. XV do § 1º do art. 4º da Res. BCB 229/22.  Aplicável as instituições sujeitas ao cálculo do RWASP.","54"
"4","Tipo(TABELA 024)","NUMÉRICO(0)","Tipo_Elemento","61","Não Exposição - Exposições ao risco de crédito apurados por modelo interno de acordo com a abordagem IRB","61"
"4","Tipo(TABELA 024)","NUMÉRICO(0)","Tipo_Elemento","71","Não exposição, por serem exposições do RWADRC   Exposições sujeitas ao RWADRC","71"
"41","Ponderação Exposição","PERCENTUAL(2)","Cod_FatorPonderacao","1","0% - Inc. I, art. 19.","0"
"41","Ponderação Exposição","PERCENTUAL(2)","Cod_FatorPonderacao","10","0% - art.19-A, caput, inc. II, § único","20"
"41","Ponderação Exposição","PERCENTUAL(2)","Cod_FatorPonderacao","1000","10","1000"
"41","Ponderação Exposição","PERCENTUAL(2)","Cod_FatorPonderacao","10000000","0% / 00 EXPOSIÇÃO / 0 BRASIL / 1 SOBERANO/EMD / Inc. I Art. 23","0"
"41","Ponderação Exposição","PERCENTUAL(2)","Cod_FatorPonderacao","10010000","0% / 01 ESPÉCIE / 0 BRASIL / 1 SOBERANO/EMD / Inc. II Art. 23, parágrafo único do art. 26.","0"
"41","Ponderação Exposição","PERCENTUAL(2)","Cod_FatorPonderacao","10020000","0% / 02 CRÉDITO PRESUMIDO / 0 BRASIL / 1 SOBERANO/EMD / Inc. III Art.; 23","0"
"41","Ponderação Exposição","PERCENTUAL(2)","Cod_FatorPonderacao","11000000","0% / 00 OPERAÇÕES / 1 SEM RATING / 1 SOBERANO/EMD / Inc. I Art. 24","0"
"41","Ponderação Exposição","PERCENTUAL(2)","Cod_FatorPonderacao","11010000","0% / 01 ESPÉCIE / 1 SEM RATING / 1 SOBERANO/EMD / Inc. II Art. 24, parágrafo único do art. 26.","0"
"41","Ponderação Exposição","PERCENTUAL(2)","Cod_FatorPonderacao","12","12%","12"
"41","Ponderação Exposição","PERCENTUAL(2)","Cod_FatorPonderacao","1250","12.5","1250"
"41","Ponderação Exposição","PERCENTUAL(2)","Cod_FatorPonderacao","13000000","0% / 00 OPERAÇÕES / 3 RATING AA / 1 SOBERANO/EMD / Inc. I Art. 25, parágrafo único do art. 25, e parágrafo único do art. 26.","0"
"41","Ponderação Exposição","PERCENTUAL(2)","Cod_FatorPonderacao","13010020","20% / 01 EXPOSIÇÕES EMD / 3 RATING AA / 1 SOBERANO/EMD / Inc. I Art. 28","20"
"41","Ponderação Exposição","PERCENTUAL(2)","Cod_FatorPonderacao","14000000","0% / 00 EXPOSIÇÕES / 4 EMD / 1 SOBERANO/EMD / Art. 27","0"
"41","Ponderação Exposição","PERCENTUAL(2)","Cod_FatorPonderacao","15000020","20% / 00 EXPOSIÇÕES / 5 RATING A / 1 SOBERANO/EMD / Inc. II Art. 25, parágrafo único do art. 25.","20"
"41","Ponderação Exposição","PERCENTUAL(2)","Cod_FatorPonderacao","15010030","30% / 01 EXPOSIÇÕES EMD / 5 RATING A / 1 SOBERANO/EMD / Inc. II Art. 28","30"
"41","Ponderação Exposição","PERCENTUAL(2)","Cod_FatorPonderacao","16000050","50% / 00 EXPOSIÇÕES / 6 RATING BBB / 1 SOBERANO/EMD / Inc. III Art. 25, parágrafo único do art. 25","50"
"41","Ponderação Exposição","PERCENTUAL(2)","Cod_FatorPonderacao","16010050","50% / 01 EXPOSIÇÕES EMD / 6 RATING BBB / 1 SOBERANO/EMD / Inc. III Art. 28","50"
"41","Ponderação Exposição","PERCENTUAL(2)","Cod_FatorPonderacao","17000100","100% / 00 EXPOSIÇÕES / 7 RATING B / 1 SOBERANO/EMD / Inc. IV Art. 25, parágrafo único do art. 25.","100"
"41","Ponderação Exposição","PERCENTUAL(2)","Cod_FatorPonderacao","17010100","100% / 01 EXPOSIÇÕES EMD / 7 RATING B / 1 SOBERANO/EMD / Inc. IV Art. 28","100"
"41","Ponderação Exposição","PERCENTUAL(2)","Cod_FatorPonderacao","18000150","150% / 00 EXPOSIÇÕES / 8 RATING CCC / 1 SOBERANO/EMD / Inc. V Art. 25, parágrafo único do art. 25.","150"
"41","Ponderação Exposição","PERCENTUAL(2)","Cod_FatorPonderacao","18010150","150% / 01 EXPOSIÇÕES EMD / 8 RATING CCC / 1 SOBERANO/EMD /  Art. 28, inc. V","150"
"41","Ponderação Exposição","PERCENTUAL(2)","Cod_FatorPonderacao","20000015","15% / 00 IF - CAT. A - SOBRECAPITALIZADAS / 0 TVM COVERED BRASIL / 2 IF-INFRA / Inc. I e alínea ""a"", inc. I do § 1º art. 34","15"
"41","Ponderação Exposição","PERCENTUAL(2)","Cod_FatorPonderacao","20010020","20% / 01 IF - CAT. A / 0 TVM COVERED BRASIL / 2 IF-INFRA / Inc. I e alínea ""b"", inc. I do § 1º art. 34","20"
"41","Ponderação Exposição","PERCENTUAL(2)","Cod_FatorPonderacao","20020035","35% / 02 IF - CAT. B / 0 TVM COVERED BRASIL / 2 IF-INFRA / Inc. II do § 1º, e inc. I do art. 34","35"
"41","Ponderação Exposição","PERCENTUAL(2)","Cod_FatorPonderacao","20030100","100% / 03 IF - CAT. C / 0 TVM COVERED BRASIL / 2 IF-INFRA / Inc. I e inc. III do § 1º art. 34","100"
"41","Ponderação Exposição","PERCENTUAL(2)","Cod_FatorPonderacao","21000015","15% / 00 IF - CAT. A - SOBRECAPITALIZADAS / 1 TVM COVERED EXTERIOR / 2 IF-INFRA / Inc. II e alínea ""a"", inc. I do § 1º art. 34","15"
"41","Ponderação Exposição","PERCENTUAL(2)","Cod_FatorPonderacao","21010020","20% / 01 IF - CAT. A / 1 TVM COVERED EXTERIOR / 2 IF-INFRA / Inc. II e alínea ""b"", inc. I do § 1º art. 34","20"
"41","Ponderação Exposição","PERCENTUAL(2)","Cod_FatorPonderacao","21020035","35% / 02 IF - CAT. B / 1 TVM COVERED EXTERIOR / 2 IF-INFRA / Inc. II do § 1º e inc. II do art. 34","35"
"41","Ponderação Exposição","PERCENTUAL(2)","Cod_FatorPonderacao","21030100","100% / 03 IF - CAT. C / 1 TVM COVERED EXTERIOR / 2 IF-INFRA / Inc. II e III do § 1º art. 34","100"
"41","Ponderação Exposição","PERCENTUAL(2)","Cod_FatorPonderacao","22000020","20% / 00 IF BRASIL - CAT. A <90 DIAS  / 2 OPERAÇÕES / 2 IF-INFRA / Alínea ""a"", inc. I Art. 33, art. 30, art. 29, inc. I","20"
"41","Ponderação Exposição","PERCENTUAL(2)","Cod_FatorPonderacao","22010020","20% / 01 IF EXTERIOR - CAT. A <90 DIAS / 2 OPERAÇÕES / 2 IF-INFRA / Alínea ""a"", inc. I Art. 33, art. 30, art. 29, inc. II","20"
"41","Ponderação Exposição","PERCENTUAL(2)","Cod_FatorPonderacao","22020020","20% / 02 INFRA BRASIL - CAT. A <90 DIAS / 2 OPERAÇÕES / 2 IF-INFRA / Alínea ""a"", inc. I Art. 33, art. 30, art. 29, inc. III","20"
"41","Ponderação Exposição","PERCENTUAL(2)","Cod_FatorPonderacao","22030020","20% / 03 INFRA EXTERIOR - CAT. A <90 DIAS / 2 OPERAÇÕES / 2 IF-INFRA / Alínea ""a"", inc. I Art. 33, art. 30, art. 29, inc. IV","20"
"41","Ponderação Exposição","PERCENTUAL(2)","Cod_FatorPonderacao","22040030","30% / 04 IF BRASIL - CAT. A - SOBRECAPITALIZADAS / 2 OPERAÇÕES / 2 IF-INFRA / § 1º Art. 33,  art. 30, art. 29, inc. I","30"
"41","Ponderação Exposição","PERCENTUAL(2)","Cod_FatorPonderacao","22050030","30% / 05 IF EXTERIOR - CAT. A - SOBRECAPITALIZADAS / 2 OPERAÇÕES / 2 IF-INFRA / § 2º Art. 33, art. 30, art. 29, inc. II","30"
"41","Ponderação Exposição","PERCENTUAL(2)","Cod_FatorPonderacao","22060040","40% / 06 IF BRASIL - CAT. A >90 DIAS  / 2 OPERAÇÕES / 2 IF-INFRA / Alínea ""b"", inc. I Art. 33, art. 30, art. 29, inc. I","40"
"41","Ponderação Exposição","PERCENTUAL(2)","Cod_FatorPonderacao","22070040","40% / 07 IF EXTERIOR - CAT. A >90 DIAS  / 2 OPERAÇÕES / 2 IF-INFRA / Alínea ""b"", inc. I Art. 33, art. 30, art. 29, inc. II","40"
"41","Ponderação Exposição","PERCENTUAL(2)","Cod_FatorPonderacao","22080040","40% / 08 INFRA BRASIL - CAT. A >90 DIAS / 2 OPERAÇÕES / 2 IF-INFRA / Alínea ""b"", inc. I Art. 33, art. 30, art. 29, inc. III","40"
"41","Ponderação Exposição","PERCENTUAL(2)","Cod_FatorPonderacao","22090040","40% / 09 INFRA EXTERIOR - CAT. A >90 DIAS / 2 OPERAÇÕES / 2 IF-INFRA / Alínea ""b"", inc. I Art. 33, art. 30, art. 29, inc. IV","40"
"41","Ponderação Exposição","PERCENTUAL(2)","Cod_FatorPonderacao","22100050","50% / 10 IF BRASIL - CAT. B <90 DIAS / 2 OPERAÇÕES / 2 IF-INFRA / Alínea ""a"", inc. II Art. 33, art. 31, art. 29, inc. I","50"
"41","Ponderação Exposição","PERCENTUAL(2)","Cod_FatorPonderacao","22110050","50% / 11 IF EXTERIOR - CAT. B <90 DIAS / 2 OPERAÇÕES / 2 IF-INFRA / Alínea ""a"", inc. II Art. 33, art. 31, art. 29, inc. II","50"
"41","Ponderação Exposição","PERCENTUAL(2)","Cod_FatorPonderacao","22120050","50% / 12 IF - CAT. A EM JURISDIÇÃO BBB / 2 OPERAÇÕES / 2 IF-INFRA / §5º do art. 33, art. 30, art. 29, inc. I a IV.","50"
"41","Ponderação Exposição","PERCENTUAL(2)","Cod_FatorPonderacao","22130100","100% / 13 IF - CAT. A EM JURISDIÇÃO B / 2 OPERAÇÕES / 2 IF-INFRA / §5º do art. 33, art. 30, art. 29, inc. I a IV.","100"
"41","Ponderação Exposição","PERCENTUAL(2)","Cod_FatorPonderacao","22140100","100% / 14 IF - CAT. B EM JURISDIÇÃO B / 2 OPERAÇÕES / 2 IF-INFRA / §5º do art. 33, art. 31, art. 29, inc. I a IV.","100"
"41","Ponderação Exposição","PERCENTUAL(2)","Cod_FatorPonderacao","22150075","75% / 15 IF BRASIL - CAT. B >90 DIAS / 2 OPERAÇÕES / 2 IF-INFRA / Alínea ""b"", inc. II Art. 33, art. 31, art. 29, inc I","75"
"41","Ponderação Exposição","PERCENTUAL(2)","Cod_FatorPonderacao","22160075","75% / 16 IF EXTERIOR - CAT. B >90 DIAS / 2 OPERAÇÕES / 2 IF-INFRA / Alínea ""b"", inc. II Art. 33, art. 31, art. 29, inc. II","75"
"41","Ponderação Exposição","PERCENTUAL(2)","Cod_FatorPonderacao","22170150","150% / 17 IF BRASIL - CAT. C / 2 OPERAÇÕES / 2 IF-INFRA / Inc. III, Art. 33, art. 32, art. 29, inc. I","150"
"41","Ponderação Exposição","PERCENTUAL(2)","Cod_FatorPonderacao","22180150","150% / 18 IF EXTERIOR - CAT. C / 2 OPERAÇÕES / 2 IF-INFRA / Inc. III Art. 33, art. 32, art. 29, inc. II","150"
"41","Ponderação Exposição","PERCENTUAL(2)","Cod_FatorPonderacao","22190150","150% / 19 INFRA BRASIL - CAT. C / 2 OPERAÇÕES / 2 IF-INFRA / Inc. III Art. 33, art. 32, art. 29, inc. III","150"
"41","Ponderação Exposição","PERCENTUAL(2)","Cod_FatorPonderacao","22200150","150% / 20 INFRA EXTERIOR - CAT C / 2 OPERAÇÕES / 2 IF-INFRA / Inc. III Art. 33, art. 32, art. 29, inc. IV","150"
"41","Ponderação Exposição","PERCENTUAL(2)","Cod_FatorPonderacao","23000020","20% / 00 IF BRASIL - CAT. A <90 DIAS  / 3 TVM BRASIL / 2 IF-INFRA / Alínea ""a"", inc. I Art. 33, art. 30, art. 29, inc. I, §2º do art. 34","20"
"41","Ponderação Exposição","PERCENTUAL(2)","Cod_FatorPonderacao","23010020","20% / 01 IF EXTERIOR - CAT. A <90 DIAS  / 3 TVM BRASIL / 2 IF-INFRA / Alínea ""a"", inc. I Art. 33, art. 30, art. 29, inc. II, §2º art. 34","20"
"41","Ponderação Exposição","PERCENTUAL(2)","Cod_FatorPonderacao","23020030","30% / 02 IF BRASIL - CAT. A > 90 - SOBRECAPITALIZADA / 3 TVM BRASIL / 2 IF-INFRA / § 1º Art. 33,  art. 30, art. 29, inc. I, §2º do art. 34","30"
"41","Ponderação Exposição","PERCENTUAL(2)","Cod_FatorPonderacao","23030030","30% / 03 IF EXTERIOR - CAT. A > 90 - SOBRECAPITALIZADA / 3 TVM BRASIL / 2 IF-INFRA / § 2º Art. 33, art. 30, art. 29, inc. II, §2º do art. 34","30"
"41","Ponderação Exposição","PERCENTUAL(2)","Cod_FatorPonderacao","23040040","40% / 04 IF BRASIL - CAT. A > 90 / 3 TVM BRASIL / 2 IF-INFRA / Alínea ""b"", inc. I Art. 33, art. 30, art. 29, inc. I, §2º do art. 34","40"
"41","Ponderação Exposição","PERCENTUAL(2)","Cod_FatorPonderacao","23050040","40% / 05 IF EXTERIOR - CAT. A > 90 / 3 TVM BRASIL / 2 IF-INFRA / Alínea ""b"", inc. I Art. 33, art. 30, art. 29, inc. II, §2º art. 34","40"
"41","Ponderação Exposição","PERCENTUAL(2)","Cod_FatorPonderacao","23060050","50% / 06 IF BRASIL - CAT. B < 90 / 3 TVM BRASIL / 2 IF-INFRA / Alínea ""a"", inc. II Art. 33, art. 31, art. 29, inc. I, §2º art. 34","50"
"41","Ponderação Exposição","PERCENTUAL(2)","Cod_FatorPonderacao","23070050","50% / 07 IF EXTERIOR - CAT. B < 90 / 3 TVM BRASIL / 2 IF-INFRA / Alínea ""a"", inc. II Art. 33, art. 31, art. 29, inc. II, §2º art. 34","50"
"41","Ponderação Exposição","PERCENTUAL(2)","Cod_FatorPonderacao","23080075","75% / 08 IF BRASIL - CAT. B > 90 / 3 TVM BRASIL / 2 IF-INFRA / Alínea ""b"", inc. II Art. 33, art. 31, art. 29, inc I, §2º art. 34","75"
"41","Ponderação Exposição","PERCENTUAL(2)","Cod_FatorPonderacao","23090075","75% / 09 IF EXTERIOR - CAT. B > 90 / 3 TVM BRASIL / 2 IF-INFRA / Alínea ""b"", inc. II Art. 33, art. 31, art. 29, inc. II, §2º art. 34","75"
"41","Ponderação Exposição","PERCENTUAL(2)","Cod_FatorPonderacao","23100150","150% / 10 IF BRASIL - CAT. C / 3 TVM BRASIL / 2 IF-INFRA / Inc. III, Art. 33, art. 32, art. 29, inc. I, §2º art. 34","150"
"41","Ponderação Exposição","PERCENTUAL(2)","Cod_FatorPonderacao","23110150","150% / 11 IF EXTERIOR - CAT. C / 3 TVM BRASIL / 2 IF-INFRA / Inc. III Art. 33, art. 32, art. 29, inc. II, §2º art. 34","150"
"41","Ponderação Exposição","PERCENTUAL(2)","Cod_FatorPonderacao","24000020","20% / 00 IF BRASIL - CAT. A <90 DIAS  / 4 TVM EXTERIOR / 2 IF-INFRA / Alínea ""a"", inc. I Art. 33, art. 30, art. 29, inc. I, §2º do art. 34","20"
"41","Ponderação Exposição","PERCENTUAL(2)","Cod_FatorPonderacao","24010020","20% / 01 IF EXTERIOR - CAT. A <90 DIAS  / 4 TVM EXTERIOR / 2 IF-INFRA / Alínea ""a"", inc. I Art. 33, art. 30, art. 29, inc. II, §2º art. 34","20"
"41","Ponderação Exposição","PERCENTUAL(2)","Cod_FatorPonderacao","24020030","30% / 02 IF BRASIL - CAT. A > 90 - SOBRECAPITALIZADA / 4 TVM EXTERIOR / 2 IF-INFRA / § 1º Art. 33,  art. 30, art. 29, inc. I, §2º do art. 34","30"
"41","Ponderação Exposição","PERCENTUAL(2)","Cod_FatorPonderacao","24030030","30% / 03 IF EXTERIOR - CAT. A > 90 - SOBRECAPITALIZADA / 4 TVM EXTERIOR / 2 IF-INFRA / § 2º Art. 33, art. 30, art. 29, inc. II, §2º do art. 34","30"
"41","Ponderação Exposição","PERCENTUAL(2)","Cod_FatorPonderacao","24040040","40% / 04 IF BRASIL - CAT. A > 90 / 4 TVM EXTERIOR / 2 IF-INFRA / Alínea ""b"", inc. I Art. 33, art. 30, art. 29, inc. I, §2º do art. 34","40"
"41","Ponderação Exposição","PERCENTUAL(2)","Cod_FatorPonderacao","24050040","40% / 05 IF EXTERIOR - CAT. A > 90 / 4 TVM EXTERIOR / 2 IF-INFRA / Alínea ""b"", inc. I Art. 33, art. 30, art. 29, inc. II, §2º art. 34","40"
"41","Ponderação Exposição","PERCENTUAL(2)","Cod_FatorPonderacao","24060050","50% / 06 IF BRASIL - CAT. B < 90 / 4 TVM EXTERIOR / 2 IF-INFRA / Alínea ""a"", inc. II Art. 33, art. 31, art. 29, inc. I, §2º art. 34","50"
"41","Ponderação Exposição","PERCENTUAL(2)","Cod_FatorPonderacao","24070050","50% / 07 IF EXTERIOR - CAT. B < 90 / 4 TVM EXTERIOR / 2 IF-INFRA / Alínea ""a"", inc. II Art. 33, art. 31, art. 29, inc. II, §2º art. 34","50"
"41","Ponderação Exposição","PERCENTUAL(2)","Cod_FatorPonderacao","24080075","75% / 08 IF BRASIL - CAT. B > 90 / 4 TVM EXTERIOR / 2 IF-INFRA / Alínea ""b"", inc. II Art. 33, art. 31, art. 29, inc I, §2º art. 34","75"
"41","Ponderação Exposição","PERCENTUAL(2)","Cod_FatorPonderacao","24090075","75% / 09 IF EXTERIOR - CAT. B > 90 / 4 TVM EXTERIOR / 2 IF-INFRA / Alínea ""b"", inc. II Art. 33, art. 31, art. 29, inc. II, §2º art. 34","75"
"41","Ponderação Exposição","PERCENTUAL(2)","Cod_FatorPonderacao","24100150","150% / 10 IF BRASIL - CAT. C / 4 TVM EXTERIOR / 2 IF-INFRA / Inc. III, Art. 33, art. 32, art. 29, inc. I, §2º art. 34","150"
"41","Ponderação Exposição","PERCENTUAL(2)","Cod_FatorPonderacao","24110150","150% / 11 IF EXTERIOR - CAT. C / 4 TVM EXTERIOR / 2 IF-INFRA / Inc. III Art. 33, art. 32, art. 29, inc. II, §2º art. 34","150"
"41","Ponderação Exposição","PERCENTUAL(2)","Cod_FatorPonderacao","25000020","20% / 00 IF BRASIL - CAT. A / 5 OPERAÇÕES COMÉRCIO INTERNACIONAL / 2 IF-INFRA / Inc. I § 3º Art. 33, art. 30, art. 29, inc. I","20"
"41","Ponderação Exposição","PERCENTUAL(2)","Cod_FatorPonderacao","25010020","20% / 01 IF EXTERIOR - CAT. A / 5 OPERAÇÕES COMÉRCIO INTERNACIONAL / 2 IF-INFRA / Inc. I § 3º Art. 33, art. 30, art. 29, inc. II","20"
"41","Ponderação Exposição","PERCENTUAL(2)","Cod_FatorPonderacao","25020050","50% / 02 IF BRASIL - CAT. B / 5 OPERAÇÕES COMÉRCIO INTERNACIONAL / 2 IF-INFRA / Inc. I § 3º Art. 33, art. 31, art. 29, inc. I","50"
"41","Ponderação Exposição","PERCENTUAL(2)","Cod_FatorPonderacao","25030050","50% / 03 IF EXTERIOR - CAT. B / 5 OPERAÇÕES COMÉRCIO INTERNACIONAL / 2 IF-INFRA / Inc. I § 3º Art. 33, art. 31, art. 29, inc. II","50"
"41","Ponderação Exposição","PERCENTUAL(2)","Cod_FatorPonderacao","26000020","20% / 00 IF BRASIL - CAT. A / 6 OPERAÇÕES SIS. COOPERATIVO / 2 IF-INFRA / Inc. II § 3º Art. 33, art. 30, art. 29, inc. I","20"
"41","Ponderação Exposição","PERCENTUAL(2)","Cod_FatorPonderacao","26010050","50% / 01 IF BRASIL - CAT. B / 6 OPERAÇÕES SIS. COOPERATIVO / 2 IF-INFRA / Inc. II § 3º Art. 33, art. 31, art. 29, inc. I","50"
"41","Ponderação Exposição","PERCENTUAL(2)","Cod_FatorPonderacao","27000030","30% / 00 IF BRASIL - CAT. A - SOBRECAPITALIZADAS / 7 EXPOSIÇÃO ACORDO BILATERAL / 2 IF-INFRA / Inc. I § 4º art. 33, art. 30, art. 29, inc. I","30"
"41","Ponderação Exposição","PERCENTUAL(2)","Cod_FatorPonderacao","27010030","30% / 01 IF EXTERIOR - CAT. A - SOBRECAPITALIZADAS / 7 EXPOSIÇÃO ACORDO BILATERAL / 2 IF-INFRA / Inc. I § 4º art. 33, art. 30, art. 29, inc. II","30"
"41","Ponderação Exposição","PERCENTUAL(2)","Cod_FatorPonderacao","27020040","40% / 02 IF BRASIL - CAT. A / 7 EXPOSIÇÃO ACORDO BILATERAL / 2 IF-INFRA / Inc. II § 4º art. 33, art. 30, art. 29, inc. I","40"
"41","Ponderação Exposição","PERCENTUAL(2)","Cod_FatorPonderacao","27030040","40% / 03 IF EXTERIOR - CAT. A / 7 EXPOSIÇÃO ACORDO BILATERAL / 2 IF-INFRA / Inc. II § 4º art. 33, art. 30, art. 29, inc. II","40"
"41","Ponderação Exposição","PERCENTUAL(2)","Cod_FatorPonderacao","27040040","40% / 04 INFRA BRASIL - CAT. A / 7 EXPOSIÇÃO ACORDO BILATERAL / 2 IF-INFRA / Inc. II § 4º art. 33, art. 30, art. 29, inc. III","40"
"41","Ponderação Exposição","PERCENTUAL(2)","Cod_FatorPonderacao","27050075","75% / 05 IF BRASIL - CAT. B / 7 EXPOSIÇÃO ACORDO BILATERAL / 2 IF-INFRA / Inc. III § 4º art. 33; art. 31, art. 29, inc. I","75"
"41","Ponderação Exposição","PERCENTUAL(2)","Cod_FatorPonderacao","27060075","75% / 06 IF EXTERIOR - CAT. B / 7 EXPOSIÇÃO ACORDO BILATERAL / 2 IF-INFRA / Inc. III § 4º art. 33; art. 31, art. 29, inc. II","75"
"41","Ponderação Exposição","PERCENTUAL(2)","Cod_FatorPonderacao","27070040","40% / 07 INFRA EXTERIOR - CAT. A / 7 EXPOSIÇÃO ACORDO BILATERAL / 2 IF-INFRA / Inc. II § 4º art. 33, art. 30, art. 29, inc. IV","40"
"41","Ponderação Exposição","PERCENTUAL(2)","Cod_FatorPonderacao","28000150","150% / 00 INTEGRANTE DO CAP. COMPLEMENTAR/NÍVEL 2 / 8 DÍVIDA SUBORDINADA / 2 IF-INFRA / Art. 44","150"
"41","Ponderação Exposição","PERCENTUAL(2)","Cod_FatorPonderacao","28010150","150% / 01 NÃO DEDUZIDA QUE EM RESOLUÇÃO DE IF ABSORVAM PERDAS / 8 DÍVIDA SUBORDINADA / 2 IF-INFRA / Parágrafo único art. 44","150"
"41","Ponderação Exposição","PERCENTUAL(2)","Cod_FatorPonderacao","30","50%","50"
"41","Ponderação Exposição","PERCENTUAL(2)","Cod_FatorPonderacao","30000020","20% / 00 LTV <50% / 0 - RESIDENCIAL SEM DEPENDENCIA BRASIL / 3 IMOVEL / Inc. I art. 50","20"
"41","Ponderação Exposição","PERCENTUAL(2)","Cod_FatorPonderacao","30010025","25% / 01 50 <LTV<60% / 0 - RESIDENCIAL SEM DEPENDENCIA BRASIL / 3 IMOVEL / Inc. II art. 50","25"
"41","Ponderação Exposição","PERCENTUAL(2)","Cod_FatorPonderacao","30020030","30% / 02 LTV <50% MOEDA DIFERENTE / 0 - RESIDENCIAL SEM DEPENDENCIA BRASIL / 3 IMOVEL / Inc. I art. 50, art. 55","30"
"41","Ponderação Exposição","PERCENTUAL(2)","Cod_FatorPonderacao","30030030","30% / 03 60<LTV<80% / 0 - RESIDENCIAL SEM DEPENDENCIA BRASIL / 3 IMOVEL / Inc. III art. 50","30"
"41","Ponderação Exposição","PERCENTUAL(2)","Cod_FatorPonderacao","30040037","37,5% / 04 50 <LTV<60% MOEDA DIFERENTE / 0 - RESIDENCIAL SEM DEPENDENCIA BRASIL / 3 IMOVEL / Inc. II art. 50, art. 55","37.5"
"41","Ponderação Exposição","PERCENTUAL(2)","Cod_FatorPonderacao","30050040","40% / 05 80<LTV<90% / 0 - RESIDENCIAL SEM DEPENDENCIA BRASIL / 3 IMOVEL / Inc. IV art. 50","40"
"41","Ponderação Exposição","PERCENTUAL(2)","Cod_FatorPonderacao","30060045","45% / 06 60<LTV<80% MOEDA DIFERENTE / 0 - RESIDENCIAL SEM DEPENDENCIA BRASIL / 3 IMOVEL / Inc. III art. 50, art. 55","45"
"41","Ponderação Exposição","PERCENTUAL(2)","Cod_FatorPonderacao","30070050","50% / 07 90<LTV<100% / 0 - RESIDENCIAL SEM DEPENDENCIA BRASIL / 3 IMOVEL / Inc. V art. 50","50"
"41","Ponderação Exposição","PERCENTUAL(2)","Cod_FatorPonderacao","30080060","60% / 08 80<LTV<90% MOEDA DIFERENTE / 0 - RESIDENCIAL SEM DEPENDENCIA BRASIL / 3 IMOVEL / Inc. IV art. 50, art. 55","60"
"41","Ponderação Exposição","PERCENTUAL(2)","Cod_FatorPonderacao","30090070","70% / 09 LTV>100% / 0 - RESIDENCIAL SEM DEPENDENCIA BRASIL / 3 IMOVEL / Inc. VI art. 50","70"
"41","Ponderação Exposição","PERCENTUAL(2)","Cod_FatorPonderacao","30100075","75% / 10 90<LTV<100% MOEDA DIFERENTE / 0 - RESIDENCIAL SEM DEPENDENCIA BRASIL / 3 IMOVEL / Inc. V art. 50, art. 55","75"
"41","Ponderação Exposição","PERCENTUAL(2)","Cod_FatorPonderacao","30110105","105% / 11 LTV>100% MOEDA DIFERENTE / 0 - RESIDENCIAL SEM DEPENDENCIA BRASIL / 3 IMOVEL / Inc. VI art. 50","105"
"41","Ponderação Exposição","PERCENTUAL(2)","Cod_FatorPonderacao","31000020","20% / 00 LTV <50% / 1 - RESIDENCIAL SEM DEPENDENCIA EXTERIOR / 3 IMOVEL / Inc. I art. 50","20"
"41","Ponderação Exposição","PERCENTUAL(2)","Cod_FatorPonderacao","31010025","25% / 01 50 <LTV<60% / 1 - RESIDENCIAL SEM DEPENDENCIA EXTERIOR / 3 IMOVEL / Inc. II art. 50","25"
"41","Ponderação Exposição","PERCENTUAL(2)","Cod_FatorPonderacao","31020030","30% / 02 LTV <50% MOEDA DIFERENTE / 1 - RESIDENCIAL SEM DEPENDENCIA EXTERIOR / 3 IMOVEL / Inc. I art. 50, art. 55","30"
"41","Ponderação Exposição","PERCENTUAL(2)","Cod_FatorPonderacao","31030030","30% / 03 60<LTV<80% / 1 - RESIDENCIAL SEM DEPENDENCIA EXTERIOR / 3 IMOVEL / Inc. III art. 50","30"
"41","Ponderação Exposição","PERCENTUAL(2)","Cod_FatorPonderacao","31040037","37,5% / 04 50 <LTV<60% MOEDA DIFERENTE / 1 - RESIDENCIAL SEM DEPENDENCIA EXTERIOR / 3 IMOVEL / Inc. II art. 50, art. 55","37.5"
"41","Ponderação Exposição","PERCENTUAL(2)","Cod_FatorPonderacao","31050040","40% / 05 80<LTV<90% / 1 - RESIDENCIAL SEM DEPENDENCIA EXTERIOR / 3 IMOVEL / Inc. IV art. 50","40"
"41","Ponderação Exposição","PERCENTUAL(2)","Cod_FatorPonderacao","31060045","45% / 06 60<LTV<80% MOEDA DIFERENTE / 1 - RESIDENCIAL SEM DEPENDENCIA EXTERIOR / 3 IMOVEL / Inc. III art. 50, art. 55","45"
"41","Ponderação Exposição","PERCENTUAL(2)","Cod_FatorPonderacao","31070050","50% / 07 90<LTV<100% / 1 - RESIDENCIAL SEM DEPENDENCIA EXTERIOR / 3 IMOVEL / Inc. V art. 50","50"
"41","Ponderação Exposição","PERCENTUAL(2)","Cod_FatorPonderacao","31080060","60% / 08 80<LTV<90% MOEDA DIFERENTE / 1 - RESIDENCIAL SEM DEPENDENCIA EXTERIOR / 3 IMOVEL / Inc. IV art. 50, art. 55","60"
"41","Ponderação Exposição","PERCENTUAL(2)","Cod_FatorPonderacao","31090070","70% / 09 LTV>100% / 1 - RESIDENCIAL SEM DEPENDENCIA EXTERIOR / 3 IMOVEL / Inc. VI art. 50","70"
"41","Ponderação Exposição","PERCENTUAL(2)","Cod_FatorPonderacao","31100075","75% / 10 90<LTV<100% MOEDA DIFERENTE / 1 - RESIDENCIAL SEM DEPENDENCIA EXTERIOR / 3 IMOVEL / Inc. V art. 50, art. 55","75"
"41","Ponderação Exposição","PERCENTUAL(2)","Cod_FatorPonderacao","31110105","105% / 11 LTV>100% MOEDA DIFERENTE / 1 - RESIDENCIAL SEM DEPENDENCIA EXTERIOR / 3 IMOVEL / Inc. VI art. 50","105"
"41","Ponderação Exposição","PERCENTUAL(2)","Cod_FatorPonderacao","32000030","30% / 00 LTV <50% / 2 RESIDENCIAL COM DEPENDENCIA BRASIL / 3 IMOVEL / Inc. I art. 51","30"
"41","Ponderação Exposição","PERCENTUAL(2)","Cod_FatorPonderacao","32010035","35% / 01 50 <LTV<60% / 2 RESIDENCIAL COM DEPENDENCIA BRASIL / 3 IMOVEL / Inc. II art. 51","35"
"41","Ponderação Exposição","PERCENTUAL(2)","Cod_FatorPonderacao","32020045","45% / 02 60<LTV<80% / 2 RESIDENCIAL COM DEPENDENCIA BRASIL / 3 IMOVEL / Inc. III art. 51","45"
"41","Ponderação Exposição","PERCENTUAL(2)","Cod_FatorPonderacao","32030052","52,5% / 03 50<LTV<60% MOEDA DIFERENTE / 2 RESIDENCIAL COM DEPENDENCIA BRASIL / 3 IMOVEL / Inc. II art. 51, art. 55","52.5"
"41","Ponderação Exposição","PERCENTUAL(2)","Cod_FatorPonderacao","32040060","60% / 04 80<LTV<90% / 2 RESIDENCIAL COM DEPENDENCIA BRASIL / 3 IMOVEL / Inc. IV art. 51","60"
"41","Ponderação Exposição","PERCENTUAL(2)","Cod_FatorPonderacao","32050067","67,5% / 05 60<LTV<80% MOEDA DIFERENTE / 2 RESIDENCIAL COM DEPENDENCIA BRASIL / 3 IMOVEL / Inc. III art. 51, art. 55","67.5"
"41","Ponderação Exposição","PERCENTUAL(2)","Cod_FatorPonderacao","32060075","75% / 06 90<LTV<100% / 2 RESIDENCIAL COM DEPENDENCIA BRASIL / 3 IMOVEL / Inc. V art. 51","75"
"41","Ponderação Exposição","PERCENTUAL(2)","Cod_FatorPonderacao","32070090","90% / 07 80<LTV<90% - MOEDA DIFERENTE / 2 RESIDENCIAL COM DEPENDENCIA BRASIL / 3 IMOVEL / Inc. IV art. 51, art. 55","90"
"41","Ponderação Exposição","PERCENTUAL(2)","Cod_FatorPonderacao","32080105","105% / 08 LTV>100% / 2 RESIDENCIAL COM DEPENDENCIA BRASIL / 3 IMOVEL / Inc. VI art. 51","105"
"41","Ponderação Exposição","PERCENTUAL(2)","Cod_FatorPonderacao","32090112","112,5% / 09 90<LTV<100% MOEDA DIFERENTE / 2 RESIDENCIAL COM DEPENDENCIA BRASIL / 3 IMOVEL / Inc. V art. 51, art. 55","112.5"
"41","Ponderação Exposição","PERCENTUAL(2)","Cod_FatorPonderacao","32100150","150% / 10 LTV>100% MOEDA DIFERENTE / 2 RESIDENCIAL COM DEPENDENCIA BRASIL / 3 IMOVEL / Inc. VI art. 51, art. 55","150"
"41","Ponderação Exposição","PERCENTUAL(2)","Cod_FatorPonderacao","32110045","45% / 11 LTV <50% MOEDA DIFERENTE / 2 RESIDENCIAL COM DEPENDENCIA BRASIL / 3 IMOVEL / Inc. I art. 51, art. 55","45"
"41","Ponderação Exposição","PERCENTUAL(2)","Cod_FatorPonderacao","33000030","30% / 00 LTV <50% / 3 RESIDENCIAL COM DEPENDENCIA EXTERIOR / 3 IMOVEL / Inc. I art. 51","30"
"41","Ponderação Exposição","PERCENTUAL(2)","Cod_FatorPonderacao","33010035","35% / 01 50 <LTV<60% / 3 RESIDENCIAL COM DEPENDENCIA EXTERIOR / 3 IMOVEL / Inc. II art. 51","35"
"41","Ponderação Exposição","PERCENTUAL(2)","Cod_FatorPonderacao","33020045","45% / 02 60<LTV<80% / 3 RESIDENCIAL COM DEPENDENCIA EXTERIOR / 3 IMOVEL / Inc. III art. 51","45"
"41","Ponderação Exposição","PERCENTUAL(2)","Cod_FatorPonderacao","33030052","52,5% / 03 50<LTV<60% MOEDA DIFERENTE / 3 RESIDENCIAL COM DEPENDENCIA EXTERIOR / 3 IMOVEL / Inc. II art. 51, art. 55","52.5"
"41","Ponderação Exposição","PERCENTUAL(2)","Cod_FatorPonderacao","33040060","60% / 04 80<LTV<90% / 3 RESIDENCIAL COM DEPENDENCIA EXTERIOR / 3 IMOVEL / Inc. IV art. 51","60"
"41","Ponderação Exposição","PERCENTUAL(2)","Cod_FatorPonderacao","33050067","67,5% / 05 60<LTV<80% MOEDA DIFERENTE / 3 RESIDENCIAL COM DEPENDENCIA EXTERIOR / 3 IMOVEL / Inc. III art. 51, art. 55","67.5"
"41","Ponderação Exposição","PERCENTUAL(2)","Cod_FatorPonderacao","33060075","75% / 06 90<LTV<100% / 3 RESIDENCIAL COM DEPENDENCIA EXTERIOR / 3 IMOVEL / Inc. V art. 51","75"
"41","Ponderação Exposição","PERCENTUAL(2)","Cod_FatorPonderacao","33070090","90% / 07 80<LTV<90% - MOEDA DIFERENTE / 3 RESIDENCIAL COM DEPENDENCIA EXTERIOR / 3 IMOVEL / Inc. IV art. 51, art. 55","90"
"41","Ponderação Exposição","PERCENTUAL(2)","Cod_FatorPonderacao","33080105","105% / 08 LTV>100% / 3 RESIDENCIAL COM DEPENDENCIA EXTERIOR / 3 IMOVEL / Inc. VI art. 51","105"
"41","Ponderação Exposição","PERCENTUAL(2)","Cod_FatorPonderacao","33090112","112,5% / 09 90<LTV<100% MOEDA DIFERENTE / 3 RESIDENCIAL COM DEPENDENCIA EXTERIOR / 3 IMOVEL / Inc. V art. 51, art. 55","112.5"
"41","Ponderação Exposição","PERCENTUAL(2)","Cod_FatorPonderacao","33100150","150% / 10 LTV>100% MOEDA DIFERENTE / 3 RESIDENCIAL COM DEPENDENCIA EXTERIOR / 3 IMOVEL / Inc. VI art. 51, art. 55","150"
"41","Ponderação Exposição","PERCENTUAL(2)","Cod_FatorPonderacao","33110045","45% / 11 LTV <50% MOEDA DIFERENTE / 3 RESIDENCIAL COM DEPENDENCIA EXTERIOR / 3 IMOVEL / Inc. I art. 51, art. 55","45"
"41","Ponderação Exposição","PERCENTUAL(2)","Cod_FatorPonderacao","34000050","50% / 00 PATRIMÔNIO DE AFETAÇÃO / 4 FINANCIAMENTO / 3 IMOVEL / art. 86","50"
"41","Ponderação Exposição","PERCENTUAL(2)","Cod_FatorPonderacao","35000060","60% / 00 BRASIL LTV<60% - FPR DEVEDOR > 60% / 5 NÃO RESIDENCIAL SEM DEPENDENCIA  / 3 IMOVEL / Inc. I do art. 52","60"
"41","Ponderação Exposição","PERCENTUAL(2)","Cod_FatorPonderacao","35010060","60% / 01 EXTERIOR LTV<60% - FPR DEVEDOR > 60% / 5 NÃO RESIDENCIAL SEM DEPENDENCIA  / 3 IMOVEL / Inc. I do art. 52","60"
"41","Ponderação Exposição","PERCENTUAL(2)","Cod_FatorPonderacao","35030085","85% / 03 BRASIL LTV>60% - FPR 85% / 5 NÃO RESIDENCIAL SEM DEPENDENCIA  / 3 IMOVEL / Art. 52, inc. II, art. 36","85"
"41","Ponderação Exposição","PERCENTUAL(2)","Cod_FatorPonderacao","35040085","85% / 04 EXTERIOR LTV>60% - FPR 85% / 5 NÃO RESIDENCIAL SEM DEPENDENCIA  / 3 IMOVEL / Art. 52, inc. II, art. 36","85"
"41","Ponderação Exposição","PERCENTUAL(2)","Cod_FatorPonderacao","35050100","100% / 05 BRASIL - LTV>60% PJ FPR 100% / 5 NÃO RESIDENCIAL SEM DEPENDENCIA  / 3 IMOVEL / Art. 52, inc. II, art. 41","100"
"41","Ponderação Exposição","PERCENTUAL(2)","Cod_FatorPonderacao","35060100","100% / 06 EXTERIOR - LTV>60% PJ FPR 100% / 5 NÃO RESIDENCIAL SEM DEPENDENCIA  / 3 IMOVEL / Art. 52, inc. II, art. 41","100"
"41","Ponderação Exposição","PERCENTUAL(2)","Cod_FatorPonderacao","35070100","100% / 07 BRASIL - LTV>60% PF FPR 100% / 5 NÃO RESIDENCIAL SEM DEPENDENCIA  / 3 IMOVEL / Art. 52, inc. II, art. 48","100"
"41","Ponderação Exposição","PERCENTUAL(2)","Cod_FatorPonderacao","35080100","100% / 08 EXTERIOR - LTV>60% PF FPR 100% / 5 NÃO RESIDENCIAL SEM DEPENDENCIA  / 3 IMOVEL / Art. 52, inc. II, art. 48","100"
"41","Ponderação Exposição","PERCENTUAL(2)","Cod_FatorPonderacao","35090065","65% / 09 BRASIL LTV>60% - FPR 65% / 5 NÃO RESIDENCIAL SEM DEPENDENCIA  / 3 IMOVEL / Art. 52, inc. II, art. 35","65"
"41","Ponderação Exposição","PERCENTUAL(2)","Cod_FatorPonderacao","35100065","65% / 10 EXTERIOR LTV>60% - FPR 65% / 5 NÃO RESIDENCIAL SEM DEPENDENCIA  / 3 IMOVEL / Art. 52, inc. II, art. 35","65"
"41","Ponderação Exposição","PERCENTUAL(2)","Cod_FatorPonderacao","35110075","75% / 00 IMOVEL CONCLUÍDO  - PESSOA VAREJO - LTV >60% - BRASIL / 7 EXPOSIÇÃO VINCULADA A IMÓVEL / 3 IMOVEL / Art. 46, §5º, art. 52, inc. II","75"
"41","Ponderação Exposição","PERCENTUAL(2)","Cod_FatorPonderacao","35120075","75% / 01 IMOVEL CONCLUÍDO  - PESSOA VAREJO - LTV >60% - EXTERIOR / 7 EXPOSIÇÃO VINCULADA A IMÓVEL / 3 IMOVEL / Art. 46, §5º, art. 52, inc. II","75"
"41","Ponderação Exposição","PERCENTUAL(2)","Cod_FatorPonderacao","36000070","70% / 00 BRASIL LTV<60% / 6 NÃO RESIDENCIAL COM DEPENDENCIA / 3 IMOVEL / Inc. I art. 53","70"
"41","Ponderação Exposição","PERCENTUAL(2)","Cod_FatorPonderacao","36010070","70% / 01 EXTERIOR LTV<60% / 6 NÃO RESIDENCIAL COM DEPENDENCIA / 3 IMOVEL / Inc. I art. 53","70"
"41","Ponderação Exposição","PERCENTUAL(2)","Cod_FatorPonderacao","36020090","90% / 02 BRASIL 60<LTV<80% / 6 NÃO RESIDENCIAL COM DEPENDENCIA / 3 IMOVEL / Inc. II art. 53","90"
"41","Ponderação Exposição","PERCENTUAL(2)","Cod_FatorPonderacao","36030090","90% / 03 EXTERIOR 60<LTV<80% / 6 NÃO RESIDENCIAL COM DEPENDENCIA / 3 IMOVEL / Inc. II art. 53","90"
"41","Ponderação Exposição","PERCENTUAL(2)","Cod_FatorPonderacao","36040110","110% / 04 BRASIL LTV>80% / 6 NÃO RESIDENCIAL COM DEPENDENCIA / 3 IMOVEL / Inc. III art. 53","110"
"41","Ponderação Exposição","PERCENTUAL(2)","Cod_FatorPonderacao","36050110","110% / 05 EXTERIOR LTV>80% / 6 NÃO RESIDENCIAL COM DEPENDENCIA / 3 IMOVEL / Inc. III art. 53","110"
"41","Ponderação Exposição","PERCENTUAL(2)","Cod_FatorPonderacao","37020075","75% / 02 PATRIMÔNIO DE AFETAÇÃO - CONTRAPARTE VAREJO / 7 EXPOSIÇÃO VINCULADA A IMÓVEL / 3 IMOVEL / Art. 46, §5º, art. 54, inc. I","75"
"41","Ponderação Exposição","PERCENTUAL(2)","Cod_FatorPonderacao","37030075","75% / 03 UNIDADE JÁ VENDIDA - BRASIL - VAREJO / 7 EXPOSIÇÃO VINCULADA A IMÓVEL / 3 IMOVEL / Art. 54, §2º, art. 46","75"
"41","Ponderação Exposição","PERCENTUAL(2)","Cod_FatorPonderacao","37040075","75% / 04 UNIDADE JÁ VENDIDA - EXTERIOR - VAREJO / 7 EXPOSIÇÃO VINCULADA A IMÓVEL / 3 IMOVEL / Art. 54, §2º, art. 46","75"
"41","Ponderação Exposição","PERCENTUAL(2)","Cod_FatorPonderacao","37050075","75% / 05 NÃO EMP. IMOBILIÁRIO - BRASIL - NÃO DEPENDENTE - VAREJO / 7 EXPOSIÇÃO VINCULADA A IMÓVEL / 3 IMOVEL / Art. 54, §3º, art. 46","75"
"41","Ponderação Exposição","PERCENTUAL(2)","Cod_FatorPonderacao","37060075","75% / 06 NÃO EMP. IMOBILIÁRIO - EXTERIOR - NÃO DEPENDENTE - VAREJO / 7 EXPOSIÇÃO VINCULADA A IMÓVEL / 3 IMOVEL / Art. 54, §3º, art. 46","75"
"41","Ponderação Exposição","PERCENTUAL(2)","Cod_FatorPonderacao","37070085","85% / 07 PATRIMÔNIO DE AFETAÇÃO - CONTRAPARTE 85% / 7 EXPOSIÇÃO VINCULADA A IMÓVEL / 3 IMOVEL / Art. 54, inc. I,  art. 36","85"
"41","Ponderação Exposição","PERCENTUAL(2)","Cod_FatorPonderacao","37080085","85% / 08 UNIDADE JÁ VENDIDA - BRASIL - CONTRAPARTE 85% / 7 EXPOSIÇÃO VINCULADA A IMÓVEL / 3 IMOVEL / Art. 54, §2º, art. 36","85"
"41","Ponderação Exposição","PERCENTUAL(2)","Cod_FatorPonderacao","37090085","85% / 09 UNIDADE JÁ VENDIDA - EXTERIOR - CONTRAPARTE 85%  / 7 EXPOSIÇÃO VINCULADA A IMÓVEL / 3 IMOVEL / Art. 54, §2º, art. 36","85"
"41","Ponderação Exposição","PERCENTUAL(2)","Cod_FatorPonderacao","37100085","85% / 10 NÃO EMP. IMOBILIÁRIO - BRASIL - NÃO DEPENDENTE - CONTRAPARTE 85% / 7 EXPOSIÇÃO VINCULADA A IMÓVEL / 3 IMOVEL / Art. 54, §3º, art. 36","85"
"41","Ponderação Exposição","PERCENTUAL(2)","Cod_FatorPonderacao","37110100","100% / 11 PATRIMÔNIO DE AFETAÇÃO - PJ - CONTRAPARTE 100% / 7 EXPOSIÇÃO VINCULADA A IMÓVEL / 3 IMOVEL / Art. 54, inc. I,  art. 41","100"
"41","Ponderação Exposição","PERCENTUAL(2)","Cod_FatorPonderacao","37120100","100% / 12 PATRIMÔNIO DE AFETAÇÃO - PF - CONTRAPARTE 100% / 7 EXPOSIÇÃO VINCULADA A IMÓVEL / 3 IMOVEL / Art. 54, inc. I,  art. 48","100"
"41","Ponderação Exposição","PERCENTUAL(2)","Cod_FatorPonderacao","37130100","100% / 13 UNIDADE JÁ VENDIDA - BRASIL - CONTRAPARTE 100% / 7 EXPOSIÇÃO VINCULADA A IMÓVEL / 3 IMOVEL / Art. 54, §2º, art. 41, art. 48","100"
"41","Ponderação Exposição","PERCENTUAL(2)","Cod_FatorPonderacao","37140100","100% / 14 UNIDADE JÁ VENDIDA - EXTERIOR - CONTRAPARTE 100% / 7 EXPOSIÇÃO VINCULADA A IMÓVEL / 3 IMOVEL / Art. 54, §2º, art. 41, art. 48","100"
"41","Ponderação Exposição","PERCENTUAL(2)","Cod_FatorPonderacao","37150100","100% / 15 NÃO EMP. IMOBILIÁRIO - BRASIL - CONTRAPARTE 100% / 7 EXPOSIÇÃO VINCULADA A IMÓVEL / 3 IMOVEL / Art. 54, §3º, art. 41, art. 48","100"
"41","Ponderação Exposição","PERCENTUAL(2)","Cod_FatorPonderacao","37160100","100% / 16 NÃO EMP. IMOBILIÁRIO - EXTERIOR - CONTRAPARTE 100% / 7 EXPOSIÇÃO VINCULADA A IMÓVEL / 3 IMOVEL / Art. 54, §3º, art. 41, art. 48","100"
"41","Ponderação Exposição","PERCENTUAL(2)","Cod_FatorPonderacao","37170100","100% / 17 EMP. IMOBILIÁRIO - BRASIL - FINANC. <50% - ATENDIDAS CONDIÇÕES / 7 EXPOSIÇÃO VINCULADA A IMÓVEL / 3 IMOVEL / Art. 54, §1º, inc. II","100"
"41","Ponderação Exposição","PERCENTUAL(2)","Cod_FatorPonderacao","37180100","100% / 18 EMP. IMOBILIÁRIO - EXTERIOR - FINANC. <50% - ATENDIDAS CONDIÇÕES / 7 EXPOSIÇÃO VINCULADA A IMÓVEL / 3 IMOVEL / Art. 54,  §1º, inc. II","100"
"41","Ponderação Exposição","PERCENTUAL(2)","Cod_FatorPonderacao","37190150","150% / 19 BRASIL - NÃO ATENDIDAS CONDIÇÕES / 7 EXPOSIÇÃO VINCULADA A IMÓVEL / 3 IMOVEL / Art. 54","150"
"41","Ponderação Exposição","PERCENTUAL(2)","Cod_FatorPonderacao","37200150","150% / 20 EXTERIOR -  NÃO ATENDIDAS CONDIÇÕES / 7 EXPOSIÇÃO VINCULADA A IMÓVEL / 3 IMOVEL / Art. 54","150"
"41","Ponderação Exposição","PERCENTUAL(2)","Cod_FatorPonderacao","37210085","85% / 21 NÃO EMP. IMOBILIÁRIO - EXTERIOR - NÃO DEPENDENTE - CONTRAPARTE 85% / 7 EXPOSIÇÃO VINCULADA A IMÓVEL / 3 IMOVEL / Art. 54, §3º, art. 36","85"
"41","Ponderação Exposição","PERCENTUAL(2)","Cod_FatorPonderacao","40","75%","75"
"41","Ponderação Exposição","PERCENTUAL(2)","Cod_FatorPonderacao","40000075","75% / 00 EXPOSIÇÕES BRASIL / 0 VAREJO / 4 CONTRAPARTES / art. 46","75"
"41","Ponderação Exposição","PERCENTUAL(2)","Cod_FatorPonderacao","40010075","75% / 01 EXPOSIÇÕES EXTERIOR / 0 VAREJO / 4 CONTRAPARTES / art. 46","75"
"41","Ponderação Exposição","PERCENTUAL(2)","Cod_FatorPonderacao","40020045","45% / 02 PÓS PAGO SEM ATRASO BRASIL / 0 VAREJO / 4 CONTRAPARTES / Inc. I art. 47, art. 46","45"
"41","Ponderação Exposição","PERCENTUAL(2)","Cod_FatorPonderacao","40030045","45% / 03 PÓS PAGO SEM ATRASO EXTERIOR / 0 VAREJO / 4 CONTRAPARTES / Inc. I art. 47, art. 46","45"
"41","Ponderação Exposição","PERCENTUAL(2)","Cod_FatorPonderacao","40040045","45% / 04 LIMITE DE CREDITO SEM SAQUE BRASIL / 0 VAREJO / 4 CONTRAPARTES / Inc. II art. 47, art. 46","45"
"41","Ponderação Exposição","PERCENTUAL(2)","Cod_FatorPonderacao","40050045","45% / 05 LIMITE DE CREDITO SEM SAQUE EXTERIOR / 0 VAREJO / 4 CONTRAPARTES / Inc. II art. 47, art. 46","45"
"41","Ponderação Exposição","PERCENTUAL(2)","Cod_FatorPonderacao","41000065","65% / 00 EXPOSIÇÕES BRASIL / 1 GRANDE PORTE / 4 CONTRAPARTES / Art. 35","65"
"41","Ponderação Exposição","PERCENTUAL(2)","Cod_FatorPonderacao","41010065","65% / 01 EXPOSIÇÕES EXTERIOR / 1 GRANDE PORTE / 4 CONTRAPARTES / Art. 35","65"
"41","Ponderação Exposição","PERCENTUAL(2)","Cod_FatorPonderacao","42000112","112,5% / 00 EXPOSIÇÕES BRASIL / 2 VAREJO MOEDA DIFERENTE / 4 CONTRAPARTES / art. 46, art. 55","112.5"
"41","Ponderação Exposição","PERCENTUAL(2)","Cod_FatorPonderacao","42010112","112,5% / 01 EXPOSIÇÕES EXTERIOR / 2 VAREJO MOEDA DIFERENTE / 4 CONTRAPARTES / art. 46, art. 55","112.5"
"41","Ponderação Exposição","PERCENTUAL(2)","Cod_FatorPonderacao","42020067","67,5% / 02 PÓS PAGO SEM ATRASO BRASIL / 2 VAREJO MOEDA DIFERENTE / 4 CONTRAPARTES / Inc. I art. 47, art. 46, art. 55","67.5"
"41","Ponderação Exposição","PERCENTUAL(2)","Cod_FatorPonderacao","42030067","67,5% / 03 PÓS PAGO SEM ATRASO EXTERIOR / 2 VAREJO MOEDA DIFERENTE / 4 CONTRAPARTES / Inc. I art. 47, art. 46, art. 55","67.5"
"41","Ponderação Exposição","PERCENTUAL(2)","Cod_FatorPonderacao","42040067","67,5% / 04 LIMITE DE CREDITO SEM SAQUE BRASIL / 2 VAREJO MOEDA DIFERENTE / 4 CONTRAPARTES / Inc. II art. 47, art. 46, art. 55","67.5"
"41","Ponderação Exposição","PERCENTUAL(2)","Cod_FatorPonderacao","42050067","67,5% / 05 LIMITE DE CREDITO SEM SAQUE EXTERIOR / 2 VAREJO MOEDA DIFERENTE / 4 CONTRAPARTES / Inc. II art. 47, art. 46, art. 55","67.5"
"41","Ponderação Exposição","PERCENTUAL(2)","Cod_FatorPonderacao","43000085","85% / 00 EXPOSIÇÕES BRASIL / 3 PEQUENO MÉDIO PORTE / 4 CONTRAPARTES / Art. 36","85"
"41","Ponderação Exposição","PERCENTUAL(2)","Cod_FatorPonderacao","43010085","85% / 01 EXPOSIÇÕES EXTERIOR / 3 PEQUENO MÉDIO PORTE / 4 CONTRAPARTES / Art. 36","85"
"41","Ponderação Exposição","PERCENTUAL(2)","Cod_FatorPonderacao","44000100","100% / 00 BRASIL / 4 GENÉRICO / 4 CONTRAPARTES / inc. I Art. 22;","100"
"41","Ponderação Exposição","PERCENTUAL(2)","Cod_FatorPonderacao","44010100","100% / 01 EXTERIOR / 4 GENÉRICO / 4 CONTRAPARTES / inc. I Art. 22;","100"
"41","Ponderação Exposição","PERCENTUAL(2)","Cod_FatorPonderacao","45000100","100% / 00 BRASIL / 5 PJ DIREITO PRIVADO / 4 CONTRAPARTES / art. 41","100"
"41","Ponderação Exposição","PERCENTUAL(2)","Cod_FatorPonderacao","45010100","100% / 01 EXTERIOR / 5 PJ DIREITO PRIVADO / 4 CONTRAPARTES / art. 41","100"
"41","Ponderação Exposição","PERCENTUAL(2)","Cod_FatorPonderacao","46000100","100% / 00 BRASIL / 6 PF / 4 CONTRAPARTES / art. 48","100"
"41","Ponderação Exposição","PERCENTUAL(2)","Cod_FatorPonderacao","46010100","100% / 01 EXTERIOR / 6 PF / 4 CONTRAPARTES / art. 48","100"
"41","Ponderação Exposição","PERCENTUAL(2)","Cod_FatorPonderacao","47000020","20% / 00 OPERAÇÕES / 7 PJ INTEGRANTE SIS. COOP. / 4 CONTRAPARTES / Inc. II art. 80","20"
"41","Ponderação Exposição","PERCENTUAL(2)","Cod_FatorPonderacao","5","2%","2"
"41","Ponderação Exposição","PERCENTUAL(2)","Cod_FatorPonderacao","50","100%","100"
"41","Ponderação Exposição","PERCENTUAL(2)","Cod_FatorPonderacao","50000080","80% / 00 OPERACIONAL QUALIDADE BRASIL / 0 PROJETO / 5 FIN. ESPECIALIZADO / art. 40","80"
"41","Ponderação Exposição","PERCENTUAL(2)","Cod_FatorPonderacao","50010080","80% / 01 OPERACIONAL QUALIDADE EXTERIOR / 0 PROJETO / 5 FIN. ESPECIALIZADO / art. 40","80"
"41","Ponderação Exposição","PERCENTUAL(2)","Cod_FatorPonderacao","50020100","100% / 02 OPERACIONAL - FLUXO DE CAIXA SUFICIENTE - BRASIL  / 0 PROJETO / 5 FIN. ESPECIALIZADO / art. 39","100"
"41","Ponderação Exposição","PERCENTUAL(2)","Cod_FatorPonderacao","50030100","100% / 03 OPERACIONAL - FLUXO DE CAIXA SUFICIENTE - EXTERIOR  / 0 PROJETO / 5 FIN. ESPECIALIZADO / art. 39","100"
"41","Ponderação Exposição","PERCENTUAL(2)","Cod_FatorPonderacao","50040130","130% / 04 NÃO ENQUADRADO NOS FPR DE 80 E 100% - BRASIL / 0 PROJETO / 5 FIN. ESPECIALIZADO / art. 38","130"
"41","Ponderação Exposição","PERCENTUAL(2)","Cod_FatorPonderacao","50050130","130% / 05 NÃO ENQUADRADO NOS FPR DE 80 E 100% - EXTERIOR / 0 PROJETO / 5 FIN. ESPECIALIZADO / art. 38","130"
"41","Ponderação Exposição","PERCENTUAL(2)","Cod_FatorPonderacao","51000100","100% / 00 BEM FINANCIADO BRASIL / 1 OBJETO ESPECÍFICO / 5 FIN. ESPECIALIZADO / art. 37, §1º","100"
"41","Ponderação Exposição","PERCENTUAL(2)","Cod_FatorPonderacao","51010100","100% / 01 BEM FINANCIADO EXTERIOR / 1 OBJETO ESPECÍFICO / 5 FIN. ESPECIALIZADO / art. 37, §1º","100"
"41","Ponderação Exposição","PERCENTUAL(2)","Cod_FatorPonderacao","52000100","100% / 00 COMMODITIES OU RECEBÍVEIS BRASIL / 2 COMMODITIES / 5 FIN. ESPECIALIZADO / art. 37, §2º","100"
"41","Ponderação Exposição","PERCENTUAL(2)","Cod_FatorPonderacao","52010100","100% / 01 COMMODITIES OU RECEBÍVEIS EXTERIOR / 2 COMMODITIES / 5 FIN. ESPECIALIZADO / art. 37, §2º","100"
"41","Ponderação Exposição","PERCENTUAL(2)","Cod_FatorPonderacao","588","588%","588"
"41","Ponderação Exposição","PERCENTUAL(2)","Cod_FatorPonderacao","60000002","2% / 00 COMPROM QCCP / 0  DIRETO - CARTEIRA PRÓPRIA / 6 CCP / Inc. III art. 67 e art. 69","2"
"41","Ponderação Exposição","PERCENTUAL(2)","Cod_FatorPonderacao","61000002","2% / 00 COMPROM QCCP / 1 INDIRETO - CARTEIRA PRÓPRIA / 6 CCP / Inc. III art. 67 e inc. I art. 70","2"
"41","Ponderação Exposição","PERCENTUAL(2)","Cod_FatorPonderacao","61010002","2% / 01 BEM DIREITO JUNTO QCCP / 1 INDIRETO - CARTEIRA PRÓPRIA / 6 CCP / Inc. IV art. 67 e inc. I art. 74","2"
"41","Ponderação Exposição","PERCENTUAL(2)","Cod_FatorPonderacao","62000002","2% / 00 COMPROM QCCP / 2 MEMBRO COMPE - CLIENTE / 6 CCP / Alínea ""b"", inc. V art. 67 e inc. I art. 71","2"
"41","Ponderação Exposição","PERCENTUAL(2)","Cod_FatorPonderacao","62010002","2% / 01 BEM DIREITO JUNTO QCCP / 2 MEMBRO COMPE - CLIENTE / 6 CCP / Inc. VI art. 67 e art. 73","2"
"41","Ponderação Exposição","PERCENTUAL(2)","Cod_FatorPonderacao","63000002","2% / 00 COMPROM QCCP / 3 INDIRETO - CLIENTE / 6 CCP / Alínea ""b"", inc. V art. 67 e inc. II art. 71","2"
"41","Ponderação Exposição","PERCENTUAL(2)","Cod_FatorPonderacao","63010002","2% / 01 BEM DIREITO JUNTO QCCP / 3 INDIRETO - CLIENTE / 6 CCP / Inc. VI art. 67 e inc. I art. 74","2"
"41","Ponderação Exposição","PERCENTUAL(2)","Cod_FatorPonderacao","64010002","2% / 01 BEM DIREITO JUNTO QCCP / 4 MEMBRO COMPE - CARTEIRA PROPRIA / 6 CCP / Inc. IV art. 67 e art. 73","2"
"41","Ponderação Exposição","PERCENTUAL(2)","Cod_FatorPonderacao","65000004","4% / 00 COMPROM QCCP / 5 INDIRETO  - CARTEIRA PRÓPRIA - AT. PARCIAL / 6 CCP / Inc. III art. 67 e inc. II art. 70","4"
"41","Ponderação Exposição","PERCENTUAL(2)","Cod_FatorPonderacao","65010004","4% / 01 BEM DIREITO JUNTO QCCP / 5 INDIRETO  - CARTEIRA PRÓPRIA - AT. PARCIAL / 6 CCP / Inc. IV art. 67 e inc. II art. 74","4"
"41","Ponderação Exposição","PERCENTUAL(2)","Cod_FatorPonderacao","66000004","4% / 00 COMPROM QCCP / 6 INDIRETO - CLIENTE - AT. PARCIAL / 6 CCP / Alínea ""b"", inc. V art. 67 e inc. II art. 71","4"
"41","Ponderação Exposição","PERCENTUAL(2)","Cod_FatorPonderacao","66010004","4% / 01 BEM DIREITO JUNTO QCCP / 6 INDIRETO - CLIENTE - AT. PARCIAL / 6 CCP / Inc. VI art. 67 e inc. II art. 74","4"
"41","Ponderação Exposição","PERCENTUAL(2)","Cod_FatorPonderacao","67000020","20% / 00 COMPRO QCCP FPR IF 20% / 7 INDIRETO - PRÓPRIA - NÃO ATENDE / 6 CCP / Inc. III art. 67 e inc. III art. 70","20"
"41","Ponderação Exposição","PERCENTUAL(2)","Cod_FatorPonderacao","67010020","20% / 01 BEM DIREITO JUNTO QCCP FPR IF 20% / 7 INDIRETO - PRÓPRIA - NÃO ATENDE / 6 CCP / Inc. IV, art. 67 e art. 74, inc. III","20"
"41","Ponderação Exposição","PERCENTUAL(2)","Cod_FatorPonderacao","67030030","30% / 03 COMPRO QCCP FPR IF 30% / 7 INDIRETO - PRÓPRIA - NÃO ATENDE / 6 CCP / Inc. III art. 67 e inc. III art. 70","30"
"41","Ponderação Exposição","PERCENTUAL(2)","Cod_FatorPonderacao","67040040","40% / 04 COMPRO QCCP FPR IF 40% / 7 INDIRETO - PRÓPRIA - NÃO ATENDE / 6 CCP / Inc. III art. 67 e inc. III art. 70","40"
"41","Ponderação Exposição","PERCENTUAL(2)","Cod_FatorPonderacao","67050050","50% / 05 COMPRO QCCP FPR IF 50% / 7 INDIRETO - PRÓPRIA - NÃO ATENDE / 6 CCP / Inc. III art. 67 e inc. III art. 70","50"
"41","Ponderação Exposição","PERCENTUAL(2)","Cod_FatorPonderacao","67060075","75% / 06 COMPRO QCCP FPR IF 75% / 7 INDIRETO - PRÓPRIA - NÃO ATENDE / 6 CCP / Inc. III art. 67 e inc. III art. 70","75"
"41","Ponderação Exposição","PERCENTUAL(2)","Cod_FatorPonderacao","67070150","150% / 07 COMPRO QCCP FPR IF 150% / 7 INDIRETO - PRÓPRIA - NÃO ATENDE / 6 CCP / Inc. III art. 67 e inc. III art. 70","150"
"41","Ponderação Exposição","PERCENTUAL(2)","Cod_FatorPonderacao","67080030","30% / 08 BEM DIREITO JUNTO QCCP FPR IF 30% / 7 INDIRETO - PRÓPRIA - NÃO ATENDE / 6 CCP / Inc. IV, art. 67 e art. 74, inc. III","30"
"41","Ponderação Exposição","PERCENTUAL(2)","Cod_FatorPonderacao","67090040","40% / 09 BEM DIREITO JUNTO QCCP FPR IF 40% / 7 INDIRETO - PRÓPRIA - NÃO ATENDE / 6 CCP / Inc. IV, art. 67 e art. 74, inc. III","40"
"41","Ponderação Exposição","PERCENTUAL(2)","Cod_FatorPonderacao","67100050","50% / 10 BEM DIREITO JUNTO QCCP FPR IF 50% / 7 INDIRETO - PRÓPRIA - NÃO ATENDE / 6 CCP / Inc. IV, art. 67 e art. 74, inc. III","50"
"41","Ponderação Exposição","PERCENTUAL(2)","Cod_FatorPonderacao","67110075","75% / 11 BEM DIREITO JUNTO QCCP FPR IF 75% / 7 INDIRETO - PRÓPRIA - NÃO ATENDE / 6 CCP / Inc. IV, art. 67 e art. 74, inc. III","75"
"41","Ponderação Exposição","PERCENTUAL(2)","Cod_FatorPonderacao","67120150","150% / 12 BEM DIREITO JUNTO QCCP FPR IF 150% / 7 INDIRETO - PRÓPRIA - NÃO ATENDE / 6 CCP / Inc. IV, art. 67 e art. 74, inc. III","150"
"41","Ponderação Exposição","PERCENTUAL(2)","Cod_FatorPonderacao","68000020","20% / 00 COMPRO QCCP FPR IF 20% / 8 INDIRETO - CLIENTE - NÃO ATENDE / 6 CCP / Alínea ""b"", inc. V art. 67 e inc. II art. 71","20"
"41","Ponderação Exposição","PERCENTUAL(2)","Cod_FatorPonderacao","68030030","30% / 03 COMPRO QCCP FPR IF 30% / 8 INDIRETO - CLIENTE - NÃO ATENDE / 6 CCP / Alínea ""b"", inc. V art. 67 e inc. II art. 71","30"
"41","Ponderação Exposição","PERCENTUAL(2)","Cod_FatorPonderacao","68040040","40% / 04 COMPRO QCCP FPR IF 40% / 8 INDIRETO - CLIENTE - NÃO ATENDE / 6 CCP / Alínea ""b"", inc. V art. 67 e inc. II art. 71","40"
"41","Ponderação Exposição","PERCENTUAL(2)","Cod_FatorPonderacao","68050050","50% / 05 COMPRO QCCP FPR IF 50% / 8 INDIRETO - CLIENTE - NÃO ATENDE / 6 CCP / Alínea ""b"", inc. V art. 67 e inc. II art. 71","50"
"41","Ponderação Exposição","PERCENTUAL(2)","Cod_FatorPonderacao","68060075","75% / 06 COMPRO QCCP FPR IF 75% / 8 INDIRETO - CLIENTE - NÃO ATENDE / 6 CCP / Alínea ""b"", inc. V art. 67 e inc. II art. 71","75"
"41","Ponderação Exposição","PERCENTUAL(2)","Cod_FatorPonderacao","68070150","150% / 07 COMPRO QCCP FPR IF 150% / 8 INDIRETO - CLIENTE - NÃO ATENDE / 6 CCP / Alínea ""b"", inc. V art. 67 e inc. II art. 71","150"
"41","Ponderação Exposição","PERCENTUAL(2)","Cod_FatorPonderacao","69000000","0% / 00 CLIENTE SOBERANO 0% / 9 NQCCP / 6 CCP / Art. 77","0"
"41","Ponderação Exposição","PERCENTUAL(2)","Cod_FatorPonderacao","69010020","20% / 01 EXPOSIÇÕES IF FPR 20% / 9 NQCCP / 6 CCP / Art. 76, art. 33, inc. I, art. 30, art. 29, inc. I","20"
"41","Ponderação Exposição","PERCENTUAL(2)","Cod_FatorPonderacao","69020030","30% / 02 EXPOSIÇÕES IF FPR 30% / 9 NQCCP / 6 CCP / Art. 76, art. 33, inc. I, art. 30, art. 29, inc. I e II","30"
"41","Ponderação Exposição","PERCENTUAL(2)","Cod_FatorPonderacao","69030040","40% / 03 EXPOSIÇÕES IF FPR 40% / 9 NQCCP / 6 CCP / Art. 76, art. 33, inc. I, art. 30, art. 29, inc. I e II","40"
"41","Ponderação Exposição","PERCENTUAL(2)","Cod_FatorPonderacao","69040050","50% / 04 EXPOSIÇÕES IF FPR 50% / 9 NQCCP / 6 CCP / Art. 76, art. 33, inc. II, art. 31, art. 29, inc. I e II","50"
"41","Ponderação Exposição","PERCENTUAL(2)","Cod_FatorPonderacao","69050065","65% / 05 CLIENTE FPR 65% / 9 NQCCP / 6 CCP / Art. 77, art. 35","65"
"41","Ponderação Exposição","PERCENTUAL(2)","Cod_FatorPonderacao","69060075","75% / 06 EXPOSIÇÕES IF FPR 75% / 9 NQCCP / 6 CCP / Art. 76, art. 33, inc. II, art. 31, art. 29, inc. I e II","75"
"41","Ponderação Exposição","PERCENTUAL(2)","Cod_FatorPonderacao","69070085","85% / 07 CLIENTE FPR 85% / 9 NQCCP / 6 CCP / Art. 77, art. 36","85"
"41","Ponderação Exposição","PERCENTUAL(2)","Cod_FatorPonderacao","69080100","100% / 08 CLIENTE FPR 100% / 9 NQCCP / 6 CCP / Art. 77, art. 41, art. 48","100"
"41","Ponderação Exposição","PERCENTUAL(2)","Cod_FatorPonderacao","69090150","150% / 09 EXPOSIÇÕES IF FPR 150% / 9 NQCCP / 6 CCP / Art. 76, inc. III, art. 33, art. 32, art. 29, inc. I","150"
"41","Ponderação Exposição","PERCENTUAL(2)","Cod_FatorPonderacao","70009999","9999% / 00 PONDERAÇÃO CALCULADA / 0 BRASIL / 7 FUNDOS/SEC / Art. 62","9999"
"41","Ponderação Exposição","PERCENTUAL(2)","Cod_FatorPonderacao","71009999","9999% / 00 PONDERAÇÃO CALCULADA / 1 EXTERIOR / 7 FUNDOS/SEC / Art. 62","9999"
"41","Ponderação Exposição","PERCENTUAL(2)","Cod_FatorPonderacao","72000150","150% / 00 FACULDADE DO S2 AO S4 / 2 INFERIDO / 7 FUNDOS/SEC / §2º do art. 59","150"
"41","Ponderação Exposição","PERCENTUAL(2)","Cod_FatorPonderacao","73001250","1250% / 00 FPR APLICAVEL AO VALOR DAS COTAS / 3 NÃO IDENTIFICADO NÃO INFERIDO / 7 FUNDOS/SEC / Art. 59, inc.II, art. 17 e art. 18","1250"
"41","Ponderação Exposição","PERCENTUAL(2)","Cod_FatorPonderacao","74001250","1250% / 00 FPR APLICAVEL AO VALOR DAS COTAS / 4 SEM LIMITE DE ALAVANCAGEM / 7 FUNDOS/SEC / Art. 59, inc. II, art. 18, §6º","1250"
"41","Ponderação Exposição","PERCENTUAL(2)","Cod_FatorPonderacao","75001250","1250% / 00 FPR APLICAVEL AO ATIVO DO FUNDO DEDUZIDO DO MONTANTE IDENTIFICADO / 5 PARCELA NÃO IDENTIFICADA / 7 FUNDOS/SEC / Art. 59, inc. II, art. 17, §8º","1250"
"41","Ponderação Exposição","PERCENTUAL(2)","Cod_FatorPonderacao","76001250","1250% / 00 NÃO QCCP / 6 FUNDO MUTUALIZADO / 7 FUNDOS/SEC / art. 75","1250"
"41","Ponderação Exposição","PERCENTUAL(2)","Cod_FatorPonderacao","76011250","1250% / 01 NÃO QCCP - AUMENTO DE PARTICIPAÇÃO / 6 FUNDO MUTUALIZADO / 7 FUNDOS/SEC / Parágrafo único art. 75","1250"
"41","Ponderação Exposição","PERCENTUAL(2)","Cod_FatorPonderacao","769","7.69","769"
"41","Ponderação Exposição","PERCENTUAL(2)","Cod_FatorPonderacao","77000100","100% / 00 NÃO ENQUADRADO NO ART. 59 / 7 EXPOSIÇÃO NÃO RELACIONADA A COTAS DETIDAS / 7 FUNDOS/SEC / Art. 60","100"
"41","Ponderação Exposição","PERCENTUAL(2)","Cod_FatorPonderacao","78000150","150% / 00 SEM CONHECIMENTO ATIVO PROBLEMATICO / 8 IDENTIFICADO / 7 FUNDOS/SEC / §1º do art. 59","150"
"41","Ponderação Exposição","PERCENTUAL(2)","Cod_FatorPonderacao","80000100","100% / 00 PART. SOCIETARIA / 0 SIST. COOP. / 8 PARTICIPAÇÃO / Inc. II art. 43","100"
"41","Ponderação Exposição","PERCENTUAL(2)","Cod_FatorPonderacao","81000100","100% / 00 PARTICIPAÇÃO - BRASIL - 2023 / 1 NÃO BOLSA - NÃO INTEGRADA - NÃO PERMANENE / 8 PARTICIPAÇÃO / Inc. I art. 43 e  Alínea ""a""  do inc. I art. 85","100"
"41","Ponderação Exposição","PERCENTUAL(2)","Cod_FatorPonderacao","81010100","100% / 01 PARTICIPAÇÃO - EXTERIOR - 2023 / 1 NÃO BOLSA - NÃO INTEGRADA - NÃO PERMANENE / 8 PARTICIPAÇÃO / Inc. I art. 43 e  Alínea ""a""  do inc. I art. 85","100"
"41","Ponderação Exposição","PERCENTUAL(2)","Cod_FatorPonderacao","81020160","160% / 02 PARTICIPAÇÃO - BRASIL - 2024 / 1 NÃO BOLSA - NÃO INTEGRADA - NÃO PERMANENE / 8 PARTICIPAÇÃO / Inc. I art. 43 e  Alínea ""b""  do inc. I art. 85","160"
"41","Ponderação Exposição","PERCENTUAL(2)","Cod_FatorPonderacao","81030160","160% / 03 PARTICIPAÇÃO - EXTERIOR - 2024 / 1 NÃO BOLSA - NÃO INTEGRADA - NÃO PERMANENE / 8 PARTICIPAÇÃO / Inc. I art. 43 e  Alínea ""b""  do inc. I art. 85","160"
"41","Ponderação Exposição","PERCENTUAL(2)","Cod_FatorPonderacao","81040220","220% / 04 PARTICIPAÇÃO - BRASIL - 2025 / 1 NÃO BOLSA - NÃO INTEGRADA - NÃO PERMANENE / 8 PARTICIPAÇÃO / Inc. I art. 43 e  Alínea ""c""  do inc. I art. 85","220"
"41","Ponderação Exposição","PERCENTUAL(2)","Cod_FatorPonderacao","81050220","220% / 05 PARTICIPAÇÃO - EXTERIOR - 2025 / 1 NÃO BOLSA - NÃO INTEGRADA - NÃO PERMANENE / 8 PARTICIPAÇÃO / Inc. I art. 43 e  Alínea ""c""  do inc. I art. 85","220"
"41","Ponderação Exposição","PERCENTUAL(2)","Cod_FatorPonderacao","81060280","280% / 06 PARTICIPAÇÃO - BRASIL - 2026 / 1 NÃO BOLSA - NÃO INTEGRADA - NÃO PERMANENE / 8 PARTICIPAÇÃO / Inc. I art. 43 e  Alínea ""d""  do inc. I art. 85","280"
"41","Ponderação Exposição","PERCENTUAL(2)","Cod_FatorPonderacao","81070280","280% / 07 PARTICIPAÇÃO - EXTERIOR - 2026 / 1 NÃO BOLSA - NÃO INTEGRADA - NÃO PERMANENE / 8 PARTICIPAÇÃO / Inc. I art. 43 e  Alínea ""d""  do inc. I art. 85","280"
"41","Ponderação Exposição","PERCENTUAL(2)","Cod_FatorPonderacao","81080340","340% / 08 PARTICIPAÇÃO - BRASIL - 2027 / 1 NÃO BOLSA - NÃO INTEGRADA - NÃO PERMANENE / 8 PARTICIPAÇÃO / Inc. I art. 43 e  Alínea ""e""  do inc. I art. 85","340"
"41","Ponderação Exposição","PERCENTUAL(2)","Cod_FatorPonderacao","81090340","340% / 09 PARTICIPAÇÃO - EXTERIOR - 2027 / 1 NÃO BOLSA - NÃO INTEGRADA - NÃO PERMANENE / 8 PARTICIPAÇÃO / Inc. I art. 43 e  Alínea ""e""  do inc. I art. 85","340"
"41","Ponderação Exposição","PERCENTUAL(2)","Cod_FatorPonderacao","81100400","400% / 10 PARTICIPAÇÃO - BRASIL - 2028 EM DIANTE / 1 NÃO BOLSA - NÃO INTEGRADA - NÃO PERMANENE / 8 PARTICIPAÇÃO / Inc. I art. 43 e  Alínea ""f""  do inc. I art. 85","400"
"41","Ponderação Exposição","PERCENTUAL(2)","Cod_FatorPonderacao","81110400","400% / 11 PARTICIPAÇÃO - EXTERIOR - 2028 EM DIANTE / 1 NÃO BOLSA - NÃO INTEGRADA - NÃO PERMANENE / 8 PARTICIPAÇÃO / Inc. I art. 43 e  Alínea ""f""  do inc. I art. 85","400"
"41","Ponderação Exposição","PERCENTUAL(2)","Cod_FatorPonderacao","82000100","100% / 00 PARTICIPAÇÃO  - 2023 / 2 BOLSA - NÃO SIST. COOP.  OU INTEGRADA OU PERMANENTE / 8 PARTICIPAÇÃO / Inc. III art. 43 e alínea ""a"" inc. II art. 85","100"
"41","Ponderação Exposição","PERCENTUAL(2)","Cod_FatorPonderacao","82010130","130% / 01 PARTICIPAÇÃO  - 2024 / 2 BOLSA - NÃO SIST. COOP.  OU INTEGRADA OU PERMANENTE / 8 PARTICIPAÇÃO / Inc. III art. 43 e alínea ""b"" inc. II art. 85","130"
"41","Ponderação Exposição","PERCENTUAL(2)","Cod_FatorPonderacao","82020160","160% / 02 PARTICIPAÇÃO  - 2025 / 2 BOLSA - NÃO SIST. COOP.  OU INTEGRADA OU PERMANENTE / 8 PARTICIPAÇÃO / Inc. III art. 43 e alínea ""c"" inc. II art. 85","160"
"41","Ponderação Exposição","PERCENTUAL(2)","Cod_FatorPonderacao","82030190","190% / 03 PARTICIPAÇÃO  - 2026 / 2 BOLSA - NÃO SIST. COOP.  OU INTEGRADA OU PERMANENTE / 8 PARTICIPAÇÃO / Inc. III art. 43 e alínea ""d"" inc. II art. 85","190"
"41","Ponderação Exposição","PERCENTUAL(2)","Cod_FatorPonderacao","82040220","220% / 04 PARTICIPAÇÃO  - 2027 / 2 BOLSA - NÃO SIST. COOP.  OU INTEGRADA OU PERMANENTE / 8 PARTICIPAÇÃO / Inc. III art. 43 e alínea ""e"" inc. II art. 85","220"
"41","Ponderação Exposição","PERCENTUAL(2)","Cod_FatorPonderacao","82050250","250% / 05 PARTICIPAÇÃO  - 2028 EM DIANTE / 2 BOLSA - NÃO SIST. COOP.  OU INTEGRADA OU PERMANENTE / 8 PARTICIPAÇÃO / Inc. III art. 43 e alínea ""f"" inc. II art. 85","250"
"41","Ponderação Exposição","PERCENTUAL(2)","Cod_FatorPonderacao","83000250","250% / 00 PARTICIPAÇÃO / 3 NÃO DEDUZIDO BASQUET / 8 PARTICIPAÇÃO / art. 42","250"
"41","Ponderação Exposição","PERCENTUAL(2)","Cod_FatorPonderacao","833","833%","833"
"41","Ponderação Exposição","PERCENTUAL(2)","Cod_FatorPonderacao","84001250","1250% / 00 A 15% DO PR OU AGREGADAMENTE A 60% / 4 EXCEDENTE EM NÃO FINACEIRA / 8 PARTICIPAÇÃO / art. 45","1250"
"41","Ponderação Exposição","PERCENTUAL(2)","Cod_FatorPonderacao","90","-100%","-100"
"41","Ponderação Exposição","PERCENTUAL(2)","Cod_FatorPonderacao","90000000","0% / 00 OURO / 0 OURO / 9 OUTROS / Inc. I art. 79","0"
"41","Ponderação Exposição","PERCENTUAL(2)","Cod_FatorPonderacao","91000000","0% / 00 ADIANTAMENTO / 1 FGC/FGCOOP / 9 OUTROS / Inc. II art. 79","0"
"41","Ponderação Exposição","PERCENTUAL(2)","Cod_FatorPonderacao","92000020","20% / 00 DIREITOS SOBRE NOVAÇÃO / 2 FCVS / 9 OUTROS / Inc. I art. 80","20"
"41","Ponderação Exposição","PERCENTUAL(2)","Cod_FatorPonderacao","93000050","50% / 00 PROVISAO > 50% BRASIL / 3 ATIVO PROBLEMATICO / 9 OUTROS / Inc. III, art. 66","50"
"41","Ponderação Exposição","PERCENTUAL(2)","Cod_FatorPonderacao","93010050","50% / 01 PROVISAO > 50% EXTERIOR / 3 ATIVO PROBLEMATICO / 9 OUTROS / Inc. III, art. 66","50"
"41","Ponderação Exposição","PERCENTUAL(2)","Cod_FatorPonderacao","93020100","100% / 02 20<PROVISAO<50% BRASIL / 3 ATIVO PROBLEMATICO / 9 OUTROS / Alínea ""a"", inc. II, art. 66","100"
"41","Ponderação Exposição","PERCENTUAL(2)","Cod_FatorPonderacao","93030100","100% / 03 20<PROVISAO<50% EXTERIOR / 3 ATIVO PROBLEMATICO / 9 OUTROS / Alínea ""a"", inc. II, art. 66","100"
"41","Ponderação Exposição","PERCENTUAL(2)","Cod_FatorPonderacao","93040100","100% / 04 GAR. IMOVEL SEM DEPENDENCIA - BRASIL / 3 ATIVO PROBLEMATICO / 9 OUTROS / Alínea ""b"", inc. II, art. 66","100"
"41","Ponderação Exposição","PERCENTUAL(2)","Cod_FatorPonderacao","93050100","100% / 05 GAR. IMOVEL SEM DEPENDENCIA - EXTERIOR / 3 ATIVO PROBLEMATICO / 9 OUTROS / Alínea ""b"", inc. II, art. 66","100"
"41","Ponderação Exposição","PERCENTUAL(2)","Cod_FatorPonderacao","93060150","150% / 06 PROVISAO <20% BRASIL / 3 ATIVO PROBLEMATICO / 9 OUTROS / Inc. I Art. 66","150"
"41","Ponderação Exposição","PERCENTUAL(2)","Cod_FatorPonderacao","93070150","150% / 07 PROVISAO <20% EXTERIOR / 3 ATIVO PROBLEMATICO / 9 OUTROS / Inc. I Art. 66","150"
"41","Ponderação Exposição","PERCENTUAL(2)","Cod_FatorPonderacao","94000100","100% / 00 CGPE/PEC / 4 CREDITO TRIBUTARIO / 9 OUTROS / Art. 82","100"
"41","Ponderação Exposição","PERCENTUAL(2)","Cod_FatorPonderacao","94010100","100% / 01 PCLD / 4 CREDITO TRIBUTARIO / 9 OUTROS / Art. 82","100"
"41","Ponderação Exposição","PERCENTUAL(2)","Cod_FatorPonderacao","94020250","250% / 02 NÃO DEDUZIDOS BASKET / 4 CREDITO TRIBUTARIO / 9 OUTROS / art. 83","250"
"41","Ponderação Exposição","PERCENTUAL(2)","Cod_FatorPonderacao","94030300","300% / 03 PREJUÍZO FISCAL / 4 CREDITO TRIBUTARIO / 9 OUTROS / art. 84","300"
"41","Ponderação Exposição","PERCENTUAL(2)","Cod_FatorPonderacao","94040100","100% / 04 DESENROLA BRASIL / 4 CRÉDITO TRIBUTÁRIO / 9 OUTROS / MP 1176/2023","100"
"41","Ponderação Exposição","PERCENTUAL(2)","Cod_FatorPonderacao","94050100","100% - Créditos tributários decorrentes de diferenças temporárias que podem gerar crédito presumido no âmbito do Programa de Renegociação de Dívidas de Microempreendedores Individuais - MEIs, Microempresas e Empresas de Pequeno Porte - Desenrola Pequenos Negócios, objeto da Medida Provisória 1.213, de 22 de abril de 2024.","100"
"41","Ponderação Exposição","PERCENTUAL(2)","Cod_FatorPonderacao","95000050","50% / 00 EXPOSIÇÕES DE CREDITO / 5 FGC - FGCOOP / 9 OUTROS / Inc. I art. 81","50"
"41","Ponderação Exposição","PERCENTUAL(2)","Cod_FatorPonderacao","96000050","50% / 00 OPERAÇÕES DE CRÉDITO / 6 CONTA DESENV. ENERG. (CDE) / 9 OUTROS / Inc. II art. 81","50"
"41","Ponderação Exposição","PERCENTUAL(2)","Cod_FatorPonderacao","97000000","0% / 00 EXPOSIÇÃO/ 0 BRASIL / 9 PRECATÓRIOS / 0 UNIÃO / §4º Art. 84-A","0"
"41","Ponderação Exposição","PERCENTUAL(2)","Cod_FatorPonderacao","97010000","0% / 00 EXPOSIÇÃO/ 0 BRASIL / 9 DIREITOS DE CRÉDITO / 0 UNIÃO / § 4ºArt. 84-A","0"
"41","Ponderação Exposição","PERCENTUAL(2)","Cod_FatorPonderacao","97020100","100% / 00 EXPOSIÇÃO/ 0 BRASIL / 9 PRECATÓRIOS / 0 DF, ESTADOS E MUNICÍPIOS / §4º Art. 84-A","100"
"41","Ponderação Exposição","PERCENTUAL(2)","Cod_FatorPonderacao","97030100","100% / 00 EXPOSIÇÃO/ 0 BRASIL / 9 DIREITOS DE CRÉDITO / 0 DF, ESTADOS E MUNICÍPIOS / §4º Art. 84-A","100"
"41","Ponderação Exposição","PERCENTUAL(2)","Cod_FatorPonderacao","97040100","100% / 00 EXPOSIÇÃO/ 0 BRASIL / 9 PRECATÓRIOS / 0 UNIÃO / Inc. I Art. 84-A","100"
"41","Ponderação Exposição","PERCENTUAL(2)","Cod_FatorPonderacao","97050150","150% / 00 EXPOSIÇÃO/ 0 BRASIL / 9 PRECATÓRIOS / 0 DF, ESTADOS E MUNICÍPIOS / Inc. II Art. 84-A","150"
"41","Ponderação Exposição","PERCENTUAL(2)","Cod_FatorPonderacao","97060200","200% / 00 EXPOSIÇÃO/ 0 BRASIL / 9 DIREITOS DE CRÉDITO / 0 UNIÃO / Inc. III ºArt. 84-A","200"
"41","Ponderação Exposição","PERCENTUAL(2)","Cod_FatorPonderacao","97070300","300% / 00 EXPOSIÇÃO/ 0 BRASIL / 9 DIREITOS DE CRÉDITO / 0 DF, ESTADOS E MUNICÍPIOS / Inc. IV Art. 84-A","300"
"41","Ponderação Exposição","PERCENTUAL(2)","Cod_FatorPonderacao","97080600","600% / 00 EXPOSIÇÃO/ 0 BRASIL / 9 PRECATÓRIOS / 0 UNIÃO, DF, ESTADOS E MUNICÍPIOS / Inc. V Art. 84-A","600"
"41","Ponderação Exposição","PERCENTUAL(2)","Cod_FatorPonderacao","97091250","1250% / 00 EXPOSIÇÃO/ 0 BRASIL / 9 DIREITOS DE CRÉDITO / 0 UNIÃO, DF, ESTADOS E MUNICÍPIOS / Alínea ""a"" Inc. VI Art. 84-A","1250"
"41","Ponderação Exposição","PERCENTUAL(2)","Cod_FatorPonderacao","97101250","1250% / 00 EXPOSIÇÃO/ 0 BRASIL / 9 PRECATÓRIOS E DIREITOS DE CRÉDITO / 0 UNIÃO, DF, ESTADOS E MUNICÍPIOS / Alínea ""B"" Inc. VI Art. 84-A","1250"
"41","Ponderação Exposição","PERCENTUAL(2)","Cod_FatorPonderacao","97111250","1250% / 00 EXPOSIÇÃO/ 0 BRASIL / 9 PRECATÓRIOS E DIREITOS DE CRÉDITO / 0 UNIÃO, DF, ESTADOS E MUNICÍPIOS / §6º Art. 84-A","1250"
"41","Ponderação Exposição","PERCENTUAL(2)","Cod_FatorPonderacao","99099999","0% / 09 NÃO EXPOSIÇÃO / 9 NÃO PONDERADOS / 9 OUTROS /","0"
"42","Mitigador de Risco","PERCENTUAL(2)","Cod_Mitigador","0","Não se aplica","100"
"42","Mitigador de Risco","PERCENTUAL(2)","Cod_Mitigador","101","0% - Depósitos à vista, caso não haja descasamento entre as moedas em que são denominados ou indexados a exposição e o respectivo colateral financeiro. Aplicável em operações compromissadas e de empréstimos de ativos quando atendidos os incisos I a VII do art. 10 da Circ. 3.809/16.","0"
"42","Mitigador de Risco","PERCENTUAL(2)","Cod_Mitigador","102","0% - Depósitos a prazo, depósitos interfinanceiros, letras financeiras, letras de crédito imobiliário, letras de crédito do agronegócio, letras de arrendamento mercantil, letras imobiliárias garantidas e certificados de operações estruturadas (COE).","0"
"42","Mitigador de Risco","PERCENTUAL(2)","Cod_Mitigador","103","0% - Depósitos de poupança, caso não haja descasamento entre as moedas em que são denominados ou indexados a exposição e o respectivo colateral financeiro. Aplicável em operações compromissadas e de empréstimos de ativos quando atendidos os incisos I a VII do art. 10 da Circ. 3.809/16.","0"
"42","Mitigador de Risco","PERCENTUAL(2)","Cod_Mitigador","105","0% - Notas de crédito vinculadas (credit linked notes)  Venc em até 3 meses, caso não haja descasamento entre as moedas em que são denominados ou indexados a exposição e o respectivo colat. financeiro. As notas de crédito vinculadas devem ser de emissão própria, ter sido integralizadas em espécie e atender a todas as disposições aplicáveis aos deriv. de créd. menc. nos arts. 19, 20 e 24 do Circ. 3.809/16. Aplicável em oper. compr. e de empr. de ativo qdo atend. inc. I a VII art. 10 Circ. 3809","0"
"42","Mitigador de Risco","PERCENTUAL(2)","Cod_Mitigador","106","0% - Títulos Públicos Federais, caso não haja descasamento entre as moedas em que são denominados ou indexados a exposição e o respectivo colateral financeiro, objeto de operações compromissadas e empréstimo de ativos, sem aplicação de redutor de 20% sobre o valor do mitigador, desde que atendidos os requisitos dos incisos I a VII do art. 10 da Circ. 3.809/16. Não cabe a aplicação deste código para operação com instrumento financeiro derivativo realizada no mercado de balcão.","0"
"42","Mitigador de Risco","PERCENTUAL(2)","Cod_Mitigador","107","0% - Títulos emitidos por governos centrais de jurisdições estrangeiras e respectivos bancos centrais quando o colateral receber FPR de 0% (zero por cento), nos termos da Resolução BCB 229/2022, caso não haja descasamento entre as moedas em que são denominados ou indexados a exposição e o respectivo colateral financeiro, objeto de operações compromissadas e empréstimo de ativos","0"
"42","Mitigador de Risco","PERCENTUAL(2)","Cod_Mitigador","108","0% - Títs de créd, emit por entids listadas no art. 19, inc V, da Circ. 3.644/13, caso não haja descasamento entre as moedas em que são denominados ou index a exp e o respect colat financeiro, obj de oper compr e emprést de ativos, sem aplic de redutor de 20% sobre o vr do mitigador, desde que atendidos os requisitos dos incs I a VII do art. 10 da Circ. 3.809/16. Não cabe a aplic deste cód para oper com instr financ deriv realiz no merc de balcão.","0"
"42","Mitigador de Risco","PERCENTUAL(2)","Cod_Mitigador","109","0% - TPFs, caso não haja descasamento entre as moedas em que são denominados ou indexados a exp e o respec colat financ. Aplicável, com aplicação de redutor de 20% sobre o vr do mitigador, em oper compromissadas desde que atendido o requisito do inciso I do art. 10 da Circ. 3.809/16. Não cabe a aplicação deste código para operação com instrumento financeiro derivativo realizada no mercado de balcão.","0"
"42","Mitigador de Risco","PERCENTUAL(2)","Cod_Mitigador","110","0% - Títulos emitidos por governos centrais de jurisdições estrangeiras e respectivos bancos centrais quando o colateral receber FPR de 0% (zero por cento), nos termos da Resolução BCB nº 229, de 2022, caso não haja descasamento entre as moedas em que são denominados ou indexados a exposição e o respectivo colateral financeiro","0"
"42","Mitigador de Risco","PERCENTUAL(2)","Cod_Mitigador","111","0% - Títs de créd, emitidos por entids listadas no art. 19, inc V, da Circ. 3.644/13, caso não haja descasamento entre as moedas em que são denominados ou indexados a expos e o respect colat financ. Aplicável, com aplicação de redutor de 20% sobre o vr do mitig, em opers comproms desde que atendido o requisito do inc I do art. 10 da Circ. 3.809/16. Não cabe a aplicação deste cód para oper c/ instr financ derivativo realizada no mercado de balcão.","0"
"42","Mitigador de Risco","PERCENTUAL(2)","Cod_Mitigador","112","0% - Ativs classificados nos códs de 101 a 111 e 209 a 211 que sejam subjacs à Títs de securitização de classe sênior, sem retenção substancial de riscos, em que seja possível a identificação dos ativos subjacs e que possuam FPR médio ponderado inferior a 100%. Não são reconhecidos como colaterais financeiros os títulos de securitização de classe sênior associados à ressecuritização, conforme definida no art. 115, inciso XXV, da Circ. 3.648/13.","0"
"42","Mitigador de Risco","PERCENTUAL(2)","Cod_Mitigador","113","0% - Ativs classif nos códs de 101 a 112 e 209 a 211 detidos por fdos de investim na proporção das cotas detidas de Fdos de Invest oferecidos como colateral financeiro. Podem ser reconhecidos como colat financ cotas de fdos que tenham no mínimo 95% dos ativos do fundo constituídos por colaterais financeiros tratados nos inc. I a IX, do art. 4º da Circ. 3.809/16, e instr financ derivs p/ hedge destes ativos, e apenas a parcela correspondente a estes instr pode ser reconhecida na mitigação de ris","0"
"42","Mitigador de Risco","PERCENTUAL(2)","Cod_Mitigador","115","0% - Garantias providas pela União e o Banco Central do Brasil ou por governos centrais e respectivos bancos centrais quando receber FPR de 0% (zero por cento), nos termos da Resolução BCB nº 229, de 2022.","0"
"42","Mitigador de Risco","PERCENTUAL(2)","Cod_Mitigador","116","0% - Garantias providas por entidades mencionadas no art. 19, inciso V, da Circ. 3.644/13. Na abordagem simples o vencimento residual do instrumento de mitigação de risco deve ser igual ou superior ao prazo residual da exposição. Na abordagem abrangente, relativamente ao prazo do instrumento mitigador, deve-se observar os art. 25 e 26 da Circ. 3.809/16.","0"
"42","Mitigador de Risco","PERCENTUAL(2)","Cod_Mitigador","118","0% - Derivativos de Crédito providos por governos centrais e respectivos bancos centrais quando receber FPR de 0% (zero por cento), nos termos da Resolução BCB nº 229, de 2022. Na abordagem simples o vencimento residual do instrumento de mitigação de risco deve ser igual ou superior ao prazo residual da exposição.","0"
"42","Mitigador de Risco","PERCENTUAL(2)","Cod_Mitigador","119","0% - Derivativos de Crédito providos por entidades mencionadas no art. 19, inciso V, da Circ. 3.644/13. Na abordagem simples o vencimento residual do instrumento de mitigação de risco deve ser igual ou superior ao prazo residual da exposição. Na abordagem abrangente, relativamente ao prazo do instrumento mitigador, deve-se observar os art. 25 e 26 da Circ. 3.809/16.","0"
"42","Mitigador de Risco","PERCENTUAL(2)","Cod_Mitigador","121","0% - Garantia prestada pela União ou pelo Banco Central do Brasil.","0"
"42","Mitigador de Risco","PERCENTUAL(2)","Cod_Mitigador","122","Gar. prest. por fdos ou quaisquer outros mecanismos de cobertura do risco de crédito instituídos pela CF ou lei federal, por lei do DF, estadual ou municipal, ou criados por organismos oficiais ou privados, desde q os recursos garantidores das oper estejam disponíveis ou aplicados em ativos de liquidez imediata e segregados em montante equivalente ao das garantias prest pelos referidos fundos ou mecanismos, de modo a cobrir, de imediato, eventual inadimplência por parte do respectivo tomador.","0"
"42","Mitigador de Risco","PERCENTUAL(2)","Cod_Mitigador","123","0% - Garantia prestada pelo Fundo de Garantia para Promoção da Competitividade (FGPC), criado pela Lei nº 9.531, de 10 de dezembro de 1997, a operações de financiamento realizadas pelo Banco Nacional de Desenvolvimento Econômico e Social (BNDES) ou por intermédio de instituições financeiras repassadoras.","0"
"42","Mitigador de Risco","PERCENTUAL(2)","Cod_Mitigador","124","0% - Garantia Constituída por recursos do Fundo de Participação dos Estados (FPE) ou do Fundo de Participação dos Municípios (FPM), previstos no art. 159 da Constituição Federal, concedida em operações de crédito celebradas até 8 de fevereiro de 2018.","0"
"42","Mitigador de Risco","PERCENTUAL(2)","Cod_Mitigador","125","12% - Operação de crédito concedida no âmbito Pronampe, instituído pela Lei nº 13.999, de 18 de maio de 2020.
O FPR de 12% está restrito às operações de crédito que compõem a carteira de instituição financeira composta exclusivamente por operações com garantias outorgadas pelo Fundo Garantidor de Operações (FGO) 12% - no âmbito do Pronampe, quando assegurado que o FGO:
I   garante 85% (oitenta e cinco por cento) da carteira; e
II   assume todas as perdas iniciais da carteira enquanto elas não ultrapassarem 85% (oitenta e cinco por cento) do valor total da carteira. ","12"
"42","Mitigador de Risco","PERCENTUAL(2)","Cod_Mitigador","126","10% - Depósitos à vista  Este código pode ser considerado como mitigador de risco de crédito em operações compromissadas e de empréstimos de ativos quando não atendido o inciso I e atendidos os incisos II a VII do art. 10 da Circ. 3.809/16.","10"
"42","Mitigador de Risco","PERCENTUAL(2)","Cod_Mitigador","127","10% - Depósitos a prazo, depósitos interfinanceiros, letras financeiras, letras de crédito imobiliário, letras de crédito do agronegócio, letras de arrendamento mercantil, letras imobiliárias garantidas e certificados de operações estruturadas (COE), quando esses instrumentos forem de emissão própria e mantidos na própria instituição ou custodiados em seu favor por terceiros","10"
"42","Mitigador de Risco","PERCENTUAL(2)","Cod_Mitigador","128","10% - Depósitos de poupança  Este código pode ser considerado como mitigador de risco de crédito em operações compromissadas e de empréstimos de ativos quando não atendido o inciso I e atendidos os incisos II a VII do art. 10 da Circ. 3.809/16.","10"
"42","Mitigador de Risco","PERCENTUAL(2)","Cod_Mitigador","129","10% - Depósitos em ouro  Este código pode ser considerado como mitigador de risco de crédito em operações compromissadas e de empréstimos de ativos quando não atendido o inciso I e atendidos os incisos II a VII do art. 10 da Circ. 3.809/16.","10"
"42","Mitigador de Risco","PERCENTUAL(2)","Cod_Mitigador","130","10% - Notas de crédito vinculadas (credit linked notes)   Este código pode ser considerado como mitigador de risco de crédito em operações compromissadas e de empréstimos de ativos quando não atendido o inc. I e atendidos os inc. II a VII do art. 10 da Circ. 3.809/16.","10"
"42","Mitigador de Risco","PERCENTUAL(2)","Cod_Mitigador","131","10% - Títulos Públicos Federais, que sejam resultantes de operação com instrumento financeiro derivativo realizada no mercado de balcão marcada a mercado diariamente, caso não haja descasamento entre as moedas em que são denominados ou indexados a exposição e o respectivo colateral financeiro. Adicionalmente este código pode ser considerado como mitig de risco de crédito em oper compromissadas e de emprésts de ativos qdo não atendido o inc I e atendidos os inc II a VII do art. 10 Circ. 3809/16.","10"
"42","Mitigador de Risco","PERCENTUAL(2)","Cod_Mitigador","132","10% - Títulos emitidos por governos centrais de jurisdições estrangeiras e respectivos bancos centrais quando receber FPR de 0% (zero por cento), nos termos da Resolução BCB nº 229, de 2022, que seja resultante de operação com instrumento financeiro derivativo realizada no mercado de balcão marcada a mercado diariamente, caso não haja descasamento entre as moedas em que são denominados ou indexados a exposição e o respectivo colateral financeiro.","10"
"42","Mitigador de Risco","PERCENTUAL(2)","Cod_Mitigador","133","10% - Títs de créd, emits por entids listadas no art. 19, inc V, da Circ. 3.644/13, q seja resultante de oper com instr financeiro derivativo realizada no merc de balcão marcada a mercado diariamente, caso não haja descas entre as moedas em q são denominados ou indexados a exposição e o respectivo colat financ. Adicionalmente este cód pode ser considerado como MR de créd em oper compr e de empr de ativos qdo não atendido o inc I e atendidos os inc II a VII do art. 10 da Circ. 3.809/16.","10"
"42","Mitigador de Risco","PERCENTUAL(2)","Cod_Mitigador","134","10% - Ativos classificados nos códigos de 126 a 133 que sejam subjacentes à Títulos de securitização de classe sênior, sem retenção substancial de riscos, em que seja possível a identificação dos ativos subjacentes e que possuam Fator de Ponderação de Risco (FPR) médio ponderado inferior a 100%. Não são reconhecidos como colaterais financeiros os títulos de securitização de classe sênior associados à ressecuritização, conforme definida no art. 115, inciso XXV, da Circ. 3.648/13.","10"
"42","Mitigador de Risco","PERCENTUAL(2)","Cod_Mitigador","135","Ativos classificados nos códigos de 126 a 134 detidos por fundos de invest na proporção das cotas detidas de Fdos de Invest oferecidos como colat financeiro. Podem ser reconhecidos como colat financeiro cotas de fundos que tenham no mínimo 95% dos ativos do fundo constituídos por colaterais financeiros tratados nos inc. I a IX, do art. 4º da Circ. 3.809/16, e instrumentos financ derivat p/ hedge destes ativos, e apenas a parc correspondente a estes instr pode ser reconhecida na mitig de risco.","10"
"42","Mitigador de Risco","PERCENTUAL(2)","Cod_Mitigador","137","20% - Depósitos à vista, caso haja descasamento entre as moedas em que são denominados ou indexados a exposição e o respectivo colateral financeiro.","20"
"42","Mitigador de Risco","PERCENTUAL(2)","Cod_Mitigador","138","20% - Depósitos a prazo, depósitos interfinanceiros, letras financeiras, letras de crédito imobiliário, letras de crédito do agronegócio, letras de arrendamento mercantil, letras imobiliárias garantidas e certificados de operações estruturadas (COE), quando esses instrumentos forem de emissão própria e mantidos na própria instituição ou custodiados em seu favor por terceiros, caso haja descasamento entre as moedas em que são denominados ou indexados a exposição e o respectivo colateral financeiro.","20"
"42","Mitigador de Risco","PERCENTUAL(2)","Cod_Mitigador","139","20% - Depósitos de poupança, caso haja descasamento entre as moedas em que são denominados ou indexados a exposição e o respectivo colateral financeiro.","20"
"42","Mitigador de Risco","PERCENTUAL(2)","Cod_Mitigador","140","20% - Depósitos em ouro, caso haja descasamento entre as moedas em que são denominados ou indexados a exposição e o respectivo colateral financeiro.","20"
"42","Mitigador de Risco","PERCENTUAL(2)","Cod_Mitigador","141","20% - Notas de crédito vinculadas (credit linked notes) - caso haja descasamento entre as moedas em que são denominados ou indexados a exposição e o respectivo colateral financeiro.","20"
"42","Mitigador de Risco","PERCENTUAL(2)","Cod_Mitigador","142","20% - Títulos Públicos Federais, caso haja descasamento entre as moedas em que são denominados ou indexados a exposição e o respectivo colateral financeiro. Não cabe a aplicação deste código para operação com instrumento financeiro derivativo realizada no mercado de balcão.","20"
"42","Mitigador de Risco","PERCENTUAL(2)","Cod_Mitigador","143","20% - Títulos Públicos Federais, que seja resultante de operação com instrumento financeiro derivativo realizada no mercado de balcão marcada a mercado diariamente, caso haja descasamento entre as moedas em que são denominados ou indexados a exposição e o respectivo colateral financeiro.","20"
"42","Mitigador de Risco","PERCENTUAL(2)","Cod_Mitigador","144","20% - Títulos emitidos por governos centrais de jurisdições estrangeiras e respectivos bancos centrais, quando o colateral receber FPR de 0% (zero por cento), nos termos da Resolução BCB nº 229, de 2022, caso haja descasamento entre as moedas em que são denominados ou indexados a exposição e o respectivo colateral financeiro.","20"
"42","Mitigador de Risco","PERCENTUAL(2)","Cod_Mitigador","145","20% - Títulos emitidos por governos centrais de jurisdições estrangeiras e respectivos bancos centrais, quando o colateral receber FPR de 0% (zero por cento), nos termos da Resolução BCB nº 229, de 2022, que seja resultante de operação com instrumento financeiro derivativo realizada no mercado de balcão marcada a mercado diariamente, caso haja descasamento entre as moedas em que são denominados ou indexados a exposição e o respectivo colateral financeiro.","20"
"42","Mitigador de Risco","PERCENTUAL(2)","Cod_Mitigador","146","20% - Ativos classificados nos códigos de 137 a 145 e 245 que sejam subjacentes à Títulos de securitização de classe sênior, sem retenção substancial de riscos, em que seja possível a identificação dos ativos subjacentes e que possuam Fator de Ponderação de Risco (FPR) médio ponderado inferior a 100%. Não são reconhecidos como colaterais financeiros os títulos de securitização de classe sênior associados à ressecuritização, conforme definida no art. 115, inciso XXV, da Circ. 3.648/13.","20"
"42","Mitigador de Risco","PERCENTUAL(2)","Cod_Mitigador","147","20% - Ativs classif nos códs de 137 a 146 e 245 detidos por fdos de invest na proporção das cotas detidas de Fdos de Investimento oferecidos como colat financeiro. Podem ser reconhecidos como colat financ cotas de fdos q tenham no mín 95% dos ativos do fdo constituídos por colaterais financeiros tratados nos inc. I a IX, do art. 4º da Circ. 3.809/16, e instr financ derivativos p/ hedge destes ativos, e apenas a parc correspondente a estes instrumentos pode ser reconhecida na mitig de risco","20"
"42","Mitigador de Risco","PERCENTUAL(2)","Cod_Mitigador","149","20% - Garantias providas por instituições financeiras e demais instituições autorizadas a funcionar pelo Banco Central do Brasil, bem como instituições financeiras sediadas nas jurisdições de que trata o art. 4º, inc. IV, classificadas na categoria de risco A, conforme definições do art. 30 da Res. BCB 229, em operações com vencimento em até 90 dias corridos.","20"
"42","Mitigador de Risco","PERCENTUAL(2)","Cod_Mitigador","151","20% - Deriv de Crédito providos por inst. financ e demais instit autoriz a func p/ BCB, bem como inst financ sediadas nas juris de que trata o art. 19, inc VII, da Circ. 3.644/13. Na abord simples o venc residual do instr de mitigação de risco deve ser igual ou sup ao pzo residual da exp. Na abord abrangente, relativ ao pzo do instr mitig, deve-se obs os art. 25 e 26 da Circ. 3809/16. Este cod deve ser utiliz qdo o prov do mitig estiver suj ao FPR de 20% nos termos Circ. 3.644/13.","20"
"42","Mitigador de Risco","PERCENTUAL(2)","Cod_Mitigador","153","20% - Gar prest por empresas públ c/ as seguintes caract, cumulativ: I  sejam controladas pela União; II  tenham como obj principal a concessão de gars contra riscos e a adm e gestão de fdos c/ as caract elenc no art. 30, inc II da Circ. 3809/16; III - limitem o mont das gar prest ajust ao risco a, no máx, 5 vezes o seu PL, de forma a resg seu patrimônio, mesmo em sit de elevada inadimpl; IV - não prevejam limitação para a cobertura da inad suportada por seu patrimônio (stop-loss).","20"
"42","Mitigador de Risco","PERCENTUAL(2)","Cod_Mitigador","156","35% - Ativos com FPR de 35% que sejam subjacentes à Títulos de securitização de classe sênior, sem retenção substancial de riscos, em que seja possível a identificação dos ativos subjacentes e que possuam Fator de Ponderação de Risco (FPR) médio ponderado inferior a 100%. Não são reconhecidos como colaterais financeiros os títulos de securitização de classe sênior associados à ressecuritização, conforme definida no art. 115, inciso XXV, da Circ. 3.648/13.","35"
"42","Mitigador de Risco","PERCENTUAL(2)","Cod_Mitigador","157","35% - Ativos classif no cód 156 detidos por fundos de investimento na proporção das cotas detidas de Fdos de Investimento oferecidos como colateral financeiro. Podem ser reconhecidos como colat financeiro cotas de fdos q tenham no mín 95% dos ativos do fdo constituídos por colat financeiros tratados nos inc. I a IX, do art. 4º da Circ. 3809/16, e instr financeiros derivativos para hedge destes ativos, e apenas a parcela correspondente a estes instrumentos pode ser reconhecida na mitig de risco.","35"
"42","Mitigador de Risco","PERCENTUAL(2)","Cod_Mitigador","158","40% - Títulos de crédito emitidos pelas instituições financeiras que atendam aos seguintes requisitos: não possuam cláusula de subordinação; sejam emitidos por instituições classificadas na categoria de risco A de que trata o art. 30 da Resolução BCB nº 229, de 2022.","40"
"42","Mitigador de Risco","PERCENTUAL(2)","Cod_Mitigador","159","50% - Ativos com FPR de 50% que sejam subjacentes à Títulos de securitização de classe sênior, sem retenção substancial de riscos, em que seja possível a identificação dos ativos subjacentes e que possuam Fator de Ponderação de Risco (FPR) médio ponderado inferior a 100%. Não são reconhecidos como colaterais financeiros os títulos de securitização de classe sênior associados à ressecuritização, conforme definida no art. 115, inciso XXV, da Circ. 3.648/13.","50"
"42","Mitigador de Risco","PERCENTUAL(2)","Cod_Mitigador","160","50% - Ativos classif nos códs 158 e 159 detidos por fundos de investimento na proporção das cotas detidas de Fdos de Investimento oferecidos como colateral financeiro. Podem ser reconhecidos como colat financeiro cotas de fdos q tenham no mín 95% dos ativos do fdo constituídos por colat financeiros tratados nos inc. I a IX, do art. 4º da Circ. 3809/16, e instr financeiros derivativos para hedge destes ativos, e apenas a parcela correspond a estes instr pode ser reconhecida na mitig de risco.","50"
"42","Mitigador de Risco","PERCENTUAL(2)","Cod_Mitigador","162","40% - Garantias providas por instituições financeiras e demais instituições autorizadas a funcionar pelo Banco Central do Brasil, bem como instituições financeiras sediadas nas jurisdições de que trata o art. 4º, inc. IV, classificada na categoria de risco A, conforme definições do art. 30 da Res. BCB 229, em operações com vencimento superior a 90 dias corridos.","40"
"42","Mitigador de Risco","PERCENTUAL(2)","Cod_Mitigador","164","40% - Derivativos de Crédito providos por instituições financeiras e demais instituições autorizadas a funcionar pelo Banco Central do Brasil, bem como instituições financeiras sediadas nas jurisdições de que trata o art. 4º, inc. IV, classificada na categoria de risco A, conforme definições do art. 30 da Res. BCB 229.","40"
"42","Mitigador de Risco","PERCENTUAL(2)","Cod_Mitigador","166","Garantia prestada por fundos, exceto aquelas no âmbito do Pronampe, objeto do domínio 125 e 467 , exceptuado também por garantias do Fundo Garantidor de Investimentos   FGI, objeto dos domínios 266, 366 e 50% - 466, com as seguintes características, cumulativamente: (Vide instrução de Preenchimento).","50"
"42","Mitigador de Risco","PERCENTUAL(2)","Cod_Mitigador","167","50% - Garantia prestada por fundos, exceto Fundo Garantidor de Operações   FGO no âmbito do Pronampe, objeto do domínio 125 e Fundo Garantidor de Investimentos   FGI, objeto do domínio 267, com as seguintes características, cumulativamente (vide Instrução de Preenchimento).","50"
"42","Mitigador de Risco","PERCENTUAL(2)","Cod_Mitigador","168","50%- Repasse de descontos em folha de pagamento ou em benefícios de aposentadoria e pensão por morte, realizado por instituições governamentais federais dos poderes Legislativo, Executivo e Judiciário ou pelo Ministério Público da União, vinculado a operações de crédito consignado. A partir de 1º de setembro de 2018 não se aplica às exposições decorrentes de operações de cartão de crédito consignado.","50"
"42","Mitigador de Risco","PERCENTUAL(2)","Cod_Mitigador","170","75% - Ativos com FPR de 75% que sejam subjacentes à Títulos de securitização de classe sênior, sem retenção substancial de riscos, em que seja possível a identificação dos ativos subjacentes e que possuam Fator de Ponderação de Risco (FPR) médio ponderado inferior a 100%. Não são reconhecidos como colaterais financeiros os títulos de securitização de classe sênior associados à ressecuritização, conforme definida no art. 115, inciso XXV, da Circ. 3.648/13.","75"
"42","Mitigador de Risco","PERCENTUAL(2)","Cod_Mitigador","171","75% - Ativos classif no cód 170 detidos por fundos de investimento na proporção das cotas detidas de Fdos de Investimento oferecidos como colateral financeiro. Podem ser reconhecidos como colat financeiro cotas de fdos q tenham no mínimo 95% dos ativos do fdo constituídos por colat financeiros tratados nos inc. I a IX, do art. 4º da Circ. 3809/16, e instr financeiros derivativos para hedge destes ativos, e apenas a parc correspondente a estes instrum pode ser reconhecida na mitigação de risco.","75"
"42","Mitigador de Risco","PERCENTUAL(2)","Cod_Mitigador","173","65% - Títulos de crédito emitidos por entidades não financeiras que possuam: a) ações ou títulos de emissão própria listados em bolsa de valores ou registrados em mercado de balcão organizado sujeitos à regulação e supervisão governamental, no Brasil ou no exterior; e b) adequada capacidade de honrar suas obrigações financeiras nos termos pactuados.","65"
"42","Mitigador de Risco","PERCENTUAL(2)","Cod_Mitigador","174","65% - Ações emitidas por entidades não financeiras que possuam: a) ações ou títulos de emissão própria listados em bolsa de valores ou registrados em mercado de balcão organizado sujeitos à regulação e supervisão governamental, no Brasil ou no exterior; e b) adequada capacidade de honrar suas obrigações financeiras nos termos pactuados.","65"
"42","Mitigador de Risco","PERCENTUAL(2)","Cod_Mitigador","175","65% - Ativos com FPR de 65% que sejam subjacentes à Títulos de securitização de classe sênior, sem retenção substancial de riscos, em que seja possível a identificação dos ativos subjacentes e que possuam Fator de Ponderação de Risco (FPR) médio ponderado inferior a 100%.","65"
"42","Mitigador de Risco","PERCENTUAL(2)","Cod_Mitigador","176","65% - Ativos classif nos cód 173 a 175 detidos por fundos de investimento na proporção das cotas detidas de Fdos de Invest oferecidos como colateral financeiro. Podem ser reconhecidos como colat financeiro cotas de fdos q tenham no mínimo 95% dos ativos do fdo constituídos por colat financeiros tratados nos inc. I a IX, do art. 4º da Circ. 3.809/16, e instr financeiros derivativos p/ hedge destes ativos, e apenas a parcela correspondente a estes instr pode ser reconhecida na mitigação de risco.","65"
"42","Mitigador de Risco","PERCENTUAL(2)","Cod_Mitigador","178","65% - Garantias providas por pessoas jurídicas de direito privado não financeiras de grande porte sujeitas ao FPR de 65%. Na abordagem simples o vencimento residual do instrumento de mitigação de risco deve ser igual ou superior ao prazo residual da exposição. Na abordagem abrangente, relativamente ao prazo do instrumento mitigador, deve-se observar os art. 25 e 26 da Circ. 3.809/16.","65"
"42","Mitigador de Risco","PERCENTUAL(2)","Cod_Mitigador","180","65% - Derivativos de Crédito providos por entidades sujeitas ao FPR de 65%. Na abordagem simples o vencimento residual do instrumento de mitigação de risco deve ser igual ou superior ao prazo residual da exposição. Na abordagem abrangente, relativamente ao prazo do instrumento mitigador, deve-se observar os art. 25 e 26 da Circ. 3.809/16.","65"
"42","Mitigador de Risco","PERCENTUAL(2)","Cod_Mitigador","182","100% - Ativos com FPR de 100% que sejam subjacentes à Títulos de securitização de classe sênior, sem retenção substancial de riscos, em que seja possível a identificação dos ativos subjacentes e que possuam Fator de Ponderação de Risco (FPR) médio ponderado inferior a 100%.","100"
"42","Mitigador de Risco","PERCENTUAL(2)","Cod_Mitigador","183","100% - Ativos detidos por fundos de investimento com FPR de 100% na proporção das cotas detidas de Fdos de Invest oferecidos como colateral financeiro. Podem ser reconhecidos como colat financeiro cotas de fdos q tenham no mínimo 95% dos ativos do fundo constituídos por colat financeiros tratados nos inc. I a IX, do art. 4º da Circ. 3.809/16, e instr financeiros derivativos para hedge destes ativos, e apenas a parcela correspondente a estes instr pode ser reconhecida na mitigação de risco.","100"
"42","Mitigador de Risco","PERCENTUAL(2)","Cod_Mitigador","191","1250% - Ativos com FPR de 1250% que sejam subjacentes à Títulos de securitização de classe sênior, sem retenção substancial de riscos, em que seja possível a identificação dos ativos subjacentes e que possuam Fator de Ponderação de Risco (FPR) médio ponderado inferior a 100%.","1250"
"42","Mitigador de Risco","PERCENTUAL(2)","Cod_Mitigador","192","1.250% - Ativos detidos por fundos de investimento com FPR de 1250% na proporção das cotas detidas de Fdos de Invest oferecidos como colateral financeiro. Podem ser reconhecidos como colat financeiro cotas de fdos q tenham no mínimo 95% dos ativos do fdo constituídos por colat financeiros tratados nos inc. I a IX, do art. 4º da Circ. 3.809/16, e instr financeiros derivativos p/ hedge destes ativos, e apenas a parcela correspondente a estes instr pode ser reconhecida na mitigação de risco.","1250"
"42","Mitigador de Risco","PERCENTUAL(2)","Cod_Mitigador","196","Acordos bilaterais  para compensação e liquidação de obrigações, exceto operações compromissadas e de empréstimos de ativos previstas no código 197","0"
"42","Mitigador de Risco","PERCENTUAL(2)","Cod_Mitigador","197","Abordagem abrangente  aplicação de mitigador de risco de crédito por meio de acordos bilaterais para compensação e liquidação de obrigações em operações compromissadas e de empréstimos de ativos.","0"
"42","Mitigador de Risco","PERCENTUAL(2)","Cod_Mitigador","198","Abordagem abrangente -  aplicação de mitigador de risco de crédito com Colaterais Financeiros","0"
"42","Mitigador de Risco","PERCENTUAL(2)","Cod_Mitigador","201","20% - Garantias providas por QCCP, conforme definidas no art. 67, § 1º, da Resolução BCB nº 229, de 2022, em operações com vencimento em até 90 dias corridos.","20"
"42","Mitigador de Risco","PERCENTUAL(2)","Cod_Mitigador","202","40% - Garantias providas por QCCP, conforme definidas no art. 67, § 1º, da Resolução BCB nº 229, de 2022, em operações com vencimento acima de 90 dias corridos.","40"
"42","Mitigador de Risco","PERCENTUAL(2)","Cod_Mitigador","203","85% - Garantias providas por seguradoras sujeitas a requerimentos prudenciais consistentes com padrões internacionais, sujeitas ao FPR de 85%.","85"
"42","Mitigador de Risco","PERCENTUAL(2)","Cod_Mitigador","209","0% - Títulos Públicos Federais, caso não haja descasamento entre as moedas em que são denominados ou indexados a exposição e o respectivo colateral financeiro. Aplicável, com aplicação de redutor de 20% sobre o valor do mitigador, em operações compromissadas. Não cabe a aplicação deste código para operação com instrumento financeiro derivativo realizada no mercado de balcão.","0"
"42","Mitigador de Risco","PERCENTUAL(2)","Cod_Mitigador","210","0% - Títulos emitidos por governos centrais de jurisdições estrangeiras e respectivos bancos centrais quando o colateral receber FPR de 0% (zero por cento), nos termos da Resolução BCB nº 229, de 2022, caso não haja descasamento entre as moedas em que são denominados ou indexados a exposição e o respectivo colateral financeiro.","0"
"42","Mitigador de Risco","PERCENTUAL(2)","Cod_Mitigador","211","0% - Títulos de crédito, emitidos por entidades listadas no art. 19, inciso V, da Circ. 3.644/13, caso não haja descasamento entre as moedas em que são denominados ou indexados a exposição e o respectivo colateral financeiro. Aplicável, com aplicação de redutor de 20% sobre o valor do mitigador, em operações compromissadas. Não cabe a aplicação deste código para operação com instrumento financeiro derivativo realizada no mercado de balcão.","0"
"42","Mitigador de Risco","PERCENTUAL(2)","Cod_Mitigador","245","20% - Títulos de crédito emitidos por entidades listadas no art. 19, inciso V, da Circ. 3.644/13, que seja resultante de operação com instrumento financeiro derivativo realizada no mercado de balcão marcada a mercado diariamente, caso haja descasamento entre as moedas em que são denominados ou indexados a exposição e o respectivo colateral financeiro.","20"
"42","Mitigador de Risco","PERCENTUAL(2)","Cod_Mitigador","265","35% - Depósito a Prazo com Garantia Especial (DPGE) do Fundo Garantidor de Créditos (FGC) quando o titular do depósito for instituição financeira autorizada a funcionar pelo Banco Central do Brasil associada ao FGC.
O FPR de 35% deve ser aplicado ao valor total de créditos do titular contra a mesma instituição, respeitado o limite máximo de R$400.000.000,00 (quatrocentos milhões de reais) para o total dos créditos.","35"
"42","Mitigador de Risco","PERCENTUAL(2)","Cod_Mitigador","266","50% - Garantia prestada pelo Fundo Garantidor de Investimentos   FGI, que não sejam objeto do domínio 366,  com as seguintes características, cumulativamente:(Vide Instrução de Preenchimento).","50"
"42","Mitigador de Risco","PERCENTUAL(2)","Cod_Mitigador","267","50% - Garantia prestada pelo Fundo Garantidor de Investimentos   FGI, com as seguintes características, cumulativamente (vide Instrução de Preenchimento).","50"
"42","Mitigador de Risco","PERCENTUAL(2)","Cod_Mitigador","268","50% - Dir. saq anuais (saques-aniversário) s/ slds conta vinc. ao FGTS alien./cedidos fiduciariamente, em favor da detentora da exp, ao amparo do §3º do art. 20-D da Lei 8.036 11/05/1990, cujos slds em conta vinc. do FGTS, cumulat.:
a)tenham sido obj. bloqueio p/ saques pelo titular da conta p/ cumpr. de suas obrig. financ. frente à instit. credora; 
b)sejam destin. à transfer. da conta vinc. do FGTS diretam. à instit. credora na dt venc emprést. sem interven. do tomador do emprés.; e
c)sejam suficientes e dispon. p/ honrar principal e juros do emp. nos vencs.
Inc. IV art. 30 Circ. 3.809/16.","50"
"42","Mitigador de Risco","PERCENTUAL(2)","Cod_Mitigador","300","0% - Outros mitigadores não definidos na tabela com FPR de 0%.","0"
"42","Mitigador de Risco","PERCENTUAL(2)","Cod_Mitigador","301","20% - Outros mitigadores não definidos na tabela com FPR de 20%.","20"
"42","Mitigador de Risco","PERCENTUAL(2)","Cod_Mitigador","302","30% - Outros mitigadores não definidos na tabela com FPR de 30%.","30"
"42","Mitigador de Risco","PERCENTUAL(2)","Cod_Mitigador","303","40% - Outros mitigadores não definidos na tabela com FPR de 40%.","40"
"42","Mitigador de Risco","PERCENTUAL(2)","Cod_Mitigador","304","50% - Outros mitigadores não definidos na tabela com FPR de 50%.","50"
"42","Mitigador de Risco","PERCENTUAL(2)","Cod_Mitigador","305","65% - Outros mitigadores não definidos na tabela com FPR de 65%.","65"
"42","Mitigador de Risco","PERCENTUAL(2)","Cod_Mitigador","306","85% - Outros mitigadores não definidos na tabela com FPR de 85%.","85"
"42","Mitigador de Risco","PERCENTUAL(2)","Cod_Mitigador","307","100% - Outros mitigadores não definidos na tabela com FPR de 100%.","100"
"42","Mitigador de Risco","PERCENTUAL(2)","Cod_Mitigador","308","35% - Outros mitigadores não definidos na tabela com FPR de 35%. ","35"
"42","Mitigador de Risco","PERCENTUAL(2)","Cod_Mitigador","366","50% - Operações de crédito garantidas pelo Fundo Garantidor para Investimentos - FGI, pertencentes à carteira contratada no âmbito do Programa Emergencial de  Acesso a Crédito (PEAC) , instituído pela Lei 14.042, de 19.8.2020. Observado que quando a limitação da cobertura para a inadimplência suportada pelo fundo (stop-loss) da carteira da instituição credora se tornar inferior ao volume de operações em atraso superior a 90 (noventa) dias na carteira, deve ser aplicado o FPR original de cada tomador.","50"
"42","Mitigador de Risco","PERCENTUAL(2)","Cod_Mitigador","466","50% - Garantia prestado por fundos, no âmbito do Programa de Garantia aos Setores Críticos (PGSC), instituído pela Lei 14.148, de 3.5.2021. Observado que quando a limitação da cobertura para a inadimplência suportada pelo fundo (stop-loss) da carteira da instituição credora se tornar inferior ao volume de operações em atraso superior a 90 (noventa) dias na carteira, deve ser aplicado o FPR original de cada tomador.","50"
"42","Mitigador de Risco","PERCENTUAL(2)","Cod_Mitigador","467","50% - Garantia prestado por fundos, no âmbito do Programa Nacional de Apoio às Microempresas e Empresas de Pequeno Porte (Pronampe), instituído pela Lei nº 13.999, de 2020, quando não atendidas as condições do art. 27-A. Observado que quando a limitação da cobertura para a inadimplência suportada pelo fundo (stop-loss) da carteira da instituição credora se tornar inferior ao volume de operações em atraso superior a 90 (noventa) dias na carteira, deve ser aplicado o FPR original de cada tomador.","50"
"42","Mitigador de Risco","PERCENTUAL(2)","Cod_Mitigador","501","20% - Garantias providas por governos centrais e respectivos bancos centrais - de acordo com a respectiva classificação externa de risco igual ou superior A- e inferior a AA- ou classificação equivalente.","20"
"42","Mitigador de Risco","PERCENTUAL(2)","Cod_Mitigador","502","20% - Derivativos de Crédito providos por governos centrais e respectivos bancos centrais -de acordo com a respectiva classificação externa de risco igual ou superior A- e inferior a AA- ou classificação equivalente.","20"
"42","Mitigador de Risco","PERCENTUAL(2)","Cod_Mitigador","503","30% - Derivativos de Crédito providos por instituições financeiras e demais instituições autorizadas a funcionar pelo Banco Central do Brasil, bem como instituições financeiras sediadas nas jurisdições de que trata o 4º, inc. IV.","30"
"42","Mitigador de Risco","PERCENTUAL(2)","Cod_Mitigador","504","30% - Títulos de crédito emitidos pelas instituições financeiras que atendam aos seguintes requisitos: não possuam cláusula de subordinação; sejam emitidos por instituições classificadas na categoria de risco A de que trata o art. 30 da Res. BCB nº 229/22, e que atendam o disposto nos §§1º e 2º do art. 33.","30"
"42","Mitigador de Risco","PERCENTUAL(2)","Cod_Mitigador","505","30% - Garantias providas por inst. financeiras e demais inst. autorizadas a funcionar pelo BCB, bem como inst. financeiras sediadas nas jurisdições de que trata o art. 4º, inc. IV, classificada na categoria de risco A, conf. definições do art. 30 da Res. BCB 229, em operações com venc. superior a 90 dias corridos e desde que os seguintes indicadores da contraparte sejam concomitantemente iguais ou superiores a: I - 14% no caso do índice de Capital Principal; e II - 5% no caso da RA.","30"
"42","Mitigador de Risco","PERCENTUAL(2)","Cod_Mitigador","506","30% - Derivativos de Crédito providos por inst. financ.e demais inst. autorizadas a funcionar pelo BCB, bem como inst. financ. sediadas nas jurisdições de que trata o art. 4º, inc. IV, classificada na categ. de risco A, conforme definições do art. 30 da Res. BCB 229 e desde que os seguintes indicadores da contraparte sejam concomitantemente iguais ou superiores a: I - 14% no caso do índice de CPl; e II - 5% no caso da RA.","30"
"42","Mitigador de Risco","PERCENTUAL(2)","Cod_Mitigador","507","40% - Derivativos de Crédito providos por instituições financeiras e demais instituições autorizadas a funcionar pelo Banco Central do Brasil, bem como instituições financeiras sediadas nas jurisdições de que trata o 4º, inc. IV. Na abordagem simples o vencimento residual do instrumento de mitigação de risco deve ser igual ou superior ao prazo residual da exposição.","40"
"42","Mitigador de Risco","PERCENTUAL(2)","Cod_Mitigador","509","50% - Derivativos de Crédito providos por instituições financeiras e demais instituições autorizadas a funcionar pelo Banco Central do Brasil, bem como instituições financeiras sediadas nas jurisdições de que trata o 4º, inc. IV.","50"
"42","Mitigador de Risco","PERCENTUAL(2)","Cod_Mitigador","511","50% - Garantias providas por governos centrais e respectivos bancos centrais - de acordo com a respectiva classificação externa de risco igual ou superior a BBB- e inferior a A- ou classificação equivalente.","50"
"42","Mitigador de Risco","PERCENTUAL(2)","Cod_Mitigador","512","50% - Derivativos de Crédito providos por governos centrais e respectivos bancos centrais - de acordo com a respectiva classificação externa de risco igual ou superior a BBB- e inferior a A- ou classificação equivalente.","50"
"42","Mitigador de Risco","PERCENTUAL(2)","Cod_Mitigador","513","50% - Garantias providas por instituições financeiras e demais instituições autorizadas a funcionar pelo Banco Central do Brasil, bem como instituições financeiras sediadas nas jurisdições de que trata o art. 4º, inc. IV, classificada na categoria de risco B, conforme definições do art. 31 da Res. BCB 229, em operações com vencimento em até 90 dias corridos.","50"
"42","Mitigador de Risco","PERCENTUAL(2)","Cod_Mitigador","521","75% - Derivativos de Crédito providos por instituições financeiras e demais instituições autorizadas a funcionar pelo Banco Central do Brasil, bem como instituições financeiras sediadas nas jurisdições de que trata o 4º, inc. IV.","75"
"42","Mitigador de Risco","PERCENTUAL(2)","Cod_Mitigador","98","Não se aplica. Tratamento específico para o saldo líquido de operações sujeitas a acordo de compensação.","100"
"42","Mitigador de Risco","PERCENTUAL(2)","Cod_Mitigador","99","Não se Aplica.","100"
"43","Fator de Conversão","PERCENTUAL(2)","Cod_FatorConversao","10","50% - FCC aplicável à operação relativa a aval ou fiança prestado em processos de natureza fiscal, em âmbito judicial ou administrativo - Inc. V § 5º art. 21;","50"
"43","Fator de Conversão","PERCENTUAL(2)","Cod_FatorConversao","16","100% - FCC aplicável à prestação de aval, fiança, coobrigação ou qualquer outra modalidade de garantia pessoal do cumprimento de obrigação financeira de terceiros, nos demais casos.","100"
"43","Fator de Conversão","PERCENTUAL(2)","Cod_FatorConversao","17","50%¨- FCC aplicável à operação relativa à garantia de proposta em licitações (bid bonds) e de participação em leilões.","50"
"43","Fator de Conversão","PERCENTUAL(2)","Cod_FatorConversao","18","50% - FCC aplicável à operação relativa à garantia de prestação de serviços ou execução de obras (performance bonds), inclusive cláusulas de perfeito funcionamento e de cumprimento de níveis de serviços.","50"
"43","Fator de Conversão","PERCENTUAL(2)","Cod_FatorConversao","19","50% -FCC aplicável à operação relativa à garantia de fornecimento de mercadorias.","50"
"43","Fator de Conversão","PERCENTUAL(2)","Cod_FatorConversao","20","50% - FCC aplicável à operação relativa à garantia de distribuição de títulos e valores mobiliários nos mercados primário e secundário, mediante oferta pública, nos termos da regulamentação específica.","50"
"43","Fator de Conversão","PERCENTUAL(2)","Cod_FatorConversao","21","0% - Fator de Exposição Potencial Futura (FEPF) - aplicável ao referencial taxa de juros ou índice de preços em operações com prazo remanescente menor que um ano.","0"
"43","Fator de Conversão","PERCENTUAL(2)","Cod_FatorConversao","22","0,5% - FEPF aplicável ao referencial  taxa de juros  ou  índice de preços  em operações com prazo remanescente entre um ano e cinco anos; ou ainda, FEPF aplicável ao referencial  taxa de juros  ou  índice de preços  em operações com prazo remanescente superior a 1 ano,  que prevejam liquidações dos valores referentes ajustes periódicos. Art. 28, § 4º da Circ. 3.904/18.","0.5"
"43","Fator de Conversão","PERCENTUAL(2)","Cod_FatorConversao","23","1,5% - Fator de Exposição Potencial Futura (FEPF) - aplicável ao referencial taxa de juros ou índice de preços em operações com prazo remanescente superior a cinco anos.","1.5"
"43","Fator de Conversão","PERCENTUAL(2)","Cod_FatorConversao","31","1% - Fator de Exposição Potencial Futura (FEPF) - aplicável ao referencial taxa de câmbio ou ouro em operações com prazo remanescente menor que um ano.","1"
"43","Fator de Conversão","PERCENTUAL(2)","Cod_FatorConversao","32","5% - Fator de Exposição Potencial Futura (FEPF) - aplicável ao referencial taxa de câmbio ou ouro em operações com prazo remanescente entre um ano e cinco anos.","5"
"43","Fator de Conversão","PERCENTUAL(2)","Cod_FatorConversao","33","7,5% - Fator de Exposição Potencial Futura (FEPF) - aplicável ao referencial taxa de câmbio ou ouro em operações com prazo remanescente superior a cinco anos.","7.5"
"43","Fator de Conversão","PERCENTUAL(2)","Cod_FatorConversao","41","6% - Fator de Exposição Potencial Futura (FEPF) - aplicável ao referencial ações em operações com prazo remanescente menor que um ano.","6"
"43","Fator de Conversão","PERCENTUAL(2)","Cod_FatorConversao","42","8% - Fator de Exposição Potencial Futura (FEPF) - aplicável ao referencial ações em operações com prazo remanescente entre um ano e cinco anos.","8"
"43","Fator de Conversão","PERCENTUAL(2)","Cod_FatorConversao","43","10% - Fator de Exposição Potencial Futura (FEPF) - aplicável ao referencial ações em operações com prazo remanescente superior a cinco anos.","10"
"43","Fator de Conversão","PERCENTUAL(2)","Cod_FatorConversao","5","10% - FCC aplicável a limites de crédito cancelável incondicional e unilateralmente pela instituição, independente de comunicação prévia ao interessado.","10"
"43","Fator de Conversão","PERCENTUAL(2)","Cod_FatorConversao","51","10% - Fator de Exposição Potencial Futura (FEPF) - aplicável a outros referenciais em operações com prazo remanescente menor que um ano.","10"
"43","Fator de Conversão","PERCENTUAL(2)","Cod_FatorConversao","52","12% - Fator de Exposição Potencial Futura (FEPF) - aplicável a outros referenciais em operações com prazo remanescente entre um ano e cinco anos.","12"
"43","Fator de Conversão","PERCENTUAL(2)","Cod_FatorConversao","53","15% - Fator de Exposição Potencial Futura (FEPF) - aplicável a outros referenciais em operações com prazo remanescente superior a cinco anos.","15"
"43","Fator de Conversão","PERCENTUAL(2)","Cod_FatorConversao","6","10% - FCC aplicável a limites de crédito cancelável unilateralmente pela instituição em função de deterioração do perfil de risco de crédito do tomador, conforme critérios definidos na política de gerenciamento de risco de crédito da instituição, nos termos da Res. CMN 4.557/2017, e na regulamentação correspondente aplicável ao conglomerado prudencial Tipo 3.","10"
"43","Fator de Conversão","PERCENTUAL(2)","Cod_FatorConversao","61","5% - Fator de Exposição Potencial Futura (FEPF) - Para derivativos de crédito, cujos ativos subjacentes representem exposições a instituições financeiras e demais instituições autorizadas a funcionar pelo Banco Central do Brasil.","5"
"43","Fator de Conversão","PERCENTUAL(2)","Cod_FatorConversao","62","FEPF aplicável aos ativos subjacentes que não representem exposições a instituições financeiras e demais instituições autorizadas a funcionar pelo BCB.","10"
"43","Fator de Conversão","PERCENTUAL(2)","Cod_FatorConversao","63","20% - FCC aplicável à operação vinculada ao comércio internacional de mercadorias, na qual o embarque de mercadorias esteja associado à garantia de pagamento da operação, com prazo de vencimento original de até 1 (um) ano.","20"
"43","Fator de Conversão","PERCENTUAL(2)","Cod_FatorConversao","64","20% - FCC aplicável à operação relativa à garantia de proposta em licitações (bid bonds) e de participação em leilões.","20"
"43","Fator de Conversão","PERCENTUAL(2)","Cod_FatorConversao","65","100% - FCC aplicável à exposição relativa a garantia fidejussória, quando não houver FCC específico estabelecido.","100"
"43","Fator de Conversão","PERCENTUAL(2)","Cod_FatorConversao","66","100%  - FCC aplicável à exposição relativa a crédito a liberar até 360 (trezentos e sessenta) dias corridos.","100"
"43","Fator de Conversão","PERCENTUAL(2)","Cod_FatorConversao","67","100% - FCC aplicável à exposição relativa a ativo, inclusive cotas de fundo de investimento, que a instituição assumiu o compromisso de adquirir.","100"
"43","Fator de Conversão","PERCENTUAL(2)","Cod_FatorConversao","68","100% - FCC aplicável à exp. relativa a bem ou direito entregue ou disponibilizado pela instit. a terc., inclusive em razão da necessidade de constituir garantia, nos termos do art. 4º, inciso X da Res. BCB 229/2022, exceto se: a) relacionado a oper. comprom. e emprést. de TVM; ou b) concedido em garantia a transação com instrum. financ. derivativo integrante da carteira da própria instit. no caso de uso da abordagem SA-CCR.","100"
"43","Fator de Conversão","PERCENTUAL(2)","Cod_FatorConversao","69","100% - FCC aplicável à operação vinculada ao comércio internacional de mercadorias, na qual o embarque de mercadorias esteja associado à garantia de pagamento da operação, com prazo de vencimento original de mais de 1 (um) ano.","100"
"43","Fator de Conversão","PERCENTUAL(2)","Cod_FatorConversao","7","40% - FCC aplicável ao limite de crédito cancelável em função de qualquer condição não especificada no § 2º, inciso II do art. 21 da Res. BCB 229/2022.","40"
"43","Fator de Conversão","PERCENTUAL(2)","Cod_FatorConversao","71","(-90%) - Fator aplicável ao limite de crédito não cancelável incondicional e unilateralmente pela instituição (FCC - 10%).","-90"
"43","Fator de Conversão","PERCENTUAL(2)","Cod_FatorConversao","72","(-80%) - Fator aplicável ao limite de crédito não cancelável incondicional e unilateralmente pela instituição (FCC  20%), com prazo original de vencimento de até um ano.","-80"
"43","Fator de Conversão","PERCENTUAL(2)","Cod_FatorConversao","73","(-50%) - Fator aplicável ao limite de crédito não cancelável incondicional e unilateralmente pela instituição (FCC  50%), com prazo original de vencimento superior a um ano.","-50"
"43","Fator de Conversão","PERCENTUAL(2)","Cod_FatorConversao","74","0% - Fator aplicável aos créditos a liberar, decorrentes de desembolsos futuros relativos a operações de crédito contratadas, independentemente de serem ou não condicionados ao cumprimento, pelo devedor, de condições pré-estabelecidas (FCC  100%).","0"
"43","Fator de Conversão","PERCENTUAL(2)","Cod_FatorConversao","75","(-80%) - Fator aplicável à prestação de aval, fiança, coobrigação ou qualquer outra modalidade de garantia pessoal do cumprimento de obrigação financeira de terceiros, nas operações vinculadas ao comércio internacional de mercadorias, nas quais o embarque ou recepção de mercadorias represente a garantia de pagamento da operação (FCC  20%).","-80"
"43","Fator de Conversão","PERCENTUAL(2)","Cod_FatorConversao","76","(-50%) - Fator aplic à prest aval, fiança, coobrig ou qlquer outra modalid de garantia pessoal do cumprimento de obrig financ de terc, nas op relat a prest de garantia de proposta em licit (bid bonds) e de particip em leilões, garantia de prest de serv ou execução de obras (performance bonds), inclusive cláusulas de perfeito funcionamento e de cumprimento de níveis de serv, garantia de fornec merc e prest de aval ou fiança em processos judiciais ou administr, qdo de natureza fiscal. (FCC  50%);","-50"
"43","Fator de Conversão","PERCENTUAL(2)","Cod_FatorConversao","77","(-50%) - Fator aplicável à prestação de aval, fiança, coobrigação ou qualquer outra modalidade de garantia pessoal do cumprimento de obrigação financeira de terceiros, nas operações relativas a prestação de garantia de distribuição de títulos e valores mobiliários nos mercados primário e secundário, mediante oferta pública, nos termos da regulamentação em vigor (FCC  50%);","-50"
"43","Fator de Conversão","PERCENTUAL(2)","Cod_FatorConversao","78","0% - Fator aplicável à prestação de aval, fiança, coobrigação ou qualquer outra modalidade de garantia pessoal do cumprimento de obrigação financeira de terceiros, nos demais casos (FCC  100%).","0"
"43","Fator de Conversão","PERCENTUAL(2)","Cod_FatorConversao","8","40% - FCC aplicável ao limite de crédito não cancelável.","40"
"43","Fator de Conversão","PERCENTUAL(2)","Cod_FatorConversao","80","5% - Fator aplicável ao valor contábil de compromissadas, em relação ao risco de crédito da contraparte das instituições (dos segmentos S2, S3 ou S4) optantes pela faculdade definida no art. 10º, §4º da Res. BCB 229.","5"
"43","Fator de Conversão","PERCENTUAL(2)","Cod_FatorConversao","90","120% - Fator aplicável a exposição de fundos que para a identificação ou mensuração das exposições do fundo de investimento, a instituição utiliza informações que não são de domínio público; ou não são disponibilizadas pelo administrador do fundo e mantidas à disposição do Banco Central do Brasil.","120"
"43","Fator de Conversão","PERCENTUAL(2)","Cod_FatorConversao","99","Não se Aplica","100"
"45","Cod sub conta","NUMÉRICO(0)","SubConta","0","Não se aplica","0"
"45","Cod sub conta","NUMÉRICO(0)","SubConta","10","Risco do Ativo Objeto","10"
"45","Cod sub conta","NUMÉRICO(0)","SubConta","20","Risco de Crédito Da Contraparte","20"
"45","Cod sub conta","NUMÉRICO(0)","SubConta","21","Risco de crédito da contraparte em operações de compra com compromisso de revenda","21"
"45","Cod sub conta","NUMÉRICO(0)","SubConta","22","Risco de crédito da contraparte em operações de venda com compromisso de recompra","22"
"45","Cod sub conta","NUMÉRICO(0)","SubConta","30","Coobrigação de Banco Cooperativo","30"
"45","Cod sub conta","NUMÉRICO(0)","SubConta","40","Operações em Nome de Clientes - Risco de Crédito da Contraparte","40"
"45","Cod sub conta","NUMÉRICO(0)","SubConta","41","Operações em nome de clientes - Risco de crédito da contraparte em operações de compra com compromisso de revenda","41"
"45","Cod sub conta","NUMÉRICO(0)","SubConta","42","Operações em nome de clientes - Risco de crédito da contraparte em operações de venda com compromisso de recompra","42"
"45","Cod sub conta","NUMÉRICO(0)","SubConta","999","Não se Aplica","999"
"46","Vr.Prov.Ad.Rec Rd Ap","NUMÉRICO(2)","Provisoes",,,
"47","Lim. Máx. Alav. Fundo","NUMÉRICO(2)","Lim_Max_Alav_Fundo",,,
"5","ACCPi UTILIZADO","NUMÉRICO(4)","ACCPi",,,
"51","VaR - Cenário Normal","NUMÉRICO(2)","VaR_CenarioNormal",,,
"52","VaR - Estressado","NUMÉRICO(2)","VaR_Estressado",,,
"54","Fator Risco","NUMÉRICO(0)","Cod_Fator_Risco","1","Taxa de Depósitos Interfinanceiros (DI) - Inciso I do art. 12.","1"
"54","Fator Risco","NUMÉRICO(0)","Cod_Fator_Risco","10","Taxa Básica Financeira (TBF) e Respectivas Taxas de Cupom - Inciso VIII do art. 12.","10"
"54","Fator Risco","NUMÉRICO(0)","Cod_Fator_Risco","11","Taxas de Cupom de Taxas de Juros não Mencionadas nos Incisos V a VIII do art. 12 - § 4º do art. 12.","11"
"54","Fator Risco","NUMÉRICO(0)","Cod_Fator_Risco","12","Taxas de Juros Prefixadas Referentes a Instrumentos Financeiros Denominados em Real - Inciso IX do art. 12.","12"
"54","Fator Risco","NUMÉRICO(0)","Cod_Fator_Risco","13","Taxas de Cupom de Dólar dos Estados Unidos da América - Inciso X do art. 12.","13"
"54","Fator Risco","NUMÉRICO(0)","Cod_Fator_Risco","14","Taxas de Cupom de Euro - Inciso XI do art. 12.","14"
"54","Fator Risco","NUMÉRICO(0)","Cod_Fator_Risco","15","Taxas de Cupom de Franco Suiço - Inciso XII do art. 12.","15"
"54","Fator Risco","NUMÉRICO(0)","Cod_Fator_Risco","16","Taxas de Cupom de Iene - Inciso XIII do art. 12.","16"
"54","Fator Risco","NUMÉRICO(0)","Cod_Fator_Risco","17","Taxas de Cupom de Libra Esterlina - Inciso XIV do art. 12.","17"
"54","Fator Risco","NUMÉRICO(0)","Cod_Fator_Risco","18","Taxas de Cupom de Dólar Canadense - Inciso XV do art. 12.","18"
"54","Fator Risco","NUMÉRICO(0)","Cod_Fator_Risco","19","Taxas de Cupom de Moedas Estrangeiras não Mencionadas nos Incisos X a XV do art. 12 - § 5º do art. 12.","19"
"54","Fator Risco","NUMÉRICO(0)","Cod_Fator_Risco","2","Taxa Referencial do Sistema Especial de liquidação e de Custódia (SELIC) - Inciso II do art. 12.","2"
"54","Fator Risco","NUMÉRICO(0)","Cod_Fator_Risco","20","Fator de Risco Adicional para Taxas de Juros de Moedas Estrangeiras - §1º di art, 12","20"
"54","Fator Risco","NUMÉRICO(0)","Cod_Fator_Risco","3","Taxas de Juros Pós-Fixadas não Mencionadas nos Incisos I e II do Art.12 - § 2º do art. 12.","3"
"54","Fator Risco","NUMÉRICO(0)","Cod_Fator_Risco","4","Índice Nacional de Preços ao Consumidor Amplo (IPCA) e Respectivas Taxas de Cupom - Inciso III do art. 12.","4"
"54","Fator Risco","NUMÉRICO(0)","Cod_Fator_Risco","5","Índice Geral de Preços de Mercado (IGP-M) e Respectivas Taxas de Cupom - Inciso IV do art. 12.","5"
"54","Fator Risco","NUMÉRICO(0)","Cod_Fator_Risco","6","Taxas de Cupom de Índice de Preços não Mencionadas nos Incisos III e IV do Art. 12 - § 3º do art. 12.","6"
"54","Fator Risco","NUMÉRICO(0)","Cod_Fator_Risco","7","Taxa Referencial (TR) e Respectivas Taxas de Cupom - Inciso V do art. 12.","7"
"54","Fator Risco","NUMÉRICO(0)","Cod_Fator_Risco","8","Taxa de Juros de Longo Prazo (TJLP) e Respectivas Taxas de Cupom - Inciso VI do art. 12.","8"
"54","Fator Risco","NUMÉRICO(0)","Cod_Fator_Risco","9","Taxa de Longo Prazo (TLP) e Respectivas Taxas de Cupom - Inciso VII do art. 12.","9"
"55","Op. Excl. Margens","NUMÉRICO(0)","Op_Excl_Margens","1","Exclusão","1"
"55","Op. Excl. Margens","NUMÉRICO(0)","Op_Excl_Margens","2","Não Exclusão","2"
"56","Opção Mod Int IRRBB","NUMÉRICO(0)","Op_Mod_Int_IRRBB","1","SIM","1"
"56","Opção Mod Int IRRBB","NUMÉRICO(0)","Op_Mod_Int_IRRBB","2","NÃO","2"
"57","Periodo Manutenção","NUMÉRICO(0)","Periodo_Manutencao",,,
"58","Trat. Cap. Próprio","NUMÉRICO(0)","Trat_Cap_Proprio","1","SIM","1"
"58","Trat. Cap. Próprio","NUMÉRICO(0)","Trat_Cap_Proprio","2","NÃO","2"
"59","Vr. Perdas e Ganhos","NUMÉRICO(2)","VrPerdasEGanhos",,,
"6","RWAcprNBi","NUMÉRICO(2)","RWAcprNBI",,,
"61","Cód Incl Vr Op Limit","NUMÉRICO(0)","Cod_Inclu_Limite","1","Operações Registradas no Cadip na condição de agente financeiro da União em operações de renegociação de dívidas externa e interna, cuja responsabilidade é da União.","1"
"61","Cód Incl Vr Op Limit","NUMÉRICO(0)","Cod_Inclu_Limite","2","Operações realizadas com entidades dos grupos Eletrobrás e Petrobrás.","2"
"61","Cód Incl Vr Op Limit","NUMÉRICO(0)","Cod_Inclu_Limite","3","Operações de crédito registradas no Cadip cedidas para a Emgea e para o Tesouro Nacional nos termos da MP 2.196/01.","3"
"61","Cód Incl Vr Op Limit","NUMÉRICO(0)","Cod_Inclu_Limite","4","Operações realizadas com base em destaque de capital. Conforme art. 4º da Res. CMN 4.995/22 (NR).","4"
"61","Cód Incl Vr Op Limit","NUMÉRICO(0)","Cod_Inclu_Limite","5","Saldo das Operações com Garantia Formal, integral e solidária do Tesouro Nacional","5"
"61","Cód Incl Vr Op Limit","NUMÉRICO(0)","Cod_Inclu_Limite","6","Saldo das operações fundeadas por recursos não próprios, cujo risco de crédito não é da Instituição Financeira. Caso haja partilha de risco informar separadamente o valor cuja responsabilidade seja da IF, e sob este código a parcela em que não haja risco de crédito para a IF.","6"
"61","Cód Incl Vr Op Limit","NUMÉRICO(0)","Cod_Inclu_Limite","7","Saldo das Operações registradas no Cadip, para a quais se entenda não ser objeto do limite de crédito ao Setor Público, e não seja objeto de outro código listado nesta tabela.","7"
"61","Cód Incl Vr Op Limit","NUMÉRICO(0)","Cod_Inclu_Limite","9","Valor relativo a operações cuja responsabilidade é da Instituição Financeira.","9"
"62","Sistema de Registro","NUMÉRICO(0)","Cod_Sist_Registro","1","CADIP (LCSP) - Valores registrados exclusivamente no Cadip ou registrado no Cadip e em outros sistemas de Registro","1"
"62","Sistema de Registro","NUMÉRICO(0)","Cod_Sist_Registro","2","SCR (LCSP) - Valores registrados exclusivamente no SCR ou registrados no SCR e em outro sistema de Registro exceto Cadip","2"
"62","Sistema de Registro","NUMÉRICO(0)","Cod_Sist_Registro","3","CETIP (LCSP) - Valores registrados exclusivamente no Cetip ou registrados no Cetip e em outro sistema de registro exceto Cadip e SCR","3"
"62","Sistema de Registro","NUMÉRICO(0)","Cod_Sist_Registro","4","SELIC (LCSP) - Valores registrados exclusivamente no Selic ou registrados no Selic e em outro sistema de registro exceto Cadip, SCR e Cetip.","4"
"62","Sistema de Registro","NUMÉRICO(0)","Cod_Sist_Registro","5","OUTRO SISTEMA DE REGISTRO  (LEC E LCSP) - Valores registrados exclusivamente em Outro sistema de registro. Válido tanto para Limite de Crédito ao Setor Público como para Limite de Exposições por Cliente.","5"
"62","Sistema de Registro","NUMÉRICO(0)","Cod_Sist_Registro","6","SCR (LEC) - Valores registrados no SCR para fins de cálculo do limite de exposições por cliente.","6"
"62","Sistema de Registro","NUMÉRICO(0)","Cod_Sist_Registro","7","B3 (LEC) - Valores registrados na B3 para fins de cálculo do limite de exposições por cliente.","7"
"62","Sistema de Registro","NUMÉRICO(0)","Cod_Sist_Registro","9","SEM SISTEMA DE REGISTRO (LEC E LCSP) - Valores não registrados em sistema de registro de operações financeiras. Válido tanto para Limite de Crédito ao Setor Público como para Limite de Exposições por Cliente.","9"
"63","Vr. Bruto para LEC",,"Vlr_Bruto",,,
"64","Parc. Mitigada LEC",,"Parc_Mitigada",,,
"65","Parc.Exp. Compensada",,"Parc_Compensada",,,
"66","Tipo Exposição",,"Cod_tipo_exp","1","Operações de crédito (empréstimos e financiamentos), inclusive ACC, ACE, arrendamento mercantil financeiro e outras operações com características de crédito não tratados de forma específica nesta tabela","1"
"66","Tipo Exposição",,"Cod_tipo_exp","10","Derivativos, opção SA-CCR","10"
"66","Tipo Exposição",,"Cod_tipo_exp","11","Repasses","11"
"66","Tipo Exposição",,"Cod_tipo_exp","12","Exposição decorrente de mitigação provida","12"
"66","Tipo Exposição",,"Cod_tipo_exp","15","Prestação de aval, fiança, coobrigação ou qualquer outra modalidade de garantia pessoal do cumprimento de obrigação financeira de terceiros, nas operações vinculadas ao comércio internacional de mercadorias, nas quais o embarque de mercadorias esteja associado à garantia de pagamento da operação - 20%","15"
"66","Tipo Exposição",,"Cod_tipo_exp","16","Prest. de aval, fiança, coob. ou qualquer outra mod. de garantia pessoal do cumprimento de obrig. financeira de 3os, nas op. relativas à garantia de proposta em licitações (bid bonds), de particip. em leilões, de prest. serviços ou execução obras (performance bonds), incl. cláusulas de perfeito funcion. e de cumpr. de níveis de serviço, nas  op. relativas à garantia de fornec. de mercadorias, nas op. relativas à prestação de garantia de distribuição de TVM nos merc.prim. e secundário, mediante of. pública, nos termos da regul. em vigor e em processos judiciais ou admin. de nat. fiscal - 50%","16"
"66","Tipo Exposição",,"Cod_tipo_exp","17","Prestação de aval, fiança, coobrigação ou qualquer outra modalidade de garantia pessoal do cumprimento de obrigação financeira de terceiros, nos demais casos, não abrangidos nos domínios 15 e 16 acima - 100 %","17"
"66","Tipo Exposição",,"Cod_tipo_exp","18","Limites de crédito canceláveis   FCC 10%, conforme Res. BCB 229, art. 21, §2º.","18"
"66","Tipo Exposição",,"Cod_tipo_exp","19","Limites de crédito não canceláveis   FCC 40%, conforme Res. BCB 229, art. 21, §4º.","19"
"66","Tipo Exposição",,"Cod_tipo_exp","2","Instrumentos de dívida","2"
"66","Tipo Exposição",,"Cod_tipo_exp","21","Outras exposições consideradas","21"
"66","Tipo Exposição",,"Cod_tipo_exp","3","Investimentos","3"
"66","Tipo Exposição",,"Cod_tipo_exp","31","Exposições perante QCCP relativa a atividade de compensação e liquidação","31"
"66","Tipo Exposição",,"Cod_tipo_exp","32","Exposições de APE decorrentes de convênio autorizado pelo BCB","32"
"66","Tipo Exposição",,"Cod_tipo_exp","33","Repases interfinanceiros com sub-rogação realizados por IFs do S2, S3 e S4","33"
"66","Tipo Exposição",,"Cod_tipo_exp","34","Repasses interfinanceiros entre Ifs de um mesmo sistema cooperativo","34"
"66","Tipo Exposição",,"Cod_tipo_exp","35","Depósitos e aplicações efetuados por cooperativa de crédito na cooperativa central, na confederação de centrais ou no banco cooperativo pertencentes ao respectivo sistema cooperativo","35"
"66","Tipo Exposição",,"Cod_tipo_exp","36","Exposições deduzidas na apuração do nível I do PR","36"
"66","Tipo Exposição",,"Cod_tipo_exp","37","Exposições relativas às operações realizadas com base em destaque de capital","37"
"66","Tipo Exposição",,"Cod_tipo_exp","38","Exposições perante o emissor de valores mobiliários de IF responsável pela colocação primária, durante 60 dias","38"
"66","Tipo Exposição",,"Cod_tipo_exp","39","Exposições perante o emissor de valores mobiliários de IF responsável pela oferta pública de aquisição, durante 60 dias","39"
"66","Tipo Exposição",,"Cod_tipo_exp","4","Termos, futuros e swaps","4"
"66","Tipo Exposição",,"Cod_tipo_exp","40","Exposição relativa a depósitos judiciais efetuados por IF do S2, S3 ou S4","40"
"66","Tipo Exposição",,"Cod_tipo_exp","41","Exposição relativa a aplicações de até um ano efetuadas na respectiva matriz por agência ou matriz de IF estrangeira","41"
"66","Tipo Exposição",,"Cod_tipo_exp","42","Exposição relativa a operações ativas vinculadas, nos termos da resolução 2.921/2002","42"
"66","Tipo Exposição",,"Cod_tipo_exp","43","Exposição de banco cooperativo, de cooperativa central de crédito ou de confederação de centrais perante associado de cooperativa singular de crédito, conforme § 6º do art. 17 da Res. 4.677/18.","43"
"66","Tipo Exposição",,"Cod_tipo_exp","44","Valores registrados no SCR abrangendo operações de garantias intragrupo, não representativas de exposições nos termos da Res. 4.677/18","44"
"66","Tipo Exposição",,"Cod_tipo_exp","45","Créditos a Liberar em operações de crédito oriundas de capital destacado","45"
"66","Tipo Exposição",,"Cod_tipo_exp","5","Opções","5"
"66","Tipo Exposição",,"Cod_tipo_exp","50","Outras exposições não consideradas","50"
"66","Tipo Exposição",,"Cod_tipo_exp","6","Derivativos de crédito","6"
"66","Tipo Exposição",,"Cod_tipo_exp","8","Crédito a liberar em até 360 dias","8"
"67","Carteira - Neg/Banc",,"Carteira_Neg_Banc","1","Carteira de Negociação","1"
"67","Carteira - Neg/Banc",,"Carteira_Neg_Banc","2","Carteira Bancária","2"
"68","Crédito Int/Ext",,"Cod_Origem_Exp","1","Brasil","1"
"68","Crédito Int/Ext",,"Cod_Origem_Exp","2","Exterior","2"
"69","Tipo Part. Excepcion",,"Cod_tipo_excl","1","União, incluindo BCB","1"
"69","Tipo Part. Excepcion",,"Cod_tipo_excl","2","Governo central de jurisdição estrangeira","2"
"69","Tipo Part. Excepcion",,"Cod_tipo_excl","3","Banco central de jurisdição estrangeira","3"
"7","Faculdade 5% Jurisd.","NUMÉRICO(0)","Faculdade","1","Exposição Considerada","1"
"7","Faculdade 5% Jurisd.","NUMÉRICO(0)","Faculdade","2","Exposição Não Considerada","2"
"70","Vr.Bruto Exp.Agreg",,"Vlr_bruto_exp_agreg",,,
"71","Vr.Agreg.Mitigadores",,"Vlr_mitigado",,,
"72","Qde Clientes Agreg.",,"Qtde_clientes_agrup",,,
"76","Data Maior Exposição",,"Data_Maior_Exposicao",,,
"8","ACCPi JURISDIÇÃO","NUMÉRICO(4)","ACCPi_Jurisdicao",,,
"81","País","NUMÉRICO(0)","Cod_Jurisdicao","AD","Andorra","1"
"81","País","NUMÉRICO(0)","Cod_Jurisdicao","AE","Emirados Árabes Unidos","2"
"81","País","NUMÉRICO(0)","Cod_Jurisdicao","AF","Afeganistão","3"
"81","País","NUMÉRICO(0)","Cod_Jurisdicao","AG","Antígua e Barbuda","4"
"81","País","NUMÉRICO(0)","Cod_Jurisdicao","AI","Anguilla","5"
"81","País","NUMÉRICO(0)","Cod_Jurisdicao","AL","Albânia","6"
"81","País","NUMÉRICO(0)","Cod_Jurisdicao","AM","Arménia","7"
"81","País","NUMÉRICO(0)","Cod_Jurisdicao","AO","Angola","8"
"81","País","NUMÉRICO(0)","Cod_Jurisdicao","AQ","Antártida","9"
"81","País","NUMÉRICO(0)","Cod_Jurisdicao","AR","Argentina","10"
"81","País","NUMÉRICO(0)","Cod_Jurisdicao","AS","Samoa Americana","11"
"81","País","NUMÉRICO(0)","Cod_Jurisdicao","AT","Áustria","12"
"81","País","NUMÉRICO(0)","Cod_Jurisdicao","AU","Austrália","13"
"81","País","NUMÉRICO(0)","Cod_Jurisdicao","AW","Aruba","14"
"81","País","NUMÉRICO(0)","Cod_Jurisdicao","AX","Ilhas Aland","15"
"81","País","NUMÉRICO(0)","Cod_Jurisdicao","AZ","Azerbaijão","16"
"81","País","NUMÉRICO(0)","Cod_Jurisdicao","BA","Bósnia e Herzegovina","17"
"81","País","NUMÉRICO(0)","Cod_Jurisdicao","BB","Barbados","18"
"81","País","NUMÉRICO(0)","Cod_Jurisdicao","BD","Bangladesh","19"
"81","País","NUMÉRICO(0)","Cod_Jurisdicao","BE","Bélgica","20"
"81","País","NUMÉRICO(0)","Cod_Jurisdicao","BF","Burkina Faso","21"
"81","País","NUMÉRICO(0)","Cod_Jurisdicao","BG","Bulgária","22"
"81","País","NUMÉRICO(0)","Cod_Jurisdicao","BH","Bahrein","23"
"81","País","NUMÉRICO(0)","Cod_Jurisdicao","BI","Burundi","24"
"81","País","NUMÉRICO(0)","Cod_Jurisdicao","BJ","Benim","25"
"81","País","NUMÉRICO(0)","Cod_Jurisdicao","BL","Saint Barthélemy","26"
"81","País","NUMÉRICO(0)","Cod_Jurisdicao","BM","Bermudas","27"
"81","País","NUMÉRICO(0)","Cod_Jurisdicao","BN","Brunei","28"
"81","País","NUMÉRICO(0)","Cod_Jurisdicao","BO","Bolívia","29"
"81","País","NUMÉRICO(0)","Cod_Jurisdicao","BQ","Bonaire, Saint Eustatius e Saba","30"
"81","País","NUMÉRICO(0)","Cod_Jurisdicao","BR","Brasil","31"
"81","País","NUMÉRICO(0)","Cod_Jurisdicao","BS","Bahamas","32"
"81","País","NUMÉRICO(0)","Cod_Jurisdicao","BT","Butão","33"
"81","País","NUMÉRICO(0)","Cod_Jurisdicao","BV","Ilha Bouvet","34"
"81","País","NUMÉRICO(0)","Cod_Jurisdicao","BW","Botsuana","35"
"81","País","NUMÉRICO(0)","Cod_Jurisdicao","BY","Bielorrússia","36"
"81","País","NUMÉRICO(0)","Cod_Jurisdicao","BZ","Belize","37"
"81","País","NUMÉRICO(0)","Cod_Jurisdicao","CA","Canadá","38"
"81","País","NUMÉRICO(0)","Cod_Jurisdicao","CC","Ilhas Cocos (Keeling)","39"
"81","País","NUMÉRICO(0)","Cod_Jurisdicao","CD","República Democrática do Congo","40"
"81","País","NUMÉRICO(0)","Cod_Jurisdicao","CF","República Centro-Africana","41"
"81","País","NUMÉRICO(0)","Cod_Jurisdicao","CG","República do Congo","42"
"81","País","NUMÉRICO(0)","Cod_Jurisdicao","CH","Suíça","43"
"81","País","NUMÉRICO(0)","Cod_Jurisdicao","CI","Costa do Marfim","44"
"81","País","NUMÉRICO(0)","Cod_Jurisdicao","CK","Ilhas Cook","45"
"81","País","NUMÉRICO(0)","Cod_Jurisdicao","CL","Chile","46"
"81","País","NUMÉRICO(0)","Cod_Jurisdicao","CM","Camarões","47"
"81","País","NUMÉRICO(0)","Cod_Jurisdicao","CN","China","48"
"81","País","NUMÉRICO(0)","Cod_Jurisdicao","CO","Colômbia","49"
"81","País","NUMÉRICO(0)","Cod_Jurisdicao","CR","Costa Rica","50"
"81","País","NUMÉRICO(0)","Cod_Jurisdicao","CU","Cuba","51"
"81","País","NUMÉRICO(0)","Cod_Jurisdicao","CV","Cabo Verde","52"
"81","País","NUMÉRICO(0)","Cod_Jurisdicao","CW","Curaçao","53"
"81","País","NUMÉRICO(0)","Cod_Jurisdicao","CX","Ilha de Natal","54"
"81","País","NUMÉRICO(0)","Cod_Jurisdicao","CY","Chipre","55"
"81","País","NUMÉRICO(0)","Cod_Jurisdicao","CZ","República Tcheca","56"
"81","País","NUMÉRICO(0)","Cod_Jurisdicao","DE","Alemanha","57"
"81","País","NUMÉRICO(0)","Cod_Jurisdicao","DJ","Djibouti","58"
"81","País","NUMÉRICO(0)","Cod_Jurisdicao","DK","Dinamarca","59"
"81","País","NUMÉRICO(0)","Cod_Jurisdicao","DM","Dominica","60"
"81","País","NUMÉRICO(0)","Cod_Jurisdicao","DO","República Dominicana","61"
"81","País","NUMÉRICO(0)","Cod_Jurisdicao","DZ","Argélia","62"
"81","País","NUMÉRICO(0)","Cod_Jurisdicao","EC","Equador","63"
"81","País","NUMÉRICO(0)","Cod_Jurisdicao","EE","Estônia","64"
"81","País","NUMÉRICO(0)","Cod_Jurisdicao","EG","Egito","65"
"81","País","NUMÉRICO(0)","Cod_Jurisdicao","EH","Saara Ocidental","66"
"81","País","NUMÉRICO(0)","Cod_Jurisdicao","ER","Eritreia","67"
"81","País","NUMÉRICO(0)","Cod_Jurisdicao","ES","Espanha","68"
"81","País","NUMÉRICO(0)","Cod_Jurisdicao","ET","Etiópia","69"
"81","País","NUMÉRICO(0)","Cod_Jurisdicao","FI","Finlândia","70"
"81","País","NUMÉRICO(0)","Cod_Jurisdicao","FJ","Fiji","71"
"81","País","NUMÉRICO(0)","Cod_Jurisdicao","FK","Ilhas Falkland","72"
"81","País","NUMÉRICO(0)","Cod_Jurisdicao","FM","Estados Federados da Micronésia","73"
"81","País","NUMÉRICO(0)","Cod_Jurisdicao","FO","Ilhas Faroé","74"
"81","País","NUMÉRICO(0)","Cod_Jurisdicao","FR","França","75"
"81","País","NUMÉRICO(0)","Cod_Jurisdicao","GA","Gabão","76"
"81","País","NUMÉRICO(0)","Cod_Jurisdicao","GB","Reino Unido","77"
"81","País","NUMÉRICO(0)","Cod_Jurisdicao","GD","Granada","78"
"81","País","NUMÉRICO(0)","Cod_Jurisdicao","GE","Geórgia","79"
"81","País","NUMÉRICO(0)","Cod_Jurisdicao","GF","Guiana Francesa","80"
"81","País","NUMÉRICO(0)","Cod_Jurisdicao","GG","Guernesei","81"
"81","País","NUMÉRICO(0)","Cod_Jurisdicao","GH","Gana","82"
"81","País","NUMÉRICO(0)","Cod_Jurisdicao","GI","Gibraltar","83"
"81","País","NUMÉRICO(0)","Cod_Jurisdicao","GL","Gronelândia","84"
"81","País","NUMÉRICO(0)","Cod_Jurisdicao","GM","Gâmbia","85"
"81","País","NUMÉRICO(0)","Cod_Jurisdicao","GN","Guiné","86"
"81","País","NUMÉRICO(0)","Cod_Jurisdicao","GP","Guadalupe","87"
"81","País","NUMÉRICO(0)","Cod_Jurisdicao","GQ","Guiné Equatorial","88"
"81","País","NUMÉRICO(0)","Cod_Jurisdicao","GR","Grécia","89"
"81","País","NUMÉRICO(0)","Cod_Jurisdicao","GS","Ilhas Geórgia do Sul e Sandwich do Sul","90"
"81","País","NUMÉRICO(0)","Cod_Jurisdicao","GT","Guatemala","91"
"81","País","NUMÉRICO(0)","Cod_Jurisdicao","GU","Guam","92"
"81","País","NUMÉRICO(0)","Cod_Jurisdicao","GW","Guiné-Bissau","93"
"81","País","NUMÉRICO(0)","Cod_Jurisdicao","GY","Guiana","94"
"81","País","NUMÉRICO(0)","Cod_Jurisdicao","HK","Hong Kong","95"
"81","País","NUMÉRICO(0)","Cod_Jurisdicao","HM","Ilha Heard e Ilhas McDonald","96"
"81","País","NUMÉRICO(0)","Cod_Jurisdicao","HN","Honduras","97"
"81","País","NUMÉRICO(0)","Cod_Jurisdicao","HR","Croácia","98"
"81","País","NUMÉRICO(0)","Cod_Jurisdicao","HT","Haiti","99"
"81","País","NUMÉRICO(0)","Cod_Jurisdicao","HU","Hungria","100"
"81","País","NUMÉRICO(0)","Cod_Jurisdicao","ID","Indonésia","101"
"81","País","NUMÉRICO(0)","Cod_Jurisdicao","IE","Irlanda","102"
"81","País","NUMÉRICO(0)","Cod_Jurisdicao","IL","Israel","103"
"81","País","NUMÉRICO(0)","Cod_Jurisdicao","IM","Ilha de Man","104"
"81","País","NUMÉRICO(0)","Cod_Jurisdicao","IN","Índia","105"
"81","País","NUMÉRICO(0)","Cod_Jurisdicao","IO","Território Britânico do Oceano Índico","106"
"81","País","NUMÉRICO(0)","Cod_Jurisdicao","IQ","Iraque","107"
"81","País","NUMÉRICO(0)","Cod_Jurisdicao","IR","Irã","108"
"81","País","NUMÉRICO(0)","Cod_Jurisdicao","IS","Islândia","109"
"81","País","NUMÉRICO(0)","Cod_Jurisdicao","IT","Itália","110"
"81","País","NUMÉRICO(0)","Cod_Jurisdicao","JE","Jersey","111"
"81","País","NUMÉRICO(0)","Cod_Jurisdicao","JM","Jamaica","112"
"81","País","NUMÉRICO(0)","Cod_Jurisdicao","JO","Jordânia","113"
"81","País","NUMÉRICO(0)","Cod_Jurisdicao","JP","Japão","114"
"81","País","NUMÉRICO(0)","Cod_Jurisdicao","KE","Quênia","115"
"81","País","NUMÉRICO(0)","Cod_Jurisdicao","KG","Quirguistão","116"
"81","País","NUMÉRICO(0)","Cod_Jurisdicao","KH","Camboja","117"
"81","País","NUMÉRICO(0)","Cod_Jurisdicao","KI","Quiribati","118"
"81","País","NUMÉRICO(0)","Cod_Jurisdicao","KM","Comores","119"
"81","País","NUMÉRICO(0)","Cod_Jurisdicao","KN","São Cristóvão e Nevis","120"
"81","País","NUMÉRICO(0)","Cod_Jurisdicao","KP","Coreia do Norte","121"
"81","País","NUMÉRICO(0)","Cod_Jurisdicao","KR","Coreia do Sul","122"
"81","País","NUMÉRICO(0)","Cod_Jurisdicao","KW","Kuwait","123"
"81","País","NUMÉRICO(0)","Cod_Jurisdicao","KY","Ilhas Cayman","124"
"81","País","NUMÉRICO(0)","Cod_Jurisdicao","KZ","Cazaquistão","125"
"81","País","NUMÉRICO(0)","Cod_Jurisdicao","LA","Laos","126"
"81","País","NUMÉRICO(0)","Cod_Jurisdicao","LB","Líbano","127"
"81","País","NUMÉRICO(0)","Cod_Jurisdicao","LC","Santa Lúcia","128"
"81","País","NUMÉRICO(0)","Cod_Jurisdicao","LI","Liechtenstein","129"
"81","País","NUMÉRICO(0)","Cod_Jurisdicao","LK","Sri Lanka","130"
"81","País","NUMÉRICO(0)","Cod_Jurisdicao","LR","Libéria","131"
"81","País","NUMÉRICO(0)","Cod_Jurisdicao","LS","Lesoto","132"
"81","País","NUMÉRICO(0)","Cod_Jurisdicao","LT","Lituânia","133"
"81","País","NUMÉRICO(0)","Cod_Jurisdicao","LU","Luxemburgo","134"
"81","País","NUMÉRICO(0)","Cod_Jurisdicao","LV","Letônia","135"
"81","País","NUMÉRICO(0)","Cod_Jurisdicao","LY","Líbia","136"
"81","País","NUMÉRICO(0)","Cod_Jurisdicao","MA","Marrocos","137"
"81","País","NUMÉRICO(0)","Cod_Jurisdicao","MC","Mónaco","138"
"81","País","NUMÉRICO(0)","Cod_Jurisdicao","MD","Moldávia","139"
"81","País","NUMÉRICO(0)","Cod_Jurisdicao","ME","Montenegro","140"
"81","País","NUMÉRICO(0)","Cod_Jurisdicao","MF","Saint Martin","141"
"81","País","NUMÉRICO(0)","Cod_Jurisdicao","MG","Madagáscar","142"
"81","País","NUMÉRICO(0)","Cod_Jurisdicao","MH","Ilhas Marshall","143"
"81","País","NUMÉRICO(0)","Cod_Jurisdicao","MK","Macedónia","144"
"81","País","NUMÉRICO(0)","Cod_Jurisdicao","ML","Mali","145"
"81","País","NUMÉRICO(0)","Cod_Jurisdicao","MM","Mianmar","146"
"81","País","NUMÉRICO(0)","Cod_Jurisdicao","MN","Mongólia","147"
"81","País","NUMÉRICO(0)","Cod_Jurisdicao","MO","Macau","148"
"81","País","NUMÉRICO(0)","Cod_Jurisdicao","MP","Ilhas Marianas do Norte","149"
"81","País","NUMÉRICO(0)","Cod_Jurisdicao","MQ","Martinica","150"
"81","País","NUMÉRICO(0)","Cod_Jurisdicao","MR","Mauritânia","151"
"81","País","NUMÉRICO(0)","Cod_Jurisdicao","MS","Monserrate","152"
"81","País","NUMÉRICO(0)","Cod_Jurisdicao","MT","Malta","153"
"81","País","NUMÉRICO(0)","Cod_Jurisdicao","MU","Maurícia","154"
"81","País","NUMÉRICO(0)","Cod_Jurisdicao","MV","Maldivas","155"
"81","País","NUMÉRICO(0)","Cod_Jurisdicao","MW","Malawi","156"
"81","País","NUMÉRICO(0)","Cod_Jurisdicao","MX","México","157"
"81","País","NUMÉRICO(0)","Cod_Jurisdicao","MY","Malásia","158"
"81","País","NUMÉRICO(0)","Cod_Jurisdicao","MZ","Moçambique","159"
"81","País","NUMÉRICO(0)","Cod_Jurisdicao","NA","Namíbia","160"
"81","País","NUMÉRICO(0)","Cod_Jurisdicao","NC","Nova Caledônia","161"
"81","País","NUMÉRICO(0)","Cod_Jurisdicao","NE","Níger","162"
"81","País","NUMÉRICO(0)","Cod_Jurisdicao","NF","Ilha Norfolk","163"
"81","País","NUMÉRICO(0)","Cod_Jurisdicao","NG","Nigéria","164"
"81","País","NUMÉRICO(0)","Cod_Jurisdicao","NI","Nicarágua","165"
"81","País","NUMÉRICO(0)","Cod_Jurisdicao","NL","Holanda","166"
"81","País","NUMÉRICO(0)","Cod_Jurisdicao","NO","Noruega","167"
"81","País","NUMÉRICO(0)","Cod_Jurisdicao","NP","Nepal","168"
"81","País","NUMÉRICO(0)","Cod_Jurisdicao","NR","Nauru","169"
"81","País","NUMÉRICO(0)","Cod_Jurisdicao","NU","Niue","170"
"81","País","NUMÉRICO(0)","Cod_Jurisdicao","NZ","Nova Zelândia","171"
"81","País","NUMÉRICO(0)","Cod_Jurisdicao","OM","Omã","172"
"81","País","NUMÉRICO(0)","Cod_Jurisdicao","PA","Panamá","173"
"81","País","NUMÉRICO(0)","Cod_Jurisdicao","PE","Peru","174"
"81","País","NUMÉRICO(0)","Cod_Jurisdicao","PF","Polinésia Francesa","175"
"81","País","NUMÉRICO(0)","Cod_Jurisdicao","PG","Papua-Nova Guiné","176"
"81","País","NUMÉRICO(0)","Cod_Jurisdicao","PH","Filipinas","177"
"81","País","NUMÉRICO(0)","Cod_Jurisdicao","PK","Paquistão","178"
"81","País","NUMÉRICO(0)","Cod_Jurisdicao","PL","Polónia","179"
"81","País","NUMÉRICO(0)","Cod_Jurisdicao","PM","São Pedro e Miquelão","180"
"81","País","NUMÉRICO(0)","Cod_Jurisdicao","PN","Pitcairn","181"
"81","País","NUMÉRICO(0)","Cod_Jurisdicao","PR","Porto Rico","182"
"81","País","NUMÉRICO(0)","Cod_Jurisdicao","PS","Palestina","183"
"81","País","NUMÉRICO(0)","Cod_Jurisdicao","PT","Portugal","184"
"81","País","NUMÉRICO(0)","Cod_Jurisdicao","PW","Palau","185"
"81","País","NUMÉRICO(0)","Cod_Jurisdicao","PY","Paraguai","186"
"81","País","NUMÉRICO(0)","Cod_Jurisdicao","QA","Qatar","187"
"81","País","NUMÉRICO(0)","Cod_Jurisdicao","RE","Reunião","188"
"81","País","NUMÉRICO(0)","Cod_Jurisdicao","RO","Roménia","189"
"81","País","NUMÉRICO(0)","Cod_Jurisdicao","RS","Sérvia","190"
"81","País","NUMÉRICO(0)","Cod_Jurisdicao","RU","Rússia","191"
"81","País","NUMÉRICO(0)","Cod_Jurisdicao","RW","Ruanda","192"
"81","País","NUMÉRICO(0)","Cod_Jurisdicao","SA","Arábia Saudita","193"
"81","País","NUMÉRICO(0)","Cod_Jurisdicao","SB","Ilhas Salomão","194"
"81","País","NUMÉRICO(0)","Cod_Jurisdicao","SC","Seychelles","195"
"81","País","NUMÉRICO(0)","Cod_Jurisdicao","SD","Sudão","196"
"81","País","NUMÉRICO(0)","Cod_Jurisdicao","SE","Suécia","197"
"81","País","NUMÉRICO(0)","Cod_Jurisdicao","SG","Singapura","198"
"81","País","NUMÉRICO(0)","Cod_Jurisdicao","SH","Santa Helena, Ascensão e Tristão da Cunha","199"
"81","País","NUMÉRICO(0)","Cod_Jurisdicao","SI","Eslovênia","200"
"81","País","NUMÉRICO(0)","Cod_Jurisdicao","SJ","Svalbard e Jan Mayen","201"
"81","País","NUMÉRICO(0)","Cod_Jurisdicao","SK","Eslováquia","202"
"81","País","NUMÉRICO(0)","Cod_Jurisdicao","SL","Serra Leoa","203"
"81","País","NUMÉRICO(0)","Cod_Jurisdicao","SM","San Marino","204"
"81","País","NUMÉRICO(0)","Cod_Jurisdicao","SN","Senegal","205"
"81","País","NUMÉRICO(0)","Cod_Jurisdicao","SO","Somália","206"
"81","País","NUMÉRICO(0)","Cod_Jurisdicao","SR","Suriname","207"
"81","País","NUMÉRICO(0)","Cod_Jurisdicao","SS","Sudão do Sul","208"
"81","País","NUMÉRICO(0)","Cod_Jurisdicao","ST","São Tomé e Príncipe","209"
"81","País","NUMÉRICO(0)","Cod_Jurisdicao","SV","El Salvador","210"
"81","País","NUMÉRICO(0)","Cod_Jurisdicao","SX","Sint Maarten","211"
"81","País","NUMÉRICO(0)","Cod_Jurisdicao","SY","Síria","212"
"81","País","NUMÉRICO(0)","Cod_Jurisdicao","SZ","Suazilândia","213"
"81","País","NUMÉRICO(0)","Cod_Jurisdicao","TC","Ilhas Turks e Caicos","214"
"81","País","NUMÉRICO(0)","Cod_Jurisdicao","TD","Chade","215"
"81","País","NUMÉRICO(0)","Cod_Jurisdicao","TF","Territórios Franceses Do Sul","216"
"81","País","NUMÉRICO(0)","Cod_Jurisdicao","TG","Togo","217"
"81","País","NUMÉRICO(0)","Cod_Jurisdicao","TH","Tailândia","218"
"81","País","NUMÉRICO(0)","Cod_Jurisdicao","TJ","Tajiquistão","219"
"81","País","NUMÉRICO(0)","Cod_Jurisdicao","TK","Toquelau","220"
"81","País","NUMÉRICO(0)","Cod_Jurisdicao","TL","Timor-Leste","221"
"81","País","NUMÉRICO(0)","Cod_Jurisdicao","TM","Turcomenistão","222"
"81","País","NUMÉRICO(0)","Cod_Jurisdicao","TN","Tunísia","223"
"81","País","NUMÉRICO(0)","Cod_Jurisdicao","TO","Tonga","224"
"81","País","NUMÉRICO(0)","Cod_Jurisdicao","TR","Turquia","225"
"81","País","NUMÉRICO(0)","Cod_Jurisdicao","TT","Trinidad e Tobago","226"
"81","País","NUMÉRICO(0)","Cod_Jurisdicao","TV","Tuvalu","227"
"81","País","NUMÉRICO(0)","Cod_Jurisdicao","TW","Taiwan","228"
"81","País","NUMÉRICO(0)","Cod_Jurisdicao","TZ","Tanzânia","229"
"81","País","NUMÉRICO(0)","Cod_Jurisdicao","UA","Ucrânia","230"
"81","País","NUMÉRICO(0)","Cod_Jurisdicao","UG","Uganda","231"
"81","País","NUMÉRICO(0)","Cod_Jurisdicao","UM","Ilhas Menores Distantes dos Estados Unidos","232"
"81","País","NUMÉRICO(0)","Cod_Jurisdicao","US","Estados Unidos","233"
"81","País","NUMÉRICO(0)","Cod_Jurisdicao","UY","Uruguai","234"
"81","País","NUMÉRICO(0)","Cod_Jurisdicao","UZ","Uzbequistão","235"
"81","País","NUMÉRICO(0)","Cod_Jurisdicao","VA","Vaticano","236"
"81","País","NUMÉRICO(0)","Cod_Jurisdicao","VC","São Vicente e Granadinas","237"
"81","País","NUMÉRICO(0)","Cod_Jurisdicao","VE","Venezuela","238"
"81","País","NUMÉRICO(0)","Cod_Jurisdicao","VG","Ilhas Virgens Britânicas","239"
"81","País","NUMÉRICO(0)","Cod_Jurisdicao","VI","Ilhas Virgens Americanas","240"
"81","País","NUMÉRICO(0)","Cod_Jurisdicao","VN","Vietnã","241"
"81","País","NUMÉRICO(0)","Cod_Jurisdicao","VU","Vanuatu","242"
"81","País","NUMÉRICO(0)","Cod_Jurisdicao","WF","Wallis e Futuna","243"
"81","País","NUMÉRICO(0)","Cod_Jurisdicao","WS","Samoa","244"
"81","País","NUMÉRICO(0)","Cod_Jurisdicao","YE","Iêmen","245"
"81","País","NUMÉRICO(0)","Cod_Jurisdicao","YT","Mayotte","246"
"81","País","NUMÉRICO(0)","Cod_Jurisdicao","ZA","África do Sul","247"
"81","País","NUMÉRICO(0)","Cod_Jurisdicao","ZM","Zâmbia","248"
"81","País","NUMÉRICO(0)","Cod_Jurisdicao","ZW","Zimbábue","249"
"83","Moeda","NUMÉRICO(0)","Moeda","ADP","Peseta de Andorra","1"
"83","Moeda","NUMÉRICO(0)","Moeda","AED","Dirham dos Emirados","2"
"83","Moeda","NUMÉRICO(0)","Moeda","AFN","Afegane","3"
"83","Moeda","NUMÉRICO(0)","Moeda","ALL","Lek","4"
"83","Moeda","NUMÉRICO(0)","Moeda","AMD","Dram","5"
"83","Moeda","NUMÉRICO(0)","Moeda","ANG","Florim","6"
"83","Moeda","NUMÉRICO(0)","Moeda","AOA","Kwanza","7"
"83","Moeda","NUMÉRICO(0)","Moeda","ARS","Peso Argentino","8"
"83","Moeda","NUMÉRICO(0)","Moeda","ATS","Xelim austríaco","9"
"83","Moeda","NUMÉRICO(0)","Moeda","AUD","Dólar australiano","10"
"83","Moeda","NUMÉRICO(0)","Moeda","AWG","Florim de Aruba","11"
"83","Moeda","NUMÉRICO(0)","Moeda","AZN","Manat do Azerbaijão","12"
"83","Moeda","NUMÉRICO(0)","Moeda","BAM","Marco convertível","13"
"83","Moeda","NUMÉRICO(0)","Moeda","BBD","Dólar de Barbados","14"
"83","Moeda","NUMÉRICO(0)","Moeda","BDT","Taka","15"
"83","Moeda","NUMÉRICO(0)","Moeda","BEF","Franco belga","16"
"83","Moeda","NUMÉRICO(0)","Moeda","BGN","Lev","17"
"83","Moeda","NUMÉRICO(0)","Moeda","BHD","Dinar do Bahrein","18"
"83","Moeda","NUMÉRICO(0)","Moeda","BIF","Franco do Burundi","19"
"83","Moeda","NUMÉRICO(0)","Moeda","BMD","Dólar de Bermuda","20"
"83","Moeda","NUMÉRICO(0)","Moeda","BND","Dólar do Brunei","21"
"83","Moeda","NUMÉRICO(0)","Moeda","BOB","Boliviano","22"
"83","Moeda","NUMÉRICO(0)","Moeda","BOV","Boliviano Mvdol","23"
"83","Moeda","NUMÉRICO(0)","Moeda","BRL","Real","24"
"83","Moeda","NUMÉRICO(0)","Moeda","BSD","Dólar das Bahamas","25"
"83","Moeda","NUMÉRICO(0)","Moeda","BTN","Ngultrum","26"
"83","Moeda","NUMÉRICO(0)","Moeda","BWP","Pula","27"
"83","Moeda","NUMÉRICO(0)","Moeda","BYR","Rublo bielorrusso","28"
"83","Moeda","NUMÉRICO(0)","Moeda","BZD","Dólar do Belize","29"
"83","Moeda","NUMÉRICO(0)","Moeda","CAD","Dólar canadense","30"
"83","Moeda","NUMÉRICO(0)","Moeda","CDF","Franco congolês","31"
"83","Moeda","NUMÉRICO(0)","Moeda","CHE","WIR euro","32"
"83","Moeda","NUMÉRICO(0)","Moeda","CHF","Franco suíço","33"
"83","Moeda","NUMÉRICO(0)","Moeda","CHW","WIR franc","34"
"83","Moeda","NUMÉRICO(0)","Moeda","CLF","Unidade de Fomento","35"
"83","Moeda","NUMÉRICO(0)","Moeda","CLP","Peso chileno","36"
"83","Moeda","NUMÉRICO(0)","Moeda","CNH","Renminbi (offshore)","186"
"83","Moeda","NUMÉRICO(0)","Moeda","CNY","Renminbi","37"
"83","Moeda","NUMÉRICO(0)","Moeda","COP","Peso colombiano","38"
"83","Moeda","NUMÉRICO(0)","Moeda","COU","Unidade de Valor Real","39"
"83","Moeda","NUMÉRICO(0)","Moeda","CRC","Colon da Costa Rica","40"
"83","Moeda","NUMÉRICO(0)","Moeda","CUC","Cuban convertible peso","41"
"83","Moeda","NUMÉRICO(0)","Moeda","CUP","Peso cubano","42"
"83","Moeda","NUMÉRICO(0)","Moeda","CVE","Escudo cabo-verdiano","43"
"83","Moeda","NUMÉRICO(0)","Moeda","CZK","Coroa","44"
"83","Moeda","NUMÉRICO(0)","Moeda","DEM","Marco alemão","45"
"83","Moeda","NUMÉRICO(0)","Moeda","DJF","Franco do Djibuti","46"
"83","Moeda","NUMÉRICO(0)","Moeda","DKK","Coroa dinamarquesa","47"
"83","Moeda","NUMÉRICO(0)","Moeda","DOP","Peso","48"
"83","Moeda","NUMÉRICO(0)","Moeda","DZD","Dinar argelino","49"
"83","Moeda","NUMÉRICO(0)","Moeda","EEK","Coroa estoniana","50"
"83","Moeda","NUMÉRICO(0)","Moeda","EGP","Libra egípcia","51"
"83","Moeda","NUMÉRICO(0)","Moeda","ERN","Nakfa","52"
"83","Moeda","NUMÉRICO(0)","Moeda","ESP","Peseta espanhola","53"
"83","Moeda","NUMÉRICO(0)","Moeda","ETB","Birr etíope","54"
"83","Moeda","NUMÉRICO(0)","Moeda","EUR","Euro","55"
"83","Moeda","NUMÉRICO(0)","Moeda","FIM","Markka finlandesa","56"
"83","Moeda","NUMÉRICO(0)","Moeda","FJD","Dólar das Fiji","57"
"83","Moeda","NUMÉRICO(0)","Moeda","FKP","Libra das Malvinas","58"
"83","Moeda","NUMÉRICO(0)","Moeda","FRF","Franco francês","59"
"83","Moeda","NUMÉRICO(0)","Moeda","GBP","Libra Esterlina","60"
"83","Moeda","NUMÉRICO(0)","Moeda","GEL","Lari","61"
"83","Moeda","NUMÉRICO(0)","Moeda","GEN","GEN","186"
"83","Moeda","NUMÉRICO(0)","Moeda","GHS","Cedi","62"
"83","Moeda","NUMÉRICO(0)","Moeda","GIP","Libra de Gibraltar","63"
"83","Moeda","NUMÉRICO(0)","Moeda","GMD","Dalasi","64"
"83","Moeda","NUMÉRICO(0)","Moeda","GNF","Franco da Guiné","65"
"83","Moeda","NUMÉRICO(0)","Moeda","GRD","Dracma grego","66"
"83","Moeda","NUMÉRICO(0)","Moeda","GTQ","Quetzal guatemalteco","67"
"83","Moeda","NUMÉRICO(0)","Moeda","GYD","Dólar da Guiana","68"
"83","Moeda","NUMÉRICO(0)","Moeda","HKD","Dólar de Hong Kong","69"
"83","Moeda","NUMÉRICO(0)","Moeda","HNL","Lempira","70"
"83","Moeda","NUMÉRICO(0)","Moeda","HRK","Kuna","71"
"83","Moeda","NUMÉRICO(0)","Moeda","HTG","Gourde","72"
"83","Moeda","NUMÉRICO(0)","Moeda","HUF","Forint","73"
"83","Moeda","NUMÉRICO(0)","Moeda","IDR","Rupia indonésia","74"
"83","Moeda","NUMÉRICO(0)","Moeda","IEP","Libra irlandesa","75"
"83","Moeda","NUMÉRICO(0)","Moeda","ILS","Shekel","76"
"83","Moeda","NUMÉRICO(0)","Moeda","INR","Rupia indiana","77"
"83","Moeda","NUMÉRICO(0)","Moeda","IQD","Dinar iraquiano","78"
"83","Moeda","NUMÉRICO(0)","Moeda","IRR","Rial iraniano","79"
"83","Moeda","NUMÉRICO(0)","Moeda","ISK","Krona islandesa","80"
"83","Moeda","NUMÉRICO(0)","Moeda","ITL","Lira italiana","81"
"83","Moeda","NUMÉRICO(0)","Moeda","JMD","Dólar jamaicano","82"
"83","Moeda","NUMÉRICO(0)","Moeda","JOD","Dinar jordano","83"
"83","Moeda","NUMÉRICO(0)","Moeda","JPY","Iene","84"
"83","Moeda","NUMÉRICO(0)","Moeda","KES","Xelim queniano","85"
"83","Moeda","NUMÉRICO(0)","Moeda","KGS","Som","86"
"83","Moeda","NUMÉRICO(0)","Moeda","KHR","Riel","87"
"83","Moeda","NUMÉRICO(0)","Moeda","KMF","Franco das Comoros","88"
"83","Moeda","NUMÉRICO(0)","Moeda","KPW","Won norte coreano","89"
"83","Moeda","NUMÉRICO(0)","Moeda","KRW","Won sul coreano","90"
"83","Moeda","NUMÉRICO(0)","Moeda","KWD","Dinar do Kuwait","91"
"83","Moeda","NUMÉRICO(0)","Moeda","KYD","Dólar das Ilhas Caimão","92"
"83","Moeda","NUMÉRICO(0)","Moeda","KZT","Tenge","93"
"83","Moeda","NUMÉRICO(0)","Moeda","LAK","Kip","94"
"83","Moeda","NUMÉRICO(0)","Moeda","LBP","Libra libanesa","95"
"83","Moeda","NUMÉRICO(0)","Moeda","LKR","Rupia do Sri Lanka","96"
"83","Moeda","NUMÉRICO(0)","Moeda","LRD","Dólar da Libéria","97"
"83","Moeda","NUMÉRICO(0)","Moeda","LSL","Loti","98"
"83","Moeda","NUMÉRICO(0)","Moeda","LTL","Litas","99"
"83","Moeda","NUMÉRICO(0)","Moeda","LUF","Franco luxemburguês","100"
"83","Moeda","NUMÉRICO(0)","Moeda","LVL","Lats","101"
"83","Moeda","NUMÉRICO(0)","Moeda","LYD","Dinar da Líbia","102"
"83","Moeda","NUMÉRICO(0)","Moeda","MAD","Dirham marroquino","103"
"83","Moeda","NUMÉRICO(0)","Moeda","MDL","Leu","104"
"83","Moeda","NUMÉRICO(0)","Moeda","MGA","Ariary","105"
"83","Moeda","NUMÉRICO(0)","Moeda","MKD","Denar","106"
"83","Moeda","NUMÉRICO(0)","Moeda","MMK","Kyat","107"
"83","Moeda","NUMÉRICO(0)","Moeda","MNT","Tugrik","108"
"83","Moeda","NUMÉRICO(0)","Moeda","MOP","Pataca","109"
"83","Moeda","NUMÉRICO(0)","Moeda","MRO","Ouguiya","110"
"83","Moeda","NUMÉRICO(0)","Moeda","MUR","Rupia da Maurícia","111"
"83","Moeda","NUMÉRICO(0)","Moeda","MVR","Rufiyaa","112"
"83","Moeda","NUMÉRICO(0)","Moeda","MWK","Kwacha","113"
"83","Moeda","NUMÉRICO(0)","Moeda","MXN","Peso Mexicano","114"
"83","Moeda","NUMÉRICO(0)","Moeda","MXV","Unidade Mexicana de Investimento","115"
"83","Moeda","NUMÉRICO(0)","Moeda","MYR","Ringgit","116"
"83","Moeda","NUMÉRICO(0)","Moeda","MZN","Metical","117"
"83","Moeda","NUMÉRICO(0)","Moeda","NAD","Dólar da Namíbia","118"
"83","Moeda","NUMÉRICO(0)","Moeda","NGN","Naira","119"
"83","Moeda","NUMÉRICO(0)","Moeda","NIO","Cordoba Oro","120"
"83","Moeda","NUMÉRICO(0)","Moeda","NLG","Florim holandês","121"
"83","Moeda","NUMÉRICO(0)","Moeda","NOK","Coroa norueguesa","122"
"83","Moeda","NUMÉRICO(0)","Moeda","NPR","Rupia nepalesa","123"
"83","Moeda","NUMÉRICO(0)","Moeda","NZD","Dólar da Nova Zelândia","124"
"83","Moeda","NUMÉRICO(0)","Moeda","OMR","Rial Omani","125"
"83","Moeda","NUMÉRICO(0)","Moeda","PAB","Balboa","126"
"83","Moeda","NUMÉRICO(0)","Moeda","PEN","Nuevo Sol","127"
"83","Moeda","NUMÉRICO(0)","Moeda","PGK","Kina","128"
"83","Moeda","NUMÉRICO(0)","Moeda","PHP","Peso filipino","129"
"83","Moeda","NUMÉRICO(0)","Moeda","PKR","Rupia paquistanesa","130"
"83","Moeda","NUMÉRICO(0)","Moeda","PLN","Zloty","131"
"83","Moeda","NUMÉRICO(0)","Moeda","PTE","Escudo português","132"
"83","Moeda","NUMÉRICO(0)","Moeda","PYG","Guarani","133"
"83","Moeda","NUMÉRICO(0)","Moeda","QAR","Rial do Qatar","134"
"83","Moeda","NUMÉRICO(0)","Moeda","RON","Novo Leu","135"
"83","Moeda","NUMÉRICO(0)","Moeda","RSD","Dinar Sérvio","136"
"83","Moeda","NUMÉRICO(0)","Moeda","RUB","Rublo","137"
"83","Moeda","NUMÉRICO(0)","Moeda","RWF","Franco do Ruanda","138"
"83","Moeda","NUMÉRICO(0)","Moeda","SAR","Riyal","139"
"83","Moeda","NUMÉRICO(0)","Moeda","SBD","Dólar das Ilhas Salomão","140"
"83","Moeda","NUMÉRICO(0)","Moeda","SCR","Rupia das Seychelles","141"
"83","Moeda","NUMÉRICO(0)","Moeda","SDG","Dinar sudanês","142"
"83","Moeda","NUMÉRICO(0)","Moeda","SEK","Coroa Sueca","143"
"83","Moeda","NUMÉRICO(0)","Moeda","SGD","Dólar de Cingapura","144"
"83","Moeda","NUMÉRICO(0)","Moeda","SHP","Libra de Santa Helena","145"
"83","Moeda","NUMÉRICO(0)","Moeda","SLL","Leone","146"
"83","Moeda","NUMÉRICO(0)","Moeda","SOS","Xelim somali","147"
"83","Moeda","NUMÉRICO(0)","Moeda","SRD","Dólar do Suriname","148"
"83","Moeda","NUMÉRICO(0)","Moeda","STD","Dobra","149"
"83","Moeda","NUMÉRICO(0)","Moeda","SVC","Colon de El Salvador","150"
"83","Moeda","NUMÉRICO(0)","Moeda","SYP","Libra da Síria","151"
"83","Moeda","NUMÉRICO(0)","Moeda","SZL","Lilangeni","152"
"83","Moeda","NUMÉRICO(0)","Moeda","THB","Baht","153"
"83","Moeda","NUMÉRICO(0)","Moeda","TJS","Somoni","154"
"83","Moeda","NUMÉRICO(0)","Moeda","TMT","Manat turcomano","155"
"83","Moeda","NUMÉRICO(0)","Moeda","TND","Dinar tunisino","156"
"83","Moeda","NUMÉRICO(0)","Moeda","TOP","Paanga","157"
"83","Moeda","NUMÉRICO(0)","Moeda","TRY","Nova Lira turca","158"
"83","Moeda","NUMÉRICO(0)","Moeda","TTD","Dólar de Trindade e Tobago","159"
"83","Moeda","NUMÉRICO(0)","Moeda","TWD","Novo Dólar de Taiwan","160"
"83","Moeda","NUMÉRICO(0)","Moeda","TZS","Xelim da Tanzânia","161"
"83","Moeda","NUMÉRICO(0)","Moeda","UAH","Hryvnia","162"
"83","Moeda","NUMÉRICO(0)","Moeda","UGX","Xelim do Uganda","163"
"83","Moeda","NUMÉRICO(0)","Moeda","USD","Dólar Americano","164"
"83","Moeda","NUMÉRICO(0)","Moeda","UYU","Peso Uruguaio","165"
"83","Moeda","NUMÉRICO(0)","Moeda","UZS","Som Uzbeque","166"
"83","Moeda","NUMÉRICO(0)","Moeda","VEF","Bolívar","167"
"83","Moeda","NUMÉRICO(0)","Moeda","VES","Bolívar Soberano","168"
"83","Moeda","NUMÉRICO(0)","Moeda","VND","Dong","169"
"83","Moeda","NUMÉRICO(0)","Moeda","VUV","Vatu","170"
"83","Moeda","NUMÉRICO(0)","Moeda","WST","Tala","171"
"83","Moeda","NUMÉRICO(0)","Moeda","XAF","Franco CFA BEAC","172"
"83","Moeda","NUMÉRICO(0)","Moeda","XAU","Ouro","173"
"83","Moeda","NUMÉRICO(0)","Moeda","XBB","Unidade Monetária Europeia","174"
"83","Moeda","NUMÉRICO(0)","Moeda","XCD","Dólar das Caraíbas Orientais","175"
"83","Moeda","NUMÉRICO(0)","Moeda","XDR","Direitos Especiais de Saque (FMI)","176"
"83","Moeda","NUMÉRICO(0)","Moeda","XEU","Unidade Monetária Europeia (ECU)","177"
"83","Moeda","NUMÉRICO(0)","Moeda","XFU","Franco UIC","178"
"83","Moeda","NUMÉRICO(0)","Moeda","XOF","Franco CFA BCEAO","179"
"83","Moeda","NUMÉRICO(0)","Moeda","XPF","Franco CFP","180"
"83","Moeda","NUMÉRICO(0)","Moeda","YER","Rial do Iémene","181"
"83","Moeda","NUMÉRICO(0)","Moeda","ZAR","Rand","182"
"83","Moeda","NUMÉRICO(0)","Moeda","ZMK","Kwacha","183"
"83","Moeda","NUMÉRICO(0)","Moeda","ZMW","Zambian Kwacha","184"
"83","Moeda","NUMÉRICO(0)","Moeda","ZWL","Dolar do Zimbabwe","185"
"85","CNPJ Coop Sing Fil",,"CNPJ_Coop_Sing_Fil",,,
"86","PR NI Coop Sing Fil",,"PR_NI_Coop_Sing_Fil",,,
"87","Ctrapte Suj LEC Alt.",,"Cod_lim_alt","1","Contraparte sujeita ao limite alternativo","1"
"87","Ctrapte Suj LEC Alt.",,"Cod_lim_alt","2","Contraparte não sujeita ao limite alternativo. Limite tradicional","2"
"9","Forma Det Inst Cap","NUMÉRICO(0)","Cod_Form_Inst_Cap","1","Instrumentos adquiridos diretamente, exclusive o valor das quotas-partes correspondentes a participações de cooperativas de crédito no capital de cooperativas centrais de crédito ou de confederações de crédito.","1"
"9","Forma Det Inst Cap","NUMÉRICO(0)","Cod_Form_Inst_Cap","2","Instrumentos adquiridos indiretamente por meio de quotas de fundos de investimento, porporcionalmente à participação deste instrumentos na carteira do fundo.","2"
"9","Forma Det Inst Cap","NUMÉRICO(0)","Cod_Form_Inst_Cap","3","Instrumentos adquiridos indiretamente por meio de entidade assemelhada a instituição financeira ou por entidade não financeira controlada, inclusive participação indireta de cooperativa de crédito em banco cooperativo.","3"
"9","Forma Det Inst Cap","NUMÉRICO(0)","Cod_Form_Inst_Cap","4","Instrumentos adquiridos de forma sintética por meio de derivativos, exceto índice.","4"
"9","Forma Det Inst Cap","NUMÉRICO(0)","Cod_Form_Inst_Cap","5","Instrumentos adquiridos de forma sintética por meio de derivativos - índice.","5"
"9","Forma Det Inst Cap","NUMÉRICO(0)","Cod_Form_Inst_Cap","6","Concessão de crédito a terceiros com conhecimento, ainda que posterior à concessão, de que os recursos destinam-se especificamente a aumentar o capital de instituição autorizada a funcionar pelo Banco Central do Brasil, com exceção de cooperativas de crédito.","6"
"9","Forma Det Inst Cap","NUMÉRICO(0)","Cod_Form_Inst_Cap","9","Outra forma de aquisição.","9"
"91","Cat. Port. Eleg. IRB",,"Cat_Port_Eleg_IRB","1","Negócio de crédito rural","1"
