"codigo","situacao","nome","descricao","mensagem","parametros"
"ELIM0007","Ativa","Parâmetros válidos","Valida parâmetros do documento","Parâmetros informados no documento inválidos: [lista]","System.Object[]"
"ELIM0009","Ativa","Contas válidas","Valida contas do documento","Contas inválidas informadas no documento: [lista]","System.Object[]"
"ELIM0012","Ativa","Elemento com valor inteiro válido","Valida se valor informado para o elemento é um valor inteiro  válido","Informado valor em formato inteiro inválido.","System.Object[]"
"ELIM0013","Ativa","Soma de detalhamentos de conta igual ao saldo da conta","Valida se o saldo da conta é igual à soma de seus detalhamentos","Valor informado para conta difere do somatório dos seus detalhamentos","System.Object[]"
"ELIM0016","Ativa","Saldo da conta igual resultado de sua fórmula","Valida saldo de conta com base em fórmula de validação","Valor informado para o saldo da conta difere do resultado esperado a partir de sua fórmula","System.Object[]"
"ELIM0020","Ativa","Contas repetidas","Valida contas repetidas no documento","Contas repetidas informadas no documento: [lista]","System.Object[]"
"ELIM0026","Ativa","Valida sinal positivo de contas","Valida saldos positivos","Valor informado para a conta não pode assumir valor negativo","System.Object[]"
"ELIM0027","Ativa","Parâmetro 'S' ou 'N'","Valida se parâmetro é diferente de 'S' ou 'N'","Parâmetro infomado no documento deve ser 'S' ou 'N'","System.Object[]"
"ELIM0028","Desativada","Validar Fator F com limite 05","Espera-se que o fator F (domínio 1 da tab6) seja informado sempre que a instituição estiver sujeita ao limite 05.00 da tab1","Parâmetro 'Fator F' não informado. Instituição submetida ao limite 05 deve informá-lo.","System.Object[]"
"ELIM0029","Desativada","Validar Fator F para cooperativas","Espera-se que o fator F seja 11 para todas instituições financeiras à exceção das repassadoras (que não estão sujeitas ao limites 05) e das cooperativas de crédito que poderão ser:  Cooperativas não vinculadas a centrais: 15 ou 17, será 17 obrigatoriamente se o domínio 2 da tab6 for 'S'. E será 15 obrigatoriamente se for 'N'. Cooperativas vinculadas a centrais: 11 ou 13, será 13 obrigatoriamente se o domínio 2 da tab6 for 'S'. E será 11 obrigatoriamente se for 'N'.","Valor informado para parâmetro 'Fator F' é inválido para o tipo de instituição financeira.","System.Object[]"
"ELIM0030","Ativa","Validar obrigatoriedade da Opção de Adicional para cooperativas","Espera-se que o domínio 2 da tab6 seja informado sempre que a instituição for cooperativa de crédito","Parâmetro 'Opção pelo adicional do Fator F' não informado. Cooperativa de crédito deve informá-lo.","System.Object[]"
"ELIM0031","Desativada","Validar obrigatoriedade da Metodologia para o limite 05","Espera-se que o domínio 3 da tab6 seja informado sempre que a instituição estiver sujeita ao limite 05.00 da tab1","Parâmetro 'Opção da metodologia de risco operacional' não informado. Instituição submetida ao limite 05 deve informá-lo.","System.Object[]"
"ELIM0032","Desativada","Validar Fator F para cooperativas","Fator F informado com valores diferentes de 0,11; 0,13; 0,15 ou 0,17 (os fatores 0,5 e 0,17 somente são válido para Ifs do tipo cooperativa atributo R e codigo segmento no Unicad igual a 9)","Valor informado para parâmetro 'Fator F' é inválido para o tipo da instituição financeira.","System.Object[]"
"ELIM0033","Desativada","Validar Fator F com Opção pelo Adicional","Fator F informado com 0,11 ou 0,15 (especificamente para cooperativas) sem que o parâmetro (2) do Anexo 6 (CodigodoParametro) esteja preenchido com N","Valor informado para parâmetro 'Fator F' não é válido para instituição optante pelo adicional do Fator F.","System.Object[]"
"ELIM0034","Desativada","Validar Fator F com Opção pelo Adicional","Fator F informado como 0,13 ou 0,17 (especificamente para cooperativas) com o parâmetro (2) do Anexo 6 (CodigodoParametro) preenchido com N","Valor informado para parâmetro 'Fator F' não é válido para instituição não optante pelo adicional do Fator F.","System.Object[]"
"ELIM0035","Ativa","Validar conta 101","Conta 101 (PR para Basileia) informada com valor igual a Zero. Não permitir a entrada.","Valor informado para conta 101 é inválido. Valor deve ser diferente de zero.","System.Object[]"
"ELIM0036","Ativa","Validar conta 102","Conta 102 (PR para Imobilização) informada com valor igual a Zero. Não permitir a entrada.","Valor informado para conta 102 é inválido. Valor deve ser diferente de zero.","System.Object[]"
"ELIM0037","Ativa","Validar conta 900","Conta 900 (Valor do RWA ) informada com valor igual a Zero. Não permitir a entrada.","Valor informado para conta 900 é inválido. Valor deve maior do que zero.","System.Object[]"
"ELIM0038","Ativa","Validar conta 960 menor do que zero","Sempre que o valor da conta 960 (Margem/Insuficiência para Limite de Imobilização) for menor do que zero ele dever ser igual em valor absoluto ao valor da conta 105 (Excesso de Recursos Aplicados no Ativo Permanente)","Valor informado para conta 960 é inválido. Valor da conta 960 (R$ VALOR1) deve ser igual, em valor absoluto, ao da conta 105 (R$ VALOR2).","System.Object[]"
"ELIM0039","Ativa","Validar conta 960 maior do que zero","Sempre que o valor da conta 960 for maior ou igual a zero então o valor da conta 105 tem que ser igual a zero.","Valor informado para conta 105 é inválido. Valor da conta 105 deve ser igual a zero quando o valor da conta 960 for maior ou igual a zero.","System.Object[]"
"ELIM0040","Desativada","VALIDAR CONTA 120 ANTES DE 10/2013","Se o saldo da conta conta 120 (PATRIMONIO DE REFERENCIA NIVEL II) for positivo, então ele está limitado ao maior valor entre 0 e o saldo da conta 110 (PATRIMONIO DE REFERENCIA NIVEL I).","Valor informado para conta 120 é inválido. Valor da conta 120, quando positivo, deve limitar-se ao maior valor entre zero e o saldo da conta 110.","System.Object[]"
"ELIM0042","Ativa","Validar parâmetro de nome do responsável","O parâmetro Nome do responsável pelo envio do documento deve ser obrigatoriamente informado","Parâmetro Nome do responsável pelo envio do documento não informado.","System.Object[]"
"ELIM0043","Ativa","Validar parametro de telefone do responsável","O parâmetro telefone do responsável pelo envio do documento deve ser obrigatoriamente informado","Parâmetro Telefone do responsável pelo envio do documento não informado.","System.Object[]"
"ELIM0044","Desativada","Validar substituição de Documento","Se o indicador for 'inclusão', rotina processará documentos com situação 'esperado' e 'processado com erro' e rejeitará os com situação 'processado com sucesso';- Se o indicador for 'substituição', rotina processará documentos com situação 'processado com sucesso' e rejeitará os com situação 'esperado' e 'processado com erro'.","Valor informado para o parâmetro de Inclusão ou Alteração de documento incompatível com situação do documento na data-base informada.","System.Object[]"
"ELIM0045","Desativada","Validar parâmetro de substituição","O parâmetro de substituição do documento DLO deve ser obrigatoriamente informado","Parâmetro de Indicador de inclusão ou alteração de documento não informado.","System.Object[]"
"ELIM0046","Ativa","Valida sinal negativo de contas","Valida saldos negativos","Valor informado para a conta não pode assumir valor positivo","System.Object[]"
"ELIM0049","Ativa","Validar parâmetro de email do responsável","O parâmetro email do responsável pelo envio do documento dever ser obrigatoriamente informado","Parâmetro email do responsável pelo envio do documento não informado.","System.Object[]"
"ELIM0050","Desativada","Validar conta 705","Verifica se o saldo da conta 705 está de acordo como o fator F informado e com o saldo da conta 700","O SALDO DA CONTA 705 NÃO É COMPATÍVEL COM O RESULTADO DA MULTIPLICAÇÃO DO FATOR F INFORMADO PELO SALDO DA CONTA 700.","System.Object[]"
"ELIM0051","Desativada","IHCD - limite de 15 % do PR Nível 1","Verifica se o saldo da conta 110.04 - Instrumentos Híbridos de Capital e Dívida não ultrapassou 15% do PR de nível 1.","O SALDO DA CONTA 110.04 ULTRAPASSOU O LIMITE DE 15% DO PR DE NÍVEL 1.","System.Object[]"
"ELIM0052","Desativada","Validar saldo da conta 720","Verifica para as Instituições que devem detalhar o PEPR se o saldo da conta 720 é o resultado do somatório das contas 705, 710 E 715.","O SALDO DA CONTA 720 NÃO É COMPATÍVEL COM O SOMATÓRIO DO SALDO DAS CONTAS 705, 710 E 715.","System.Object[]"
"ELIM0053","Ativa","Validar saldo da conta 872","Verifica se o saldo da conta 872 está compatível com o  saldo das contas 872.10.02, 872.20.02, 872.30.02, 872.10.11, 872.20.11, 872.30.11, 872.10.12, 872.20.12, 872.30.12, 872.10.03, 872.20.03, 872.30.03, 872.10.10, 872.20.10, 872.30.10, 872.10.07, 872.20.07, 872.30.07, 872.10.08, 872.20.08, 872.30.08, 872.10.09, 872.20.09 e 872.30.09","SALDO DA CONTA 872 INCOMPATÍVEL COM A MÉDIA PONDERADA PELOS BETAS DOS IE E IAE DAS DIFERENTES LINHAS DE NEGÓCIO.","System.Object[]"
"ELIM0054","Ativa","Validar saldo da conta 873","Verifica se o saldo da conta 873 está compatível com o saldo das contas 873.10.01, 873.20.01, 873.30.01, 873.10.13, 873.20.13, 873.30.13.","SALDO DA CONTA 873 INCOMPATÍVEL COM A MÉDIA PONDERADA PELOS BETAS DOS IE E IAE DAS DIFERENTES LINHAS DE NEGÓCIO.","System.Object[]"
"ELIM0055","Ativa","Validar saldo da conta 871","Verifica se o saldo da conta 871 está compatível com o saldo das contas 871.10.00, 871.20.00 e 871.30.00","SALDO DA CONTA 871 INCOMPATÍVEL COM A MÉDIA PONDERADA PELO FATOR 0,15 DOS IE.","System.Object[]"
"ELIM0056","Desativada","Validar contas 120.07, 120.02 e 120.03","Verifica se o limite de 50% do PR de nível 1 para o somatório dos saldos, após aplicação de redutores, de ações com cláusula de resgate, de ações preferenciais com cumulatividade de dividendos e de dívidas subordinadas foi respeitado.","SOMATÓRIO DOS SALDOS DAS CONTAS 120.07 E 120.02 DEDUZIDO DO SALDO DA CONTA 120.03 INCOMPATÍVEL COM O LIMITE DE 50% DO PR DE NÍVEL 1 (50% DO SALDO DA CONTA 110)","System.Object[]"
"ELIM0057","Desativada","Validar saldo das contas 110.06 e 120.04","Verifica se o limite de 25% DO PR de nível 1 para as reservas de reavaliação foi respeitado.","SALDO DA CONTA 110.06 DEDUZIDO DO SALDO DA CONTA 120.04 INCOMPATÍVEL COM O LIMITE DE 25 DO PR DE NÍVEL 1 (25% DO SALDO DA CONTA 110)","System.Object[]"
"ELIM0058","Ativa","Validar Saldo da Conta 890","Descrição: verifica se o saldo da conta 890 está compatível com o saldo das contas DLO[890.01.00], DLO[890.10.01], DLO[890.20.01], DLO[890.20.02], DLO[890.20.03], DLO[890.20.06], DLO[890.20.04], 
DLO[890.20.05], DLO[890.30.01], DLO[890.30.02], DLO[890.30.03], DLO[890.30.04], DLO[890.40.01], DLO[890.40.02], DLO[890.40.03], DLO[890.40.04], DLO[890.40.05], DLO[890.50.01], DLO[890.50.02],
DLO[890.80.01] e DLO[890.99.01]","SALDO DA CONTA 890 INCOMPATÍVEL COM O RESULTADO DE SUA FÓRMULA.","System.Object[]"
"ELIM0059","Ativa","Elementos associados às contas","Valida elementos associados às contas","Associações inválidas de elementos à conta","System.Object[]"
"ELIM0060","Ativa","Domínio de elementos associados às contas","Valida domínio de elemento associado às contas","Associações inválidas de domínios de elementos à conta","System.Object[]"
"ELIM0061","Ativa","Valida valores esperados positivos associados a elementos ","Valida valores esperados positivos associados a elementos","Valor informado para o elemento é inválido por ser um valor negativo.","System.Object[]"
"ELIM0062","Ativa","Valida valores esperados negativos associados a elementos","Valida valores esperados negativos associados a elementos","Valor informado para o elemento é inválido por ser um valor positivo, para este campo espera-se valores negativos ou zero.","System.Object[]"
"ELIM0063","Desativada","Validação das contas 110.02 e 110.05 em junho e dezembro","Documentos 2041 são rejeitados cujos saldos nos meses de junho e dezembro das contas 110.02 e 110.05 assumam valores diferentes de zero.","Nos meses de junho e dezembro as informações das contas 110.02 e 110.05 devem refletir as informações do balanço (doc. 4016 ou 4026 ou 4046).","System.Object[]"
"ELIM0064","Desativada","VALIDAR SALDO DA CONTA 870 PARA ABORDAGEM 1 - DOC 2051","VERIFICA SE O SALDO DA CONTA 870 ESTÁ COMPATÍVEL COM O SALDO DA CONTA 871  E DA CONTA 874, COM A CORRETA APLICAÇÃO DO MULTIPLICADOR ""Z"".","SALDO DA CONTA 870 INCOMPATÍVEL COM A SOMA DOS SALDOS DAS CONTAS 871 E 874 APÓS APLICAÇÃO DO MULTIPLICADOR ""Z"" APROPRIADO.","System.Object[]"
"ELIM0065","Desativada","VALIDAR SALDO DA CONTA 870 PARA ABORDAGEM 2 - DOC 2051","VERIFICA SE O SALDO DA CONTA 870 ESTÁ COMPATÍVEL COM O SALDO DA CONTA 872 E DA CONTA 874, COM A CORRETA APLICAÇÃO DO MULTIPLICADOR ""Z"".","SALDO DA CONTA 870 INCOMPATÍVEL COM A SOMA DOS SALDOS DAS CONTAS 872 E 874 APÓS APLICAÇÃO DO MULTIPLICADOR ""Z"" APROPRIADO.","System.Object[]"
"ELIM0066","Desativada","VALIDAR SALDO DA CONTA 870 PARA ABORDAGEM 3 - DOC 2051","VERIFICA SE O SALDO DA CONTA 870 ESTÁ COMPATÍVEL COM O SALDO DA CONTA 873 E DA CONTA 874, COM A CORRETA APLICAÇÃO DO MULTIPLICADOR ""Z"".","SALDO DA CONTA 870 INCOMPATÍVEL COM A SOMA DOS SALDOS DAS CONTAS 873 E 874 APÓS APLICAÇÃO DO MULTIPLICADOR ""Z"" APROPRIADO.","System.Object[]"
"ELIM0067","Desativada","VALIDAR SALDO DA CONTA 870 PARA ABORDAGEM 1 - DOC 2041","VERIFICA SE O SALDO DA CONTA 870 ESTÁ COMPATÍVEL COM O SALDO DA CONTA 871, COM A CORRETA APLICAÇÃO DO MULTIPLICADOR ""Z"".","SALDO DA CONTA 870 INCOMPATÍVEL COM O SALDO DA CONTA 871 APÓS APLICAÇÃO DO MULTIPLICADOR ""Z"" APROPRIADO.","System.Object[]"
"ELIM0068","Desativada","VALIDAR SALDO DA CONTA 870 PARA ABORDAGEM 2 - DOC 2041","VERIFICA SE O SALDO DA CONTA 870 ESTÁ COMPATÍVEL COM O SALDO DA CONTA 872, COM A CORRETA APLICAÇÃO DO MULTIPLICADOR ""Z"".","SALDO DA CONTA 870 INCOMPATÍVEL COM O SALDO DA CONTA 872 APÓS APLICAÇÃO DO MULTIPLICADOR ""Z"" APROPRIADO.","System.Object[]"
"ELIM0069","Desativada","VALIDAR SALDO DA CONTA 870 PARA ABORDAGEM 3 - DOC 2041","VERIFICA SE O SALDO DA CONTA 870 ESTÁ COMPATÍVEL COM O SALDO DA CONTA 873, COM A CORRETA APLICAÇÃO DO MULTIPLICADOR ""Z"".","SALDO DA CONTA 870 INCOMPATÍVEL COM O SALDO DA CONTA 873 APÓS APLICAÇÃO DO MULTIPLICADOR ""Z"" APROPRIADO.","System.Object[]"
"ELIM0071","Ativa","Verifica IE (BIA) em T-3","A soma das Receitas de Intermediação Financeira, Receitas de Prestação de Serviços, Plano de Negócios, subtraída das Despesas de Intermediação Financeira e Ganho e Perdas com Alienação de TVM  apresenta valor diferente do saldo da conta 871.10.00","A soma das Receitas de Intermediação Financeira (elemento 11), Receitas de Prestação de Serviços (elemento 12), Plano de Negócios (elemento 20), subtraída das Despesas de Intermediação Financeira (elemento 14) e Ganho e Perdas com Alienação de TVM (elemento 16) apresenta valor diferente do saldo da conta 871.10.00","System.Object[]"
"ELIM0072","Ativa","Verifica IE (BIA) em T-2","A soma das Receitas de Intermediação Financeira, Receitas de Prestação de Serviços, Plano de Negócios, subtraída das Despesas de Intermediação Financeira e Ganho e Perdas com Alienação de TVM  apresenta valor diferente do saldo da conta 871.20.00","A soma das Receitas de Intermediação Financeira (elemento 11), Receitas de Prestação de Serviços (elemento 12), Plano de Negócios (elemento 20), subtraída das Despesas de Intermediação Financeira (elemento 14) e Ganho e Perdas com Alienação de TVM (elemento 16) apresenta valor diferente do saldo da conta 871.20.00","System.Object[]"
"ELIM0073","Ativa","Verifica IE (BIA) vem T-1","A soma das Receitas de Intermediação Financeira, Receitas de Prestação de Serviços, Plano de Negócios, subtraída das Despesas de Intermediação Financeira e Ganho e Perdas com Alienação de TVM  apresenta valor diferente do saldo da conta 871.30.00","A soma das Receitas de Intermediação Financeira (elemento 11), Receitas de Prestação de Serviços (elemento 12), Plano de Negócios (elemento 20), subtraída das Despesas de Intermediação Financeira (elemento 14) e Ganho e Perdas com Alienação de TVM (elemento 16) apresenta valor diferente do saldo da conta 871.30.00","System.Object[]"
"ELIM0074","Ativa","Verifica IE (ASA) em T-1 Linha de Negócio - Finanças Corporativas","A soma das Receitas de Intermediação Financeira, Receitas de Prestação de Serviços, Plano de Negócios, subtraída das Despesas de Intermediação Financeira e Ganho e Perdas com Alienação de TVM apresenta valor diferente do saldo apresentado no documento DLO para a conta 872.30.07","A soma das Receitas de Intermediação Financeira (elemento 11), Receitas de Prestação de Serviços (elemento 12), Plano de Negócios (elemento 20), subtraída das Despesas de Intermediação Financeira (elemento 14) e Ganho e Perdas com Alienação de TVM (elemento 16)apresenta valor diferente do saldo apresentado no documento DLO para a conta 872.30.07
","System.Object[]"
"ELIM0075","Ativa","Verifica IE (ASA) em T-2 Linha de Negócio - Finanças Corporativas","A soma das Receitas de Intermediação Financeira, Receitas de Prestação de Serviços, Plano de Negócios, subtraída das Despesas de Intermediação Financeira e Ganho e Perdas com Alienação de TVM apresenta valor diferente do saldo apresentado no documento DLO para a conta 872.20.07","A soma das Receitas de Intermediação Financeira (elemento 11), Receitas de Prestação de Serviços (elemento 12), Plano de Negócios (elemento 20), subtraída das Despesas de Intermediação Financeira (elemento 14) e Ganho e Perdas com Alienação de TVM (elemento 16)apresenta valor diferente do saldo apresentado no documento DLO para a conta 872.20.07","System.Object[]"
"ELIM0076","Ativa","Verifica IE (ASA) em T-3 Linha de Negócio - Finanças Corporativas","A soma das Receitas de Intermediação Financeira, Receitas de Prestação de Serviços, Plano de Negócios, subtraída das Despesas de Intermediação Financeira e Ganho e Perdas com Alienação de TVM apresenta valor diferente do saldo apresentado no documento DLO para a conta 872.10.07","A soma das Receitas de Intermediação Financeira (elemento 11), Receitas de Prestação de Serviços (elemento 12), Plano de Negócios (elemento 20), subtraída das Despesas de Intermediação Financeira (elemento 14) e Ganho e Perdas com Alienação de TVM (elemento 16)apresenta valor diferente do saldo apresentado no documento DLO para a conta 872.10.07","System.Object[]"
"ELIM0077","Ativa","Verifica IE (ASA) em T-1 Linha de Negócio - Negociação e Vendas","A soma das Receitas de Intermediação Financeira, Receitas de Prestação de Serviços, Plano de Negócios, subtraída das Despesas de Intermediação Financeira e Ganho e Perdas com Alienação de TVM apresenta valor diferente do saldo apresentado no documento DLO para a conta 872.30.08","A soma das Receitas de Intermediação Financeira (elemento 11), Receitas de Prestação de Serviços (elemento 12), Plano de Negócios (elemento 20), subtraída das Despesas de Intermediação Financeira (elemento 14) e Ganho e Perdas com Alienação de TVM (elemento 16)apresenta valor diferente do saldo apresentado no documento DLO para a conta 872.30.08","System.Object[]"
"ELIM0078","Ativa","Verifica IE (ASA) em T-2 Linha de Negócio - Negociação e Vendas","A soma das Receitas de Intermediação Financeira, Receitas de Prestação de Serviços, Plano de Negócios, subtraída das Despesas de Intermediação Financeira e Ganho e Perdas com Alienação de TVM apresenta valor diferente do saldo apresentado no documento DLO para a conta 872.20.08","A soma das Receitas de Intermediação Financeira (elemento 11), Receitas de Prestação de Serviços (elemento 12), Plano de Negócios (elemento 20), subtraída das Despesas de Intermediação Financeira (elemento 14) e Ganho e Perdas com Alienação de TVM (elemento 16)apresenta valor diferente do saldo apresentado no documento DLO para a conta 872.20.08","System.Object[]"
"ELIM0079","Ativa","Verifica IE (ASA) em T-3 Linha de Negócio - Negociação e Vendas","A soma das Receitas de Intermediação Financeira, Receitas de Prestação de Serviços, Plano de Negócios, subtraída das Despesas de Intermediação Financeira e Ganho e Perdas com Alienação de TVM apresenta valor diferente do saldo apresentado no documento DLO para a conta 872.10.08","A soma das Receitas de Intermediação Financeira (elemento 11), Receitas de Prestação de Serviços (elemento 12), Plano de Negócios (elemento 20), subtraída das Despesas de Intermediação Financeira (elemento 14) e Ganho e Perdas com Alienação de TVM (elemento 16)apresenta valor diferente do saldo apresentado no documento DLO para a conta 872.10.08","System.Object[]"
"ELIM0080","Ativa","Verifica IE (ASA) em T-1 Linha de Negócio - Pagamento e Liquidação","A soma das Receitas de Intermediação Financeira, Receitas de Prestação de Serviços, Plano de Negócios, subtraída das Despesas de Intermediação Financeira e Ganho e Perdas com Alienação de TVM apresenta valor diferente do saldo apresentado no documento DLO para a conta 872.30.09","A soma das Receitas de Intermediação Financeira (elemento 11), Receitas de Prestação de Serviços (elemento 12), Plano de Negócios (elemento 20), subtraída das Despesas de Intermediação Financeira (elemento 14) e Ganho e Perdas com Alienação de TVM (elemento 16)apresenta valor diferente do saldo apresentado no documento DLO para a conta 872.30.09","System.Object[]"
"ELIM0081","Ativa","Verifica IE (ASA) em T-2 Linha de Negócio - Pagamentos e Liquidação","A soma das Receitas de Intermediação Financeira, Receitas de Prestação de Serviços, Plano de Negócios, subtraída das Despesas de Intermediação Financeira e Ganho e Perdas com Alienação de TVM apresenta valor diferente do saldo apresentado no documento DLO para a conta 872.20.09","A soma das Receitas de Intermediação Financeira (elemento 11), Receitas de Prestação de Serviços (elemento 12), Plano de Negócios (elemento 20), subtraída das Despesas de Intermediação Financeira (elemento 14) e Ganho e Perdas com Alienação de TVM (elemento 16)apresenta valor diferente do saldo apresentado no documento DLO para a conta 872.20.09","System.Object[]"
"ELIM0082","Ativa","Verifica IE (ASA) em T-3 Linha de Negócio - Pagamentos e Liquidação","A soma das Receitas de Intermediação Financeira, Receitas de Prestação de Serviços, Plano de Negócios, subtraída das Despesas de Intermediação Financeira e Ganho e Perdas com Alienação de TVM apresenta valor diferente do saldo apresentado no documento DLO para a conta 872.10.09","A soma das Receitas de Intermediação Financeira (elemento 11), Receitas de Prestação de Serviços (elemento 12), Plano de Negócios (elemento 20), subtraída das Despesas de Intermediação Financeira (elemento 14) e Ganho e Perdas com Alienação de TVM (elemento 16)apresenta valor diferente do saldo apresentado no documento DLO para a conta 872.10.09","System.Object[]"
"ELIM0083","Ativa","Verifica IE (ASA) em T-1 Linha de Negócio - Pagamento e Liquidação","A soma das Receitas de Intermediação Financeira, Receitas de Prestação de Serviços, Plano de Negócios, subtraída das Despesas de Intermediação Financeira e Ganho e Perdas com Alienação de TVM apresenta valor diferente do saldo apresentado no documento DLO para a conta 872.30.10","A soma das Receitas de Intermediação Financeira (elemento 11), Receitas de Prestação de Serviços (elemento 12), Plano de Negócios (elemento 20), subtraída das Despesas de Intermediação Financeira (elemento 14) e Ganho e Perdas com Alienação de TVM (elemento 16)apresenta valor diferente do saldo apresentado no documento DLO para a conta 872.30.10","System.Object[]"
"ELIM0084","Ativa","Verifica IE (ASA) em T-2 Linha de Negócio - Serviços de Agente Financeiro","A soma das Receitas de Intermediação Financeira, Receitas de Prestação de Serviços, Plano de Negócios, subtraída das Despesas de Intermediação Financeira e Ganho e Perdas com Alienação de TVM apresenta valor diferente do saldo apresentado no documento DLO para a conta 872.20.10","A soma das Receitas de Intermediação Financeira (elemento 11), Receitas de Prestação de Serviços (elemento 12), Plano de Negócios (elemento 20), subtraída das Despesas de Intermediação Financeira (elemento 14) e Ganho e Perdas com Alienação de TVM (elemento 16)apresenta valor diferente do saldo apresentado no documento DLO para a conta 872.20.10","System.Object[]"
"ELIM0085","Ativa","Verifica IE (ASA) em T-3 Linha de Negócio - Serviços de Agente Financeiro","A soma das Receitas de Intermediação Financeira, Receitas de Prestação de Serviços, Plano de Negócios, subtraída das Despesas de Intermediação Financeira e Ganho e Perdas com Alienação de TVM apresenta valor diferente do saldo apresentado no documento DLO para a conta 872.10.10","A soma das Receitas de Intermediação Financeira (elemento 11), Receitas de Prestação de Serviços (elemento 12), Plano de Negócios (elemento 20), subtraída das Despesas de Intermediação Financeira (elemento 14) e Ganho e Perdas com Alienação de TVM (elemento 16)apresenta valor diferente do saldo apresentado no documento DLO para a conta 872.10.10","System.Object[]"
"ELIM0086","Ativa","Verifica IE (ASA) em T-1 Linha de Negócio - Pagamento e Liquidação","A soma das Receitas de Intermediação Financeira, Receitas de Prestação de Serviços, Plano de Negócios, subtraída das Despesas de Intermediação Financeira e Ganho e Perdas com Alienação de TVM apresenta valor diferente do saldo apresentado no documento DLO para a conta 872.30.11","A soma das Receitas de Intermediação Financeira (elemento 11), Receitas de Prestação de Serviços (elemento 12), Plano de Negócios (elemento 20), subtraída das Despesas de Intermediação Financeira (elemento 14) e Ganho e Perdas com Alienação de TVM (elemento 16)apresenta valor diferente do saldo apresentado no documento DLO para a conta 872.30.11","System.Object[]"
"ELIM0087","Ativa","Verifica IE (ASA) em T-2 Linha de Negócio - Administração de Ativos","A soma das Receitas de Intermediação Financeira, Receitas de Prestação de Serviços, Plano de Negócios, subtraída das Despesas de Intermediação Financeira e Ganho e Perdas com Alienação de TVM apresenta valor diferente do saldo apresentado no documento DLO para a conta 872.20.11","A soma das Receitas de Intermediação Financeira (elemento 11), Receitas de Prestação de Serviços (elemento 12), Plano de Negócios (elemento 20), subtraída das Despesas de Intermediação Financeira (elemento 14) e Ganho e Perdas com Alienação de TVM (elemento 16)apresenta valor diferente do saldo apresentado no documento DLO para a conta 872.20.11","System.Object[]"
"ELIM0088","Ativa","Verifica IE (ASA) em T-3 Linha de Negócio - Administração de Ativos","A soma das Receitas de Intermediação Financeira, Receitas de Prestação de Serviços, Plano de Negócios, subtraída das Despesas de Intermediação Financeira e Ganho e Perdas com Alienação de TVM apresenta valor diferente do saldo apresentado no documento DLO para a conta 872.10.11","A soma das Receitas de Intermediação Financeira (elemento 11), Receitas de Prestação de Serviços (elemento 12), Plano de Negócios (elemento 20), subtraída das Despesas de Intermediação Financeira (elemento 14) e Ganho e Perdas com Alienação de TVM (elemento 16)apresenta valor diferente do saldo apresentado no documento DLO para a conta 872.10.11","System.Object[]"
"ELIM0089","Ativa","Verifica IE (ASA) em T-1 Linha de Negócio - Corretagem de Varejo","A soma das Receitas de Intermediação Financeira, Receitas de Prestação de Serviços, Plano de Negócios, subtraída das Despesas de Intermediação Financeira e Ganho e Perdas com Alienação de TVM apresenta valor diferente do saldo apresentado no documento DLO para a conta 872.30.12","A soma das Receitas de Intermediação Financeira (elemento 11), Receitas de Prestação de Serviços (elemento 12), Plano de Negócios (elemento 20), subtraída das Despesas de Intermediação Financeira (elemento 14) e Ganho e Perdas com Alienação de TVM (elemento 16)apresenta valor diferente do saldo apresentado no documento DLO para a conta 872.30.12","System.Object[]"
"ELIM0090","Ativa","Verifica IE (ASA) em T-2 Linha de Negócio - Corretagem de Varejo","A soma das Receitas de Intermediação Financeira, Receitas de Prestação de Serviços, Plano de Negócios, subtraída das Despesas de Intermediação Financeira e Ganho e Perdas com Alienação de TVM apresenta valor diferente do saldo apresentado no documento DLO para a conta 872.20.12","A soma das Receitas de Intermediação Financeira (elemento 11), Receitas de Prestação de Serviços (elemento 12), Plano de Negócios (elemento 20), subtraída das Despesas de Intermediação Financeira (elemento 14) e Ganho e Perdas com Alienação de TVM (elemento 16)apresenta valor diferente do saldo apresentado no documento DLO para a conta 872.20.12","System.Object[]"
"ELIM0091","Ativa","Verifica IE (ASA) em T-3 Linha de Negócio - Corretagem de Varejo","A soma das Receitas de Intermediação Financeira, Receitas de Prestação de Serviços, Plano de Negócios, subtraída das Despesas de Intermediação Financeira e Ganho e Perdas com Alienação de TVM apresenta valor diferente do saldo apresentado no documento DLO para a conta 872.10.12","A soma das Receitas de Intermediação Financeira (elemento 11), Receitas de Prestação de Serviços (elemento 12), Plano de Negócios (elemento 20), subtraída das Despesas de Intermediação Financeira (elemento 14) e Ganho e Perdas com Alienação de TVM (elemento 16)apresenta valor diferente do saldo apresentado no documento DLO para a conta 872.10.12","System.Object[]"
"ELIM0092","Ativa","Verifica IAE (ASA2) em T-1 Linha de Negócio - Varejo/Comercial","A média por período anual da soma das Operações de Crédito, TVM Não Negociação e Plano de Negócios, multiplicada por 3,5%,  apresenta valor diferente do saldo apresentado no documento DLO para a conta 873.30.01","A média por período anual da soma das Operações de Crédito (elemento 17), TVM Não Negociação (elemento 18) e Plano de Negócios (elemento 20), multiplicada por 3,5%,  apresenta valor diferente do saldo apresentado no documento DLO para a conta 873.30.01","System.Object[]"
"ELIM0093","Ativa","Verifica IAE (ASA2) em T-2 Linha de Negócio - Varejo/Comercial","A média por período anual da soma das Operações de Crédito, TVM Não Negociação e Plano de Negócios, multiplicada por 3,5%,  apresenta valor diferente do saldo apresentado no documento DLO para a conta 873.20.01"," média por período anual da soma das Operações de Crédito (elemento 17), TVM Não Negociação (elemento 18) e Plano de Negócios (elemento 20), multiplicada por 3,5%,  apresenta valor diferente do saldo apresentado no documento DLO para a conta 873.20.01","System.Object[]"
"ELIM0094","Ativa","Verifica IAE (ASA2) em T-3 Linha de Negócio - Varejo/Comercial","A média por período anual da soma das Operações de Crédito, TVM Não Negociação e Plano de Negócios, multiplicada por 3,5%,  apresenta valor diferente do saldo apresentado no documento DLO para a conta 873.10.01"," média por período anual da soma das Operações de Crédito (elemento 17), TVM Não Negociação (elemento 18) e Plano de Negócios (elemento 20), multiplicada por 3,5%,  apresenta valor diferente do saldo apresentado no documento DLO para a conta 873.10.01","System.Object[]"
"ELIM0095","Ativa","Verifica IE (ASA2) em T-1 Linha de Negócio - Demais","A soma das Receitas de Intermediação Financeira, Receitas de Prestação de Serviços, Plano de Negócios, subtraída das Despesas de Intermediação Financeira e Ganho e Perdas com Alienação de TVM  apresenta valor diferente do saldo apresentado no documento DLO para a conta 873.30.13","A soma das Receitas de Intermediação Financeira (elemento 11), Receitas de Prestação de Serviços (elemento 12), Plano de Negócios (elemento 20), subtraída das Despesas de Intermediação Financeira (elemento 14) e Ganho e Perdas com Alienação de TVM (elemento 16)apresenta valor diferente do saldo apresentado no documento DLO para a conta 873.30.13","System.Object[]"
"ELIM0096","Ativa","Verifica IE (ASA2) em T-2 Linha de Negócio - Demais","A soma das Receitas de Intermediação Financeira, Receitas de Prestação de Serviços, Plano de Negócios, subtraída das Despesas de Intermediação Financeira e Ganho e Perdas com Alienação de TVM  apresenta valor diferente do saldo apresentado no documento DLO para a conta 873.20.13","A soma das Receitas de Intermediação Financeira (elemento 11), Receitas de Prestação de Serviços (elemento 12), Plano de Negócios (elemento 20), subtraída das Despesas de Intermediação Financeira (elemento 14) e Ganho e Perdas com Alienação de TVM (elemento 16)apresenta valor diferente do saldo apresentado no documento DLO para a conta 873.20.13","System.Object[]"
"ELIM0097","Ativa","Verifica IE (ASA2) em T-3 Linha de Negócio - Demais","A soma das Receitas de Intermediação Financeira, Receitas de Prestação de Serviços, Plano de Negócios, subtraída das Despesas de Intermediação Financeira e Ganho e Perdas com Alienação de TVM  apresenta valor diferente do saldo apresentado no documento DLO para a conta 873.10.13","A soma das Receitas de Intermediação Financeira (elemento 11), Receitas de Prestação de Serviços (elemento 12), Plano de Negócios (elemento 20), subtraída das Despesas de Intermediação Financeira (elemento 14) e Ganho e Perdas com Alienação de TVM (elemento 16)apresenta valor diferente do saldo apresentado no documento DLO para a conta 873.10.13","System.Object[]"
"ELIM0098","Desativada","VALIDA O SALDO DA CONTA 160.01","Verifica o saldo da conta 160.01 com o saldo das contas 160.01.01, 160.01.02, 160.01.03, 160.01.04, 160.01.05, 160.01.06, 160.01.07 e 160.01.08.","O saldo da conta 160.01 é incompatível com o saldo das contas 160.01.01, 160.01.02, 160.01.03, 160.01.04, 160.01.05, 160.01.06, 160.01.07 e 160.01.08.","System.Object[]"
"ELIM0100","Desativada","Validar Fator F para cooperativas","Espera-se que o fator F seja 11 para todas instituições financeiras à exceção das repassadoras e das cooperativas de crédito que poderão ser:  Cooperativas não vinculadas a centrais : 15 ou 18, será 18 obrigatoriamente se estiver no RPS. E será 15 se estiverem no RPC. Cooperativas vinculadas a centrais: 11 ou 13, será 13 obrigatoriamente se estiverem no RPS. Centrais RPS o fator F é 14 obrigatoriamente. E para qualquer cooperativa será 11 obrigatoriamente se estiverem no RPC.","Valor informado para parâmetro 'Fator F' é inválido para o tipo de instituição financeira.","System.Object[]"
"ELIM0101","Ativa","Validar obrigatoriedade da Metodologia para o limite 05","Espera-se que o domínio 3 da tab6 seja informado sempre que a instituição estiver sujeita ao limite 05.00 da tab1  e não esteja no RPS.","Parâmetro 'Opção da metodologia de risco operacional' não informado. Instituição submetida ao limite 05 e que não se encontre no RPS deve informá-lo.","System.Object[]"
"ELIM0103","Desativada","Validar saldo da conta 720","Verifica para as Instituições que devem detalhar o PEPR se o saldo da conta 720 é o resultado do somatório das contas 705, 710 E 715.","O SALDO DA CONTA 720 NÃO É COMPATÍVEL COM O SOMATÓRIO DO SALDO DAS CONTAS 705, 710 E 715.","System.Object[]"
"ELIM0104","Desativada","Validar saldo da conta 760","Verifica para as instituições no RPS se o saldo da conta 760 é o resultado da aplicação do Fator F sobre o saldo da conta 750.","O SALDO DA CONTA 760 NÃO É COMPATÍVEL COM O SALDO DA CONTA 750 E/OU FATOR F INFORMADO.","System.Object[]"
"ELIM0105","Desativada","Validar saldo da conta 705","Verifica  se o saldo da conta 705 é o resultado da aplicação do Fator F sobre o saldo da conta 700.","O SALDO DA CONTA 705 NÃO É COMPATÍVEL COM O SALDO DA CONTA 700 E/OU FATOR F INFORMADO.","System.Object[]"
"ELIM0106","Ativa","Rejeitar documento de Instituição RPSD","Verifica se a instituição optou pelo regime simplificado, e se enquadrou em RPSD, caso em que se rejeita o documento.
","A instituição é optante pelo Regime Prudencial Simplificado, e por critério de ativo total está dispensada do envio do DLO.","System.Object[]"
"ELIM0107","Ativa","Rejeita documento de Instituição RPC com valores indevidos","Verifica se a instituição é RPC e se informou valores para as contas exclusivas do RPS, caso em que se rejeita o documento.","Foram informadas contas específicas de Instituições optantes pelo RPS, no entanto essa Instituição é optante pelo RPC.","System.Object[]"
"ELIM0108","Ativa","Rejeita documento de Instituição RPS com valores indevidos","Verifica se a instituição é RPS e se informou valores para as contas exclusivas do RPC, caso em que se rejeita o documento.
","Foram informadas contas específicas de Instituições optantes pelo RPC, no entanto essa Instituição é optante pelo RPS.","System.Object[]"
"ELIM0109","Ativa","IHCD - limite de 15 % do PR Nível 1","Verifica se o saldo da conta 110.04 - Instrumentos Híbridos de Capital e Dívida não ultrapassou 15% do PR de nível 1.","O SALDO DA CONTA 110.04 ULTRAPASSOU O LIMITE DE 15% DO PR DE NÍVEL 1.","System.Object[]"
"ELIM0110","Ativa","Validação do saldo da conta 120","VALIDAR SALDO DA CONTA DLO[120] COM DLO[110.06]+DLO[110.07]+DLO[110.08]+DLO[110.09]+DLO[110.10]+DLO[120.01]+DLO[120.02]+DLO[110.14]-DLO[120.03]-DLO[120.04]-DLO[120.05]","O SALDO DA CONTA 120 NÃO É COMPATÍVEL COM OS SALDOS DAS CONTAS QUE O COMPÕE","System.Object[]"
"ELIM0111","Ativa","Validação do saldo da conta 120","VALIDAR SALDO DA CONTA DLO[120] COM DLO[110.06]+DLO[110.07]+DLO[110.08]+DLO[120.01]+DLO[120.02]+DLO[110.14]-DLO[120.03]-DLO[120.04]-DLO[120.05]+DLO[120.06]+DLO[120.07]","O SALDO DA CONTA 120 NÃO É COMPATÍVEL COM OS SALDOS DAS CONTAS QUE O COMPÕE","System.Object[]"
"ELIM0112","Ativa","Validação do saldo da conta 120.05","VERIFICA SE O SALDO DA CONTA DLO[120.05] É COMPATÍVEL COM DLO[110.06]+DLO[110.07]+DLO[110.08]+DLO[110.14]+DLO[120.01]+DLO[120.02]-DLO[120.03]-DLO[120.04]+DLO[120.06]+DLO[120.07]-MAX(DLO[110];0)","O ajuste do PR de Nível II ao PR de Nível I, conta 120.05 informado incorretamente.","System.Object[]"
"ELIM0113","Ativa","Validar Detalhamento do RWACPAD","Verifica se para as instituições sujeitas ao detalhamento do RWACPAD se o arquivo apresenta detalhamento para suas contas e elementos.","O Documento não apresentou contas e/ou detalhamentos de contas do RWACPAD.","System.Object[]"
"ELIM0114","Ativa","Validar Detalhamento do RWAOPAD","Verifica se para as instituições sujeitas ao detalhamento do RWAOPAD se o arquivo apresenta detalhamento para suas contas e elementos.","O Documento não apresentou contas e/ou detalhamentos de contas do RWAOPAD.","System.Object[]"
"ELIM0115","Ativa","Validar Detalhamento da RBAN","Verifica se para as instituições sujeitas ao detalhamento do RBAN se o arquivo apresenta detalhamento para suas contas e elementos.","O Documento não apresentou contas e/ou detalhamentos de contas da RBAN.","System.Object[]"
"ELIM0116","Ativa","VALIDA SALDO DA CONTA 160.01","REJEITA VALORES NULOS OU NEGATIVOS PARA O ATIVO PERMANENTE - CONTA DLO[160.01]","SALDO DA CONTA 160.01 DEVE SER MAIOR DO QUE ZERO.","System.Object[]"
"ELIM0117","Ativa","VALIDA SALDO DA CONTA 110.18","Verifica se o Saldo da conta 110.18  é igual a soma dos valores contábeis das contas 120.06 e 120.07","O valor informado para o saldo da conta 110.18 é diferente da soma dos valores contábeis associados às contas 120.06 e 120.07.","System.Object[]"
"ELIM0118","Ativa","Validação do saldo da conta 110.18","REJEITA VALORES PARA A CONTA 110.18 EM DESACORDO COM O VALOR CONTÁBIL DAS CONTAS 120.06 E 120.07","SALDO DA CONTA 110.18 DEVE SER EQUIVALENTE  A SOMA DO VALOR CONTÁBIL DAS CONTAS 120.06 E 120.07","System.Object[]"
"ELIM0119","Ativa","Validação do saldo da conta 110.12","REJEITA VALORES PARA A CONTA 110.12 EM DESACORDO COM O VALOR CONTÁBIL DA CONTA 670.01","SALDO DA CONTA 110.12 DEVE SER EQUIVALENTE AO VALOR CONTÁBIL DA CONTA 670.01","System.Object[]"
"ELIM0120","Ativa","Validação do saldo da conta 110.15","REJEITA VALORES PARA A CONTA 110.15 EM DESACORDO COM O VALOR CONTÁBIL DA CONTA 670.02","SALDO DA CONTA 110.15 DEVE SER EQUIVALENTE AO VALOR CONTÁBIL DA CONTA 670.02","System.Object[]"
"ELIM0121","Ativa","Validação do saldo da conta 110.13","REJEITA VALORES PARA A CONTA 110.13 EM DESACORDO COM O VALOR CONTÁBIL DA CONTA 670.03","SALDO DA CONTA 110.13 DEVE SER EQUIVALENTE AO VALOR CONTÁBIL DA CONTA 670.03","System.Object[]"
"ELIM0122","Ativa","Validação do saldo das contas 130.01, 130.02, 130.03 e 130.04","REJEITA VALORES PARA AS CONTAS 130.01, 130.02, 130.03 E 130.04 EM DESACORDO COM O VALOR CONTÁBIL DA CONTA 670.04","A SOMA DOS SALDOS DAS CONTAS 130.01, 130.02, 130.03 E 130.04 DEVE SER EQUIVALENTE AO VALOR CONTÁBIL DA CONTA 670.04","System.Object[]"
"ELIM0123","Ativa","Validação do saldo da conta 130.06","REJEITA VALORES PARA A CONTA 130.06 EM DESACORDO COM O VALOR CONTÁBIL DA CONTA 670.05","SALDO DA CONTA 130.06 DEVE SER IGUAL OU MAIOR QUE O VALOR CONTÁBIL DA CONTA 670.05","System.Object[]"
"ELIM0124","Ativa","Validação do saldo da conta 110.13","REJEITA VALORES PARA A CONTA 110.13 EM DESACORDO COM O VALOR CONTÁBIL DA CONTA 420.03","SALDO DA CONTA 110.13 DEVE SER EQUIVALENTE AO VALOR CONTÁBIL DA CONTA 420.03","System.Object[]"
"ELIM0125","Ativa","Validação do saldo da conta 110.12","REJEITA VALORES PARA A CONTA 110.12 EM DESACORDO COM O VALOR CONTÁBIL DA CONTA 420.01","SALDO DA CONTA 110.12 DEVE SER EQUIVALENTE AO VALOR CONTÁBIL DA CONTA 420.01","System.Object[]"
"ELIM0126","Ativa","Validação do saldo da conta 110.15","REJEITA VALORES PARA A CONTA 110.15 EM DESACORDO COM O VALOR CONTÁBIL DA CONTA 420.02","SALDO DA CONTA 110.15 DEVE SER EQUIVALENTE AO VALOR CONTÁBIL DA CONTA 420.02","System.Object[]"
"ELIM0127","Ativa","Validação do saldo das contas 130.04 e 130.07","REJEITA VALORES PARA AS CONTAS 130.04 E 130.07 EM DESACORDO COM  O SOMATÓRIO DO VALOR CONTÁBIL DAS CONTAS 420.04 E 420.05","A SOMA DOS SALDOS DAS CONTAS 130.04 E 130.07 DEVE SER EQUIVALENTE A SOMA DO VALOR CONTÁBIL DAS CONTAS 420.04 E 420.05","System.Object[]"
"ELIM0129","Ativa","Validação da conta 620.01","VERIFICA SE A SOMA DOS VALORES DE EXPOSIÇÃO DA CONTA 620.01 SÃO EQUIVALENTES AO SALDO DA CONTA 620.01.01 MENOS 620.01.02. "," A SOMA DOS VALORES DE EXPOSIÇÃO DA CONTA 620.01 NÃO SÃO COMPATÍVEIS COM O SALDO DA CONTA 620.01.01 MENOS 620.01.02","System.Object[]"
"ELIM0130","Ativa","Validação da conta 620.02","VERIFICA SE A SOMA DOS VALORES DE EXPOSIÇÃO DA CONTA 620.02 SÃO EQUIVALENTES AO SALDO DA CONTA 620.02.01 MENOS 620.02.02.","A SOMA DOS VALORES DE EXPOSIÇÃO DA CONTA 620.02 NÃO SÃO COMPATÍVEIS COM O SALDO DA CONTA 620.02.01 MENOS 620.02.02","System.Object[]"
"ELIM0131","Ativa","Validação da conta 620.03","VERIFICA SE A SOMA DOS VALORES DE EXPOSIÇÃO DA CONTA 620.03 SÃO EQUIVALENTES AO SALDO DA CONTA 620.03.01 MENOS 620.03.02.","A SOMA DOS VALORES DE EXPOSIÇÃO DA CONTA 620.03 NÃO SÃO COMPATÍVEIS COM O SALDO DA CONTA 620.03.01 MENOS 620.03.02","System.Object[]"
"ELIM0132","Ativa","Validação da conta 620.04","VERIFICA SE A SOMA DOS VALORES DE EXPOSIÇÃO DA CONTA 620.04 SÃO EQUIVALENTES AO SALDO DA CONTA 620.04.01 MENOS 620.04.02.","A SOMA DOS VALORES DE EXPOSIÇÃO DA CONTA 620.04 NÃO SÃO COMPATÍVEIS COM O SALDO DA CONTA 620.04.01 MENOS 620.04.02","System.Object[]"
"ELIM0133","Ativa","Validação da conta 620.06","VERIFICA SE A SOMA DOS VALORES DE EXPOSIÇÃO DA CONTA 620.06 SÃO EQUIVALENTES AO SALDO DA CONTA 620.06.01 MENOS 620.06.03 MENOS 620.06.02.","A SOMA DOS VALORES DE EXPOSIÇÃO DA CONTA 620.06 NÃO SÃO COMPATÍVEIS COM O SALDO DA CONTA 620.06.01 MENOS 620.06.03 MENOS 620.06.02","System.Object[]"
"ELIM0134","Ativa","Validação da conta 620.07","VERIFICA SE A SOMA DOS VALORES DE EXPOSIÇÃO DA CONTA 620.07 SÃO EQUIVALENTES AO SALDO DA CONTA 620.07.01 MENOS 620.07.02.","A SOMA DOS VALORES DE EXPOSIÇÃO DA CONTA 620.07 NÃO SÃO COMPATÍVEIS COM O SALDO DA CONTA 620.07.01 MENOS 620.07.02","System.Object[]"
"ELIM0135","Ativa","Validação da conta 620.08","VERIFICA SE A SOMA DOS VALORES DE EXPOSIÇÃO DA CONTA 620.08 SÃO EQUIVALENTES AO SALDO DA CONTA 620.08.01 MENOS 620.08.02.","A SOMA DOS VALORES DE EXPOSIÇÃO DA CONTA 620.08 NÃO SÃO COMPATÍVEIS COM O SALDO DA CONTA 620.08.01 MENOS 620.08.02","System.Object[]"
"ELIM0136","Ativa","VALIDAÇÃO DA CONTA 810","VERIFICA SE O SALDO DA CONTA DLO 810 EQUIVALE A SOMA DAS CONTAS 810.10 E 810.20","O SALDO DA CONTA 810 É INCOMPATÍVEL COM OS SALDOS DAS CONTAS 810.10 E 810.20.","System.Object[]"
"ELIM0137","Ativa","Validar conta 800","VALIDA O SALDO DA CONTA 800 COM BASE NO VALOR ZERO OU NO SALDO DAS CONTAS 800.01, 800.02 OU 800.03","O saldo da conta 800 deve ser igual a 0 (zero) ou igual a soma dos saldos das contas 800.01, 800.02 e 800.03","System.Object[]"
"ELIM0138","Ativa","VALIDAÇÃO MÍNIMA DA CONTA 720","Validação do saldo da conta 720 de forma que seja no mínimo correspondente aos valores de exposição do ativo permanente (ativo permanente menos imobilizado de arrendamento, ativo diferido excluído do PR1 e participação acionária em instituição controlada por cooperativa de crédito) multiplicado pelo fator F","O VALOR DO PEPR NÃO CORRESPONDE AO MÍNIMO APURADO COM BASE NO FATOR F VEZES O SALDO DA CONTA 160.01 DEDUZIDO DO SALDO DA CONTA 160.02 DO SALDO DA CONTA 160.04 DO SALDO DA CONTA 110.13 (CORRESPONDE AO PEPR MÍNIMO ASSOCIADO AO ATIVO PERMANENTE PONDERADO PELO FPR DE 100%).","System.Object[]"
"ELIM0139","Ativa","VALIDA SALDO DA CONTA 310.01","Verifica se a instituição informou saldo para a conta 310.01 correspondente a aplicação do FPR sobre o valor de exposição.","O saldo da conta não é compatível com o produto do fator de ponderação (elemento 41) vezes o valor contábil (elemento 2) da conta 310.01.","System.Object[]"
"ELIM0140","Ativa","VALIDA SALDO DA CONTA 310.02","Verifica se a instituição informou saldo para a conta 310.02 correspondente a aplicação do FPR sobre o valor de exposição.","O saldo da conta não é compatível com o produto do fator de ponderação (elemento 41) vezes o valor contábil (elemento 2) da conta 310.02.","System.Object[]"
"ELIM0141","Ativa","VALIDA SALDO DA CONTA 320.01","Verifica se a instituição informou saldo para a conta 320.01 correspondente a aplicação do FPR sobre o valor de exposição.
","O saldo da conta não é compatível com o produto do fator de ponderação (elemento 41) vezes o valor contábil (elemento 2) da conta 320.01.
","System.Object[]"
"ELIM0142","Ativa","VALIDA SALDO DA CONTA 320.02","Verifica se a instituição informou saldo para a conta 320.02 correspondente a aplicação do FPR sobre o valor de exposição.
","O saldo da conta não é compatível com o produto do fator de ponderação (elemento 41) vezes o valor contábil (elemento 2) da conta 320.02.
","System.Object[]"
"ELIM0143","Ativa","VALIDA SALDO DA CONTA 320.03","Verifica se a instituição informou saldo para a conta 320.03 correspondente a aplicação do FPR sobre o valor de exposição.
","O saldo da conta não é compatível com o produto do fator de ponderação (elemento 41) vezes o valor contábil (elemento 2) da conta 320.03.
","System.Object[]"
"ELIM0144","Ativa","VALIDA SALDO DA CONTA 320.04","Verifica se a instituição informou saldo para a conta 320.04 correspondente a aplicação do FPR sobre o valor de exposição.
","O saldo da conta não é compatível com o produto do fator de ponderação (elemento 41) vezes o valor contábil (elemento 2) da conta 320.04.
","System.Object[]"
"ELIM0145","Ativa","VALIDA SALDO DA CONTA 320.05","Verifica se a instituição informou saldo para a conta 320.05 correspondente a aplicação do FPR sobre o valor de exposição.
","O saldo da conta não é compatível com o produto do fator de ponderação (elemento 41) vezes o valor contábil (elemento 2) da conta 320.05.
","System.Object[]"
"ELIM0146","Ativa","VALIDA SALDO DA CONTA 330.01","Verifica se a instituição informou saldo para a conta 330.01 correspondente a aplicação do FPR sobre o valor de exposição.
","O saldo da conta não é compatível com o produto do fator de ponderação (elemento 41) vezes o valor contábil (elemento 2) da conta 330.01.
","System.Object[]"
"ELIM0147","Ativa","VALIDA SALDO DA CONTA 330.02","Verifica se a instituição informou saldo para a conta 330.02 correspondente a aplicação do FPR sobre o valor de exposição.
","O saldo da conta não é compatível com o produto do fator de ponderação (elemento 41) vezes o valor contábil (elemento 2) da conta 330.02.
","System.Object[]"
"ELIM0148","Ativa","VALIDA SALDO DA CONTA 330.03","Verifica se a instituição informou saldo para a conta 330.03 correspondente a aplicação do FPR sobre o valor de exposição.
","O saldo da conta não é compatível com o produto do fator de ponderação (elemento 41) vezes o valor contábil (elemento 2) da conta 330.03.
","System.Object[]"
"ELIM0149","Ativa","VALIDA SALDO DA CONTA 330.04","Verifica se a instituição informou saldo para a conta 330.04 correspondente a aplicação do FPR sobre o valor de exposição.
","O saldo da conta não é compatível com o produto do fator de ponderação (elemento 41) vezes o valor contábil (elemento 2) da conta 330.04.
","System.Object[]"
"ELIM0150","Ativa","VALIDA SALDO DA CONTA 330.05","Verifica se a instituição informou saldo para a conta 330.05 correspondente a aplicação do FPR sobre o valor de exposição.
","O saldo da conta não é compatível com o produto do fator de ponderação (elemento 41) vezes o valor contábil (elemento 2) da conta 330.05.
","System.Object[]"
"ELIM0151","Ativa","VALIDA SALDO DA CONTA 340.01","Verifica se a instituição informou saldo para a conta 340.01 correspondente a aplicação do FPR sobre o valor de exposição.
","O saldo da conta não é compatível com o produto do fator de ponderação (elemento 41) vezes o valor contábil (elemento 2) da conta 340.01.
","System.Object[]"
"ELIM0152","Ativa","VALIDA SALDO DA CONTA 340.02","Verifica se a instituição informou saldo para a conta 340.02 correspondente a aplicação do FPR sobre o valor de exposição.
","O saldo da conta não é compatível com o produto do fator de ponderação (elemento 41) vezes o valor contábil (elemento 2) da conta 340.02.
","System.Object[]"
"ELIM0153","Ativa","VALIDA SALDO DA CONTA 340.03","Verifica se a instituição informou saldo para a conta 340.03 correspondente a aplicação do FPR sobre o valor de exposição.
","O saldo da conta não é compatível com o produto do fator de ponderação (elemento 41) vezes o valor contábil (elemento 2) da conta 340.03.
","System.Object[]"
"ELIM0154","Ativa","VALIDA SALDO DA CONTA 340.04","Verifica se a instituição informou saldo para a conta 340.04 correspondente a aplicação do FPR sobre o valor de exposição.
","O saldo da conta não é compatível com o produto do fator de ponderação (elemento 41) vezes o valor contábil (elemento 2) da conta 340.04.
","System.Object[]"
"ELIM0155","Ativa","VALIDA SALDO DA CONTA 350.01","Verifica se a instituição informou saldo para a conta 350.01 correspondente a aplicação do FPR sobre o valor de exposição.
","O saldo da conta não é compatível com o produto do fator de ponderação (elemento 41) vezes o valor contábil (elemento 2) da conta 350.01.
","System.Object[]"
"ELIM0156","Ativa","VALIDA SALDO DA CONTA 350.02","Verifica se a instituição informou saldo para a conta 350.02 correspondente a aplicação do FPR sobre o valor de exposição.
","O saldo da conta não é compatível com o produto do fator de ponderação (elemento 41) vezes o valor contábil (elemento 2) da conta 350.02.
","System.Object[]"
"ELIM0157","Ativa","VALIDA SALDO DA CONTA 360","Verifica se a instituição informou saldo para a conta 360 correspondente a aplicação do FPR sobre o valor de exposição.
","O saldo da conta não é compatível com o produto do fator de ponderação (elemento 41) vezes o valor contábil (elemento 2) da conta 360.
","System.Object[]"
"ELIM0158","Ativa","VALIDA SALDO DA CONTA 370","Verifica se a instituição informou saldo para a conta 370 correspondente a aplicação do FPR sobre o valor de exposição.
","O saldo da conta não é compatível com o produto do fator de ponderação (elemento 41) vezes o valor contábil (elemento 2) da conta 370.
","System.Object[]"
"ELIM0159","Ativa","VALIDA SALDO DA CONTA 380.01","Verifica se a instituição informou saldo para a conta 380.01 correspondente a aplicação do FPR sobre o valor de exposição.
","O saldo da conta não é compatível com o produto do fator de ponderação (elemento 41) vezes o valor contábil (elemento 2) da conta 380.01.
","System.Object[]"
"ELIM0160","Ativa","VALIDA SALDO DA CONTA 380.02","Verifica se a instituição informou saldo para a conta 380.02 correspondente a aplicação do FPR sobre o valor de exposição.
","O saldo da conta não é compatível com o produto do fator de ponderação (elemento 41) vezes o valor contábil (elemento 2) da conta 380.02.
","System.Object[]"
"ELIM0161","Ativa","VALIDA SALDO DA CONTA 380.03","Verifica se a instituição informou saldo para a conta 380.03 correspondente a aplicação do FPR sobre o valor de exposição.
","O saldo da conta não é compatível com o produto do fator de ponderação (elemento 41) vezes o valor contábil (elemento 2) da conta 380.03.
","System.Object[]"
"ELIM0162","Ativa","VALIDA SALDO DA CONTA 380.04","Verifica se a instituição informou saldo para a conta 380.04 correspondente a aplicação do FPR sobre o valor de exposição.
","O saldo da conta não é compatível com o produto do fator de ponderação (elemento 41) vezes o valor contábil (elemento 2) da conta 380.04.
","System.Object[]"
"ELIM0163","Ativa","VALIDA SALDO DA CONTA 390","Verifica se a instituição informou saldo para a conta 390 correspondente a aplicação do FPR sobre o valor de exposição.
","O saldo da conta não é compatível com o produto do fator de ponderação (elemento 41) vezes o valor contábil (elemento 2) da conta 390.
","System.Object[]"
"ELIM0164","Ativa","VALIDA SALDO DA CONTA 400.01","Verifica se a instituição informou saldo para a conta 400.01 correspondente a aplicação do FPR sobre o valor de exposição.
","O saldo da conta não é compatível com o produto do fator de ponderação (elemento 41) vezes o valor contábil (elemento 2) da conta 400.01.
","System.Object[]"
"ELIM0165","Ativa","VALIDA SALDO DA CONTA 400.02","Verifica se a instituição informou saldo para a conta 400.02 correspondente a aplicação do FPR sobre o valor de exposição.
","O saldo da conta não é compatível com o produto do fator de ponderação (elemento 41) vezes o valor contábil (elemento 2) da conta 400.02.
","System.Object[]"
"ELIM0166","Ativa","VALIDA SALDO DA CONTA 410.01","Verifica se a instituição informou saldo para a conta 410.01 correspondente a aplicação do FPR sobre o valor de exposição.
","O saldo da conta não é compatível com o produto do fator de ponderação (elemento 41) vezes o valor contábil (elemento 2) da conta 410.01.
","System.Object[]"
"ELIM0167","Ativa","VALIDA SALDO DA CONTA 410.02","Verifica se a instituição informou saldo para a conta 410.02 correspondente a aplicação do FPR sobre o valor de exposição.
","O saldo da conta não é compatível com o produto do fator de ponderação (elemento 41) vezes o valor contábil (elemento 2) da conta 410.02.
","System.Object[]"
"ELIM0168","Ativa","VALIDA SALDO DA CONTA 420.01","Verifica se a instituição informou saldo para a conta 420.01 correspondente a aplicação do FPR sobre o valor de exposição.
","O saldo da conta não é compatível com o produto do fator de ponderação (elemento 41) vezes o valor contábil (elemento 2) da conta 420.01.
","System.Object[]"
"ELIM0169","Ativa","VALIDA SALDO DA CONTA 420.02","Verifica se a instituição informou saldo para a conta 420.02 correspondente a aplicação do FPR sobre o valor de exposição.
","O saldo da conta não é compatível com o produto do fator de ponderação (elemento 41) vezes o valor contábil (elemento 2) da conta 420.02.
","System.Object[]"
"ELIM0170","Ativa","VALIDA SALDO DA CONTA 420.03","Verifica se a instituição informou saldo para a conta 420.03 correspondente a aplicação do FPR sobre o valor de exposição.
","O saldo da conta não é compatível com o produto do fator de ponderação (elemento 41) vezes o valor contábil (elemento 2) da conta 420.03.
","System.Object[]"
"ELIM0171","Ativa","VALIDA SALDO DA CONTA 420.04","Verifica se a instituição informou saldo para a conta 420.04 correspondente a aplicação do FPR sobre o valor de exposição.
","O saldo da conta não é compatível com o produto do fator de ponderação (elemento 41) vezes o valor contábil (elemento 2) da conta 420.04.
","System.Object[]"
"ELIM0172","Ativa","VALIDA SALDO DA CONTA 420.05","Verifica se a instituição informou saldo para a conta 420.05 correspondente a aplicação do FPR sobre o valor de exposição.
","O saldo da conta não é compatível com o produto do fator de ponderação (elemento 41) vezes o valor contábil (elemento 2) da conta 420.05.
","System.Object[]"
"ELIM0173","Ativa","PCAM - EXP MENOR OU IGUAL A 5% DO PR","Valida saldo da PCAM quando a EXP é inferior ou igual a 5% do PR","Valor da PCAM deve ser igual a zero","System.Object[]"
"ELIM0174","Ativa","PCAM - EXP MAIOR QUE 5%","Valida saldo da PCAM quando a EXP é  superior a 5% do PR","A PCAM diverge da soma das contas DLO 800.01, 800.02 e 800.03.","System.Object[]"
"ELIM0175","Ativa","PCAM - EXP MENOR OU IGUAL 4% DO PR","Valida saldo da PCAM quando a EXP é inferior ou igual a 4% do PR","Valor da PCAM deve ser igual a zero.","System.Object[]"
"ELIM0176","Ativa","PCAM - EXP MAIOR QUE 4% - ATÉ 5%","Valida saldo da PCAM quanto da EXP é maior que 4% do PR e inferior ou igual a 5% do PR.","Valor da PCAM deve ser igual a quatro décimos da soma das contas DLO 800.01, 800.02 e 800.03.","System.Object[]"
"ELIM0177","Ativa","PCAM - EXP MAIOR QUE  5% - ATÉ 10% DO PR","Valida saldo da PCAM quanto da EXP é maior que 5% do PR e inferior ou igual a 10% do PR.","Valor da PCAM deve ser igual a seis décimos da soma das contas DLO 800.01, 800.02 e 800.03.","System.Object[]"
"ELIM0178","Ativa","PCAM - EXP MAIOR QUE 10% - ATÉ 15% DO PR","Valida saldo da PCAM quanto da EXP é maior que 10% do PR e inferior ou igual a 15% do PR.","Valor da PCAM deve ser igual a oito décimos da soma das contas DLO 800.01, 800.02 e 800.03.","System.Object[]"
"ELIM0179","Ativa","PCAM - EXP MAIOR QUE 15% DO PR","Valida saldo da PCAM quanto da EXP é maior que 15% do PR.","Valor da PCAM deve ser igual a soma das contas DLO 800.01, 800.02 e 800.03.","System.Object[]"
"ELIM0180","Ativa","PCAM - EXP MENOR OU IGUAL 2% DO PR","Valida saldo da PCAM quando a EXP é inferior ou igual a 2% do PR","Valor da PCAM deve ser igual a zero.","System.Object[]"
"ELIM0181","Ativa","PCAM - EXP MAIOR QUE 2% - ATÉ 5%","Valida saldo da PCAM quanto da EXP é maior que 2% do PR e inferior ou igual a 5% do PR.","Valor da PCAM deve ser igual a quatro décimos da soma das contas DLO 800.01, 800.02 e 800.03.","System.Object[]"
"ELIM0182","Ativa","PCAM - EXP MAIOR QUE  5% - ATÉ 10% DO PR","Valida saldo da PCAM quanto da EXP é maior que 5% do PR e inferior ou igual a 10% do PR.","Valor da PCAM deve ser igual a seis décimos da soma das contas DLO 800.01, 800.02 e 800.03.","System.Object[]"
"ELIM0183","Ativa","PCAM - EXP MAIOR QUE 10% - ATÉ 15% DO PR","Valida saldo da PCAM quanto da EXP é maior que 10% do PR e inferior ou igual a 15% do PR.","Valor da PCAM deve ser igual a oito décimos da soma das contas DLO 800.01, 800.02 e 800.03.","System.Object[]"
"ELIM0184","Ativa","PCAM - EXP MAIOR QUE 15% DO PR","Valida saldo da PCAM quanto da EXP é maior que 15% do PR.","Valor da PCAM deve ser igual a soma das contas DLO 800.01, 800.02 e 800.03.","System.Object[]"
"ELIM0185","Ativa","RWACAM - EXP MENOR OU IGUAL 5% DO PR","Valida saldo da RWACAM quanto da EXP é  inferior ou igual a 5% do PR.","Valor da RWACAM deve ser igual a quatro décimos da soma das contas DLO 800.01, 800.02 e 800.03 dividido pelo fator F.","System.Object[]"
"ELIM0186","Ativa","RWACAM - EXP MAIOR QUE  5% - ATÉ 10% DO PR","Valida saldo da RWACAM quanto da EXP é maior que 5% do PR e inferior ou igual a 10% do PR.","Valor da RWACAM deve ser igual a seis décimos da soma das contas DLO 800.01, 800.02 e 800.03 dividido pelo fator F.","System.Object[]"
"ELIM0187","Ativa","RWACAM - EXP MAIOR QUE 10% - ATÉ 15% DO PR","Valida saldo da RWACAM quanto da EXP é maior que 10% do PR e inferior ou igual a 15% do PR.","Valor da RWACAM deve ser igual a oito décimos da soma das contas DLO 800.01, 800.02 e 800.03 dividido pelo fator F.","System.Object[]"
"ELIM0188","Ativa","RWACAM - EXP MAIOR QUE 15% DO PR","Valida saldo da RWACAMquanto da EXP é maior que 15% do PR.","Valor da RWACAM deve ser igual a soma das contas DLO 800.01, 800.02 e 800.03 dividido pelo fator F.","System.Object[]"
"ELIM0189","Ativa","VALIDA CONTA 874.01.00","Verifica se o saldo da conta 874.01.00 é compatível com a média dos saldos diferentes de zero das contas 874.10.00, 874.20.00 e 874.30.00.","O saldo da conta 874.01.00 não é compatível com os saldos das contas 874.10.00, 874.20.00 e 874.30.00.","System.Object[]"
"ELIM0190","Ativa","Valida saldo da conta 874.01.00 igual a zero","Vefica se no caso de saldo zero na conta 874.01.00 se a instituição informou as contas relativas ao ativo total do conglomerado financeiro e do consolidado econômico financeiro.","Quando o saldo da conta 874.01.00 for igual a zero, deve-se informar valores para as contas 874.99.01 e 874.99.02.","System.Object[]"
"ELIM0191","Ativa","Valida saldo da conta 874.02.00","Valida saldo da conta 874.02.00 quando os saldo das contas 874.99.01 e 874.99.02 são diferentes de zero, baseado nos saldos destas contas e do VRO (saldo da conta 871, ou 872, ou 873).","O saldo da conta 874.02.00 é incompatível com os saldos das contas 874.99.01 e 874.99.02 e do valor do VRO (saldo da conta 871, ou da 872, ou da 873, conforme metodologia de apuração da parcela de risco operacional adotada).","System.Object[]"
"ELIM0192","Ativa","Verifica IAE (ASA) em T-3 Linha de Negócio - Varejo","A média por período anual da soma das Operações de Crédito e Plano de Negócios, multiplicada por 3,5%,  apresenta valor diferente do saldo apresentado no documento DLO para a conta 872.10.02","A média por período anual da soma das Operações de Crédito (elemento 17) e Plano de Negócios (elemento 20), multiplicada por 3,5%, apresenta valor diferente do saldo apresentado no documento DLO para a conta 872.10.02","System.Object[]"
"ELIM0193","Ativa","Verifica IAE (ASA) em T-3 Linha de Negócio - Comercial","A média por período anual da soma das Operações de Crédito mais TVM não classificado na carteira de negociação e Plano de Negócios, multiplicada por 3,5%,  apresenta valor diferente do saldo apresentado no documento DLO para a conta 872.10.03","A média por período anual da soma das Operações de Crédito (elemento 17) com os TVM da carteira de não negociação (elemento 18) e Plano de Negócios (elemento 20), multiplicada por 3,5%, apresenta valor diferente do saldo apresentado no documento DLO para a conta 872.10.03","System.Object[]"
"ELIM0194","Ativa","Verifica IAE (ASA) em T-2 Linha de Negócio - Varejo","A média por período anual da soma das Operações de Crédito e Plano de Negócios, multiplicada por 3,5%,  apresenta valor diferente do saldo apresentado no documento DLO para a conta 872.20.02","A média por período anual da soma das Operações de Crédito (elemento 17) e Plano de Negócios (elemento 20), multiplicada por 3,5%, apresenta valor diferente do saldo apresentado no documento DLO para a conta 872.20.02","System.Object[]"
"ELIM0195","Ativa","Verifica IAE (ASA) em T-2 Linha de Negócio - Comercial","A média por período anual da soma das Operações de Crédito mais TVM não classificado na carteira de negociação e Plano de Negócios, multiplicada por 3,5%,  apresenta valor diferente do saldo apresentado no documento DLO para a conta 872.20.03","A média por período anual da soma das Operações de Crédito (elemento 17) com os TVM da carteira de não negociação (elemento 18) e Plano de Negócios (elemento 20), multiplicada por 3,5%, apresenta valor diferente do saldo apresentado no documento DLO para a conta 872.20.03","System.Object[]"
"ELIM0196","Ativa","Verifica IAE (ASA) em T-1 Linha de Negócio - Varejo","A média por período anual da soma das Operações de Crédito e Plano de Negócios, multiplicada por 3,5%,  apresenta valor diferente do saldo apresentado no documento DLO para a conta 872.30.02","A média por período anual da soma das Operações de Crédito (elemento 17) e Plano de Negócios (elemento 20), multiplicada por 3,5%, apresenta valor diferente do saldo apresentado no documento DLO para a conta 872.30.02","System.Object[]"
"ELIM0197","Ativa","Verifica IAE (ASA) em T-1 Linha de Negócio - Comercial","A média por período anual da soma das Operações de Crédito mais TVM não classificado na carteira de negociação e Plano de Negócios, multiplicada por 3,5%,  apresenta valor diferente do saldo apresentado no documento DLO para a conta 872.30.03","A média por período anual da soma das Operações de Crédito (elemento 17) com os TVM da carteira de não negociação (elemento 18) e Plano de Negócios (elemento 20), multiplicada por 3,5%, apresenta valor diferente do saldo apresentado no documento DLO para a conta 872.30.03","System.Object[]"
"ELIM0198","Ativa","Valida parâmetro RBAN quando não nula","Verifica se o parâmetro utilizado para a metodologia de cálculo da RBAN foi informado quando o valor da RBAN é diferente de zero.","Foi informado saldo para a conta 890 e não foi informado o parâmetro da metodologia de cálculo da RBAN - Conta 890.","System.Object[]"
"ELIM0199","Ativa","Valida parâmetros da RBAN","Verifica se o Parametro de metodologia de cálculo da RBAN foi informado dentro domínio de valores.","Não foi informado um parâmetro válido para a metodologia de apuração da RBAN.","System.Object[]"
"ELIM0200","Ativa","Valida saldo da conta 950 antes de 10/2013","Verifica se o saldo da conta 950 é compatível com o resultado da fórmula prevista para a conta.","O saldo da conta 950 não é compatível com a fórmula de cálculo da referida conta.","System.Object[]"
"ELIM0201","Ativa","Valida saldo da conta 960","Verifica se o saldo da conta 960 é compatível com o resultado da fórmula prevista para a conta.","O saldo da conta 960 não é compatível com a fórmula de cálculo da referida conta.","System.Object[]"
"ELIM0202","Ativa","VALIDA CONTA 100","Verifica se o saldo da conta 100 é compatível com o resultado da fórmula prevista para a conta.","O saldo da conta 100 não é compatível com a fórmula de cálculo da referida conta.","System.Object[]"
"ELIM0203","Ativa","VALIDA CONTA 101 ANTES DE 10/2013","Verifica se o saldo da conta 101 é compatível com o resultado da fórmula prevista para a conta.","O saldo da conta 101 não é compatível com a fórmula de cálculo da referida conta.","System.Object[]"
"ELIM0205","Ativa","VALIDA CONTA 150","Verifica se o saldo da conta 150 é compatível com o resultado da fórmula prevista para a conta.","O saldo da conta 150 não é compatível com a fórmula de cálculo da referida conta.","System.Object[]"
"ELIM0206","Ativa","VALIDA CONTA 160","Verifica se o saldo da conta 160 é compatível com o resultado da fórmula prevista para a conta.","O saldo da conta 160 não é compatível com a fórmula de cálculo da referida conta.","System.Object[]"
"ELIM0207","Ativa","VALIDA SALDO DA CONTA 900 ANTES DE 10/2013","Verifica se o saldo da conta 900 é compatível com o resultado da fórmula prevista para a conta.","O saldo da conta 900 não é compatível com a fórmula de cálculo da referida conta.","System.Object[]"
"ELIM0208","Ativa","Valida Conta de Detalhamento do RWAOPAD","Verifica se foram informados valores indevidos nas contas de detalhamento do POPR em desacordo com a abordagem informada.","Foram informados valores nas contas de RWAOPAD em desacordo com a abordagem de risco operacional informada.","System.Object[]"
"ELIM0209","Ativa","VALIDAÇÃO DA CONTA 550.10","Validar o valor contábil da conta 550.10 a partir do saldo das contas filhas 550.10.01 a 550.10.06.","A soma dos valores contábeis da conta 550.10 não confere com a soma dos saldos das conta 550.10.01, 550.10.02, 550.10.03, 550.10.04, 550.10.05, 550.10.06","System.Object[]"
"ELIM0210","Ativa","VALIDAÇÃO DA CONTA 550.11","Validar o valor contábil da conta 550.11 a partir do saldo das contas filhas 550.11.01 a 550.11.06.","A soma dos valores contábeis da conta 550.11 não confere com a soma dos saldos das conta 550.11.01, 550.11.02, 550.11.03, 550.11.04, 550.11.05, 550.11.06.","System.Object[]"
"ELIM0212","Ativa","VALIDAÇÃO DE INDICADOR DE INCLUSÃO","Verifica, no caso de ter sido informado indicador de inclusão igual a ""I"", se não houve documento processado com sucesso enviado anteriormente.","FOI INFORMADO INCORRETAMENTE INDICADOR DE INCLUSÃO OU SUBSTITUIÇÃO IGUAL A ""I"" CORRESPONDENTE A INCLUSÃO, NO ENTANTO,  JÁ EXISTE DOCUMENTO PROCESSADO COM SUCESSO PARA ESTA DATA BASE.","System.Object[]"
"ELIM0213","Ativa","VALIDAÇÃO DO INDICADOR DE SUBSTITUIÇÃO","Verifica, no caso de ter sido informado indicador de inclusão igual a ""S"", se já houve documento processado com sucesso enviado anteriormente.","FOI INFORMADO INCORRETAMENTE INDICADOR DE INCLUSÃO OU SUBSTITUIÇÃO IGUAL A ""S"" CORRESPONDENTE A SUBSTITUIÇÃO, NO ENTANTO,  AINDA NÃO EXISTE DOCUMENTO PROCESSADO COM SUCESSO PARA ESTA DATA BASE.","System.Object[]"
"ELIM0214","Ativa","VALIDA SALDO DA CONTA 880","Verifica se o saldo da conta 880 é compatível com o saldo da conta 765","O Saldo da conta 880 deve refletir no mínimo o valor da conta 765.","System.Object[]"
"ELIM0216","Ativa","Valida Uso de Modelo Interno de Risco de Mercado","Verifica se a instituição apresenta saldo nas contas próprias de modelos internos de risco de mercado, e se a referida instituição está habilitada a usar modelo interno.","Esta instituição não está habilitada a usar modelo interno de risco de mercado, no entanto há saldos em contas destinadas exclusivamente ao modelo interno de risco de mercado.","System.Object[]"
"ELIM0217","Ativa","VALIDAR SALDO DA CONTA 870 PARA ABORDAGEM BIA","VERIFICA SE O SALDO DA CONTA 870 ESTÁ COMPATÍVEL COM O SALDO DA CONTA 871, APÓS DIVISÃO PELO FATOR F.","SALDO DA CONTA 870 INCOMPATÍVEL COM O SALDO DA CONTA 871 APÓS DIVISÃO PELO FATOR F.","System.Object[]"
"ELIM0218","Ativa","VALIDAR SALDO DA CONTA 870 PARA ABORDAGEM ASA","VERIFICA SE O SALDO DA CONTA 870 ESTÁ COMPATÍVEL COM O SALDO DA CONTA 872, APÓS DIVISÃO PELO FATOR F.","SALDO DA CONTA 870 INCOMPATÍVEL COM O SALDO DA CONTA 872 APÓS DIVISÃO PELO FATOR F.","System.Object[]"
"ELIM0219","Ativa","VALIDAR SALDO DA CONTA 870 PARA ABORDAGEM ASA2","VERIFICA SE O SALDO DA CONTA 870 ESTÁ COMPATÍVEL COM O SALDO DA CONTA 873, APÓS DIVISÃO PELO FATOR F.","SALDO DA CONTA 870 INCOMPATÍVEL COM O SALDO DA CONTA 873 APÓS DIVISÃO PELO FATOR F.","System.Object[]"
"ELIM0220","Ativa","PATRIMÔNIO DE REFERÊNCIA (PR)","VALIDA CONTA PATRIMÔNIO DE REFERÊNCIA (PR) PARA DATAS BASES ANTERIORES A 10/13","SALDO DA CONTA 100 INCONPATÍVEL COM A SOMA DO SALDO DA CONTA 110 E 120 DEDUZIDO DO SALDO DA CONTA 130.","System.Object[]"
"ELIM0221","Ativa","PATRIMÔNIO DE REFERÊNCIA (PR) PÓS 10/2013","VALIDA PATRIMÔNIO DE REFERÊNCIA (PR) PÓS 10/2013","SALDO DA CONTA 100 INCONPÁTÍVEL COM SOMA DO SALDO DAS CONTAS 110 E 120","System.Object[]"
"ELIM0222","Ativa","VALIDA PR PARA LIMITE DE BASILÉIA ANTES DE 10/13","VALIDA PR PARA LIMITE DE BASILÉIA ANTES DE 10/13","SALDO DA CONTA 101 INCOMPATÍVEL COM O SALDO DA CONTA 100 DEDUZIDO DO SALDO DA CONTA 105","System.Object[]"
"ELIM0223","Ativa","Validação do saldo da conta 101 a partir de 10/2013 para RPS","Validação do saldo da conta 101 (patrimônio de referência para comparação com o RWA) a partir de 10/2013 para RPS","O saldo da conta 101 (R$ VALOR1) deve corresponder ao resultado de 100 - 105 (R$ VALOR2).","System.Object[]"
"ELIM0224","Ativa","Validação do saldo da conta 102 antes de 10/13","Validação do saldo da conta 102 antes de 10/13","O saldo da conta 102 (R$ VALOR1) é incompatível com o saldo resultante de 100 - 106 (R$ VALOR2).","System.Object[]"
"ELIM0226","Ativa","Validação do saldo da conta 110 antes de 10/2013","Validação do saldo da conta 110 antes de 10/2013","O saldo da conta 110 (R$ VALOR1) é incompatível com o resultado de 110.01 + 110.02 + 110.03 + 110.04 -110.05 - 110.06 - 110.07 - 110.08 - 110.09 - 110.10 - 110.11 - 110.12 - 110.13 - 110.14 - 110.15 + 110.16 - 110.17 - 110.18 + 110.19 (R$ VALOR2).","System.Object[]"
"ELIM0227","Ativa","Validação do saldo da conta 110 a partir de 10/2013","Validação do saldo da conta 110 a partir de 10/2013","O saldo da conta 110 (R$ VALOR1) é incompatível com o somatório dos saldos das contas 111 e 112 (R$ VALOR2).
","System.Object[]"
"ELIM0228","Ativa","Validação do saldo da conta 120 a partir de 10/2013","Validação do saldo da conta 120 (patrimônio de referência Nivel II) a partir de 10/2013","O saldo da conta 120 (R$ VALOR1) deve corresponder ao resultado de 120.01 + 120.02 - 120.90 - 120.91 -120.92 (R$ VALOR2).","System.Object[]"
"ELIM0229","Ativa","Validação do valor base da conta 111.94.01","Validação do valor base da conta 111.94.01 (Ajuste Prudencial V Antes da Glosa de 15% - Investimentos Superiores)","O valor base informado no elemento 2 da conta 111.94.01 (R$ VALOR1) é incompatível com o maior valor entre zero e o resultado de 111.94.01.01 - 111.94.01.02 (R$ VALOR2).","System.Object[]"
"ELIM0230","Ativa","Validação do valor base da conta 111.94.02","Validação do valor base da conta 111.94.02 (Ajuste Prudencial VII Antes da Glosa de 15% - Créditos Tributários de Diferença Temporária)","O valor base informado no elemento 2 da conta 111.94.02 (R$ VALOR1) é incompatível com o maior valor entre zero e o resultado de 111.94.02.01 - 111.94.02.02 (R$ VALOR2).","System.Object[]"
"ELIM0231","Ativa","Validação do saldo da conta 111.94.03","Validação do saldo da conta 111.94.03 (Ajustes Prudenciais V e VII decorrentes de limitação de 15% do Capital Principal)","O valor base informado no elemento 2 da conta 111.94.03 (R$ VALOR1) é incompatível com o maior valor entre zero e o resultado de 111.94.03.01 - 111.94.03.02 (R$ VALOR2).","System.Object[]"
"ELIM0232","Ativa","PCAM - EXP MAIOR QUE 2% - ATÉ 5% PÓS 10/2013","Valida saldo do RWACAM quanto da EXP é maior que 2% do PR e inferior ou igual a 5% do PR","Valor do RWACAM deve ser igual a quatro décimos da soma das contas DLO 800.01, 800.02 e 800.03, divido pelo Fator F.","System.Object[]"
"ELIM0233","Ativa","RWACAM - EXP MAIOR QUE 5% - ATÉ 10% DO PR","VALIDA RWACAM - EXP MAIOR QUE 5% - ATÉ 10% DO PR","Valor do RWACAM deve ser igual a seis décimos da soma das contas DLO 800.01, 800.02 e 800.03 dividido pelo fator F.","System.Object[]"
"ELIM0234","Ativa","RWACAM - EXP MAIOR QUE 10% - ATÉ 15% DO PR","Valida saldo da RWACAM quanto da EXP é maior que 10% do PR e inferior ou igual a 15% do PR.","Valor do RWACAM deve ser igual a oito décimos da soma das contas DLO 800.01, 800.02 e 800.03 dividido pelo fator F.","System.Object[]"
"ELIM0235","Ativa","RWACAM - EXP MAIOR QUE 15% DO PR","VALIDA PCAM - EXP MAIOR QUE 15% DO PR","Valor da RWACAM deve ser igual a soma das contas DLO 800.01, 800.02 e 800.03 dividido pelo fator F.","System.Object[]"
"ELIM0236","Ativa","VALIDA SALDO DA CONTA 820 ANTES DE 10/2013","VALIDA SALDO DA CONTA 820 ANTES DE 10/2013","SALDO DA CONTA 820 INCOPATÍVEL COM O RESULTADO DE SUA FÓRMULA: DLO[820.01]+DLO[820.02]+DLO[820.03]+DLO[820.04].","System.Object[]"
"ELIM0237","Ativa","VALIDA SALDO DA CONTA 820 APÓS 10/2013","VALIDA SALDO DA CONTA 820 APÓS 10/2013","SALDO DA CONTA 820 INCOMPATÍVEL COM O RESULTADO DE SUA FÓRMULA: (DLO[820.01]+DLO[820.02]+DLO[820.03]+DLO[820.04])/FATOR F.","System.Object[]"
"ELIM0238","Ativa","VALIDA SALDO DA CONTA 830 ANTES DE 10/2013","VALIDA SALDO DA CONTA 830 ANTES DE 10/2013","SALDO DA CONTA 830 INCOMPATIVEL COM RESULTADO DE SUA FÓRMULA: DLO[830.01]+DLO[830.02]+DLO[830.03]+DLO[830.04]","System.Object[]"
"ELIM0239","Ativa","VALIDA SALDO DA CONTA 830 APÓS 10/2013","VALIDA SALDO DA CONTA 830 APÓS 10/2013","SALDO DA CONTA 830 INCOMPATÍVEL COM O RESULTADO DE SUA FÓRMULA:(DLO[830.01]+DLO[830.02]+DLO[830.03]+DLO[830.04])/FATOR F.","System.Object[]"
"ELIM0240","Ativa","VALIDA SALDO DA CONTA 840 ANTES DE 10/2013","VALIDA SALDO DA CONTA 840 ANTES DE 10/2013","SALDO DA CONTA 840 INCOMPATÍVEL COM RESULTADO DE SUA FÓRMULA: DLO[840.01]+DLO[840.02]+DLO[840.03]+DLO[840.04].","System.Object[]"
"ELIM0241","Ativa","VALIDA SALDO DA CONTA 840 APÓS 10/2013","VALIDA SALDO DA CONTA 840 APÓS 10/2013","SALDO DA CONTA 840 INCOMPATÍVEL COM RESULTADO DE SUA FÓRMULA: (DLO[840.01]+DLO[840.02]+DLO[840.03]+DLO[840.04])/FATOR F.","System.Object[]"
"ELIM0242","Ativa","VALIDA SALDO DA CONTA 850 ANTES DE 10/2013","VALIDA SALDO DA CONTA 850 ANTES DE 10/2013","SALDO DA CONTA INCOMPATÍVEL COM RESULTADO DE SUA FÓRMULA: DLO[850.01]+DLO[850.02].","System.Object[]"
"ELIM0243","Ativa","VALIDA SALDO DA CONTA 850 APÓS 10/2013","VALIDA SALDO DA CONTA 850 APÓS 10/2013","SALDO DA CONTA 850 INCOMPATÍVEL COM RESULTADO DE SUA FÓRMULA:(DLO[850.01]+DLO[850.02])/FATOR F.","System.Object[]"
"ELIM0244","Ativa","VALIDA SALDO DA CONTA 860 ANTES DE 10/2013","VALIDA SALDO DA CONTA 860 ANTES DE 10/2013","SALDO DA CONTA 860 INCOMPATÍVEL COM RESULTADO DE SUA FÓRMULA:DLO[860.01]+DLO[860.02]+DLO[860.03]+DLO[860.04]+DLO[860.05]+DLO[860.06]+DLO[860.07]+DLO[860.08].","System.Object[]"
"ELIM0245","Ativa","VALIDA SALDO DA CONTA 860 APÓS 10/2013","VALIDA SALDO DA CONTA 860 APÓS 10/2013","SALDO DA CONTA 860 INCOMPATÍVEL COM RESULTADO DE SUA FÓRMULA: (DLO[860.01]+ DLO[860.04]+ DLO[860.07]+DLO[860.08]+DLO[860.09]+DLO[860.10])/FATOR F.","System.Object[]"
"ELIM0246","Ativa","VALIDA SALDO DA CONTA 770","VALIDA SALDO DA CONTA 770","SALDO DA CONTA 770 INCOMPATÍVEL COM RESULTADO DE SUA FÓRMULA - VER INSTRUÇÕES DE PREENCHIMENTO.","System.Object[]"
"ELIM0247","Ativa","Validação do saldo da conta 900 a partir de 10/2013 exceto RPS","Validação do saldo da conta 900 (Ativos Ponderados pelo Risco - RWA) a partir de 10/2013 exceto RPS","O saldo da conta 900 (R$ VALOR1) deve corresponder ao resultado de 700 + 770 + 870 (R$ VALOR2).","System.Object[]"
"ELIM0248","Ativa","Validação do saldo da conta 950 a partir de 10/2013","Validação do saldo da conta 950 (Margem sobre o Patrimônio de Referência Requerido) a partir de 10/2013","O saldo da conta 950 (R$ VALOR1) deve corresponder ao resultado de 101 - 910 (R$ VALOR2).","System.Object[]"
"ELIM0249","Ativa","Validação do valor base da conta 111.92.05","Validação do valor base da conta 111.92.05 (ajuste prudencial VIII - crédito tributário de prejuízo fiscal de superveniência)
","O valor base da conta 111.92.05 (R$ VALOR1) é incompatível com o resultado de 111.92.05.01-111.92.05.90 (R$ VALOR2).","System.Object[]"
"ELIM0250","Ativa","Validacão do valor base da conta 111.92.06.01","Validacão do valor base da conta 111.92.06.01 (valor inferior ou igual a 10% nível i)
","O valor base da conta 111.92.06.01 (R$ VALOR1)  é incompatível com o menor saldo entre as contas 111.92.06.01.01 (R$ VALOR2) e 111.92.06.01.02 (R$ VALOR3).","System.Object[]"
"ELIM0251","Ativa","Validação do valor base da conta 111.93","Validação do valor base da conta 111.93 (Ajuste Prudencial IV - participações inferiores a 10% não consolidadas)","O valor base da conta 111.93 (VALOR1) deve corresponder ao maior valor entre zero e o resultado de 111.93.01 + 111.93.03 -111.93.02 (R$ VALOR2).","System.Object[]"
"ELIM0252","Ativa","Validação do saldo da conta 120.01 a partir de 10/2013","Validação do saldo da conta 120.01 (Instrumentos Elegíveis ao Nível II) a partir de 10/2013
","O saldo da conta 120.01 (R$ VALOR1) deve corresponder ao somatório de 120.01.01, 120.01.02 e 120.01.03 (R$ VALOR2).","System.Object[]"
"ELIM0253","Ativa","VALIDA SALDO CONTA 700 APÓS 10/2013","VALIDA SALDO CONTA 700 APÓS 10/2013","Saldo conta 700 incompatível com resultado de sua fórmula.","System.Object[]"
"ELIM0254","Ativa","Validação do saldo da conta 101 a partir de 10/2013 exceto RPS","Validação do saldo da conta 101 (patrimônio de referência para comparação com o RWA) a partir de 10/2013 exceto RPS","O saldo da conta 101 (R$ VALOR1) deve corresponder ao resultado de 100 - 105 - 107 (R$ VALOR2).","System.Object[]"
"ELIM0255","Ativa","Validação do Saldo da Conta 102 a partir de 10/2013","Validação do saldo da conta 102 a partir de 10/2013.","O saldo da conta 102 (R$ VALOR1) é incompatível com o saldo resultante de 100 - 106 - 107 (R$ VALOR2).","System.Object[]"
"ELIM0256","Ativa","Validação do saldo da conta 111.90","Validação do saldo da conta 111.90","O saldo da conta 111.90 (R$ VALOR1) é incompatível com o maior valor entre 0 e o resultado da fórmula: 111.90.01-(2*111.01) (R$ VALOR2).","System.Object[]"
"ELIM0257","Ativa","Validação do saldo da conta 111.90 para cooperativas de crédito e APE","Validação do saldo da conta 111.90 para cooperativas de crédito cujo valor deve ser zero
","Saldo da conta 111.90 deve ser igual a zero para as cooperativas de crédito.","System.Object[]"
"ELIM0260","Ativa","Validação do saldo da conta 111.90.01","Validação do saldo da conta 111.90.01, exceto para cooperativas de crédito","O saldo conta 111.90.01 (R$ VALOR1) é incompatível com o saldo resultante de 111.02 + 111.03 + 111.04 + 111.07 + 111.08 (R$ VALOR2).","System.Object[]"
"ELIM0261","Ativa","Validação do saldo da conta 111.92.08 exceto RPS","Validação do saldo da conta 111.92.08 (ajuste prudencial X - investimento em outras entidades) exceto RPS
","O saldo da conta 111.92.08 (R$ VALOR1) é incompatível com o saldo resultante de 111.92.08.01 + 111.92.08.02 + 111.92.08.03 + 111.92.08.04 + 111.92.08.05 + 111.92.08.06 (R$ VALOR2).","System.Object[]"
"ELIM0262","Ativa","Validação do saldo da conta 111.94.02.02","Validação do saldo da conta 111.94.02.02 (Limite para Créditos Tributários Decorrentes de Diferença Temporária)","O saldo conta 111.94.02.02 (R$ VALOR1) deve corresponder ao resultado de 111.94.01.02.01 * 10% (R$ VALOR2).","System.Object[]"
"ELIM0263","Ativa","Validação do saldo da conta 111.94.02.01.90.93","Validação do saldo da conta 111.94.02.01.90.93 (Obrigações Fiscais Diferidas Compensadas com Créditos Tributários de Prejuízo Fiscal/CSLL)
","O saldo conta 111.94.02.01.90.93 (R$ VALOR1) deve corresponder ao resultado de 111.92.05.90 + 111.92.06.01.01.90 (R$ VALOR2).","System.Object[]"
"ELIM0264","Ativa","VALIDAÇÃO CONTA 111.92.02.02","VALIDAÇÃO CONTA 111.92.02.02","SALDO CONTA 111.92.02.02 INCOMPATÍVEL COM RESULTADO DA SUA FÓRMULA","System.Object[]"
"ELIM0265","Ativa","Validação do saldo da conta 111.92.09","Validação do saldo da conta 111.92.09 (Ajuste Prudencial XI - Participação no Exterior ou Não IF sem Acesso BC","O saldo da conta 111.92.09 (R$ VALOR1) deve corresponder ao maior valor entre os saldos das contas 111.92.09.01 (R$VALOR2) e 111.92.09.02 (R$ VALOR3).","System.Object[]"
"ELIM0266","Ativa","Validação do saldo da conta 111.94.03.02","Validação do saldo da conta 111.94.03.02 (Limite para Participações Superiores e de Créditos Tributários Decorrentes de Diferença Temporária)","O saldo da conta 111.94.03.02 (R$ VALOR1) é incompatível com o maior valor entre zero e o resultado de 0,15/(1-S*0,15)*(111.94.01.02.01-S*111.94.03.01)  (R$ VALOR2), sendo S o percentual aplicado sobre o ajuste prudencial, conforme art. 11 da Res. 4.192/13 (TABELA 005).","System.Object[]"
"ELIM0267","Ativa","Validação do saldo da conta 111.94.04","Validação do saldo da conta 111.94.04 (Participações Superiores e Créditos Tributários de Diferença Temporária não Deduzidos)","O saldo da conta 111.94.04 (R$ VALOR1) deve corresponder ao menor valor entre o saldos das contas 111.94.03.02 (R$ VALOR2) e 111.94.04.01.01 (R$ VALOR3).","System.Object[]"
"ELIM0268","Ativa","Validação do saldo da conta 111.94.04.01.01.01","Validação do saldo da conta 111.94.04.01.01.01 (Auxiliar  Basket Bruto Participações Superiores)","O saldo da conta 111.94.04.01.01.01 (R$ VALOR1) deve corresponder ao menor valor entre o saldos das contas 111.94.01.01 (R$ VALOR2) e 111.94.01.02 (R$ VALOR3).","System.Object[]"
"ELIM0269","Ativa","Validação do saldo da conta 111.94.04.01.01.02","Validação do saldo da conta 111.94.04.01.01.02 (Auxiliar - Basket Bruto Créditos Tributários)","O saldo da conta 111.94.04.01.01.02 (R$ VALOR1) deve corresponder ao menor valor entre o saldos das contas 111.94.02.01 (R$ VALOR2) e 111.94.02.02 (R$ VALOR3).","System.Object[]"
"ELIM0270","Ativa","VALIDAÇÃO DA CONTA 111.94.04.03","VALIDAÇÃO DA CONTA 111.94.04.03","O saldo da conta 111.94.04.03 (R$ VALOR1) deve ser igual ao saldo da conta 111.94.01 (R$ VALOR2) se o saldo da conta 111.94.04.01.90 (R$ VALOR3) for igual a zero e, caso contrário, deve corresponder ao resultado de 111.94.01 + (111.94 - 111.94.01 - 111.94.02) * (111.94.04.01.90.01 / 111.94.04.01.90) (R$ VALOR4).","System.Object[]"
"ELIM0271","Ativa","Validação do saldo da conta 111.94.04.04","Validação do saldo da conta 111.94.04.04 (Créditos Tributários de Diferença Temporária Deduzidos) ","O saldo da conta 111.94.04.04 (R$ VALOR1) deve corresponder ao resultado de 111.94 - 111.94.04.03 (R$ VALOR2).","System.Object[]"
"ELIM0272","Ativa","Validação do saldo da conta 112.93","Validação do saldo da conta 112.93 (Investimento em Outras Entidades Deduzido do Capital Complementar)","O saldo da conta 112.93 (R$ VALOR1) deve corresponder ao resultado de 112.93.01 + 112.93.02 + 112.93.03 + 112.93.04 - 112.93.05  - 112.93.90 (R$ VALOR2).","System.Object[]"
"ELIM0273","Ativa","Validação do saldo da conta 112.93.05","Validação do saldo da conta 112.93.05 (Excesso de Dedução de Investimento em Outras Entidades no Capital Complementar a ser Deduzido do Capital Principal)","O saldo da conta 112.93.05 (R$ VALOR1) deve corresponder ao maior valor entre zero e o resultado de 112.93.01 + 112.93.02 + 112.93.03 + 112.93.04 - 112.93.05.01 (R$ VALOR2).","System.Object[]"
"ELIM0274","Ativa","VALIDAÇÃO CONTA 420.06","VALIDAÇÃO CONTA 420.06","SALDO CONTA 420.06 INCOMPATÍVEL COM SUA FÓRMULA VALOR1","System.Object[]"
"ELIM0275","Ativa","VALIDAÇÃO CONTA 420.07","VALIDAÇÃO CONTA 420.07","SALDO DA CONTA 420.07 INCOMPATÍVEL COM RESULTADO DA SUA FÓRMULA VALOR1","System.Object[]"
"ELIM0276","Ativa","VALIDAÇÃO CONTA 420.08","VALIDAÇÃO CONTA 420.08","SALDO DA CONTA 420.08 INCOMPATÍVEL COM RESULTADO DA SUA FÓRMULA VALOR1","System.Object[]"
"ELIM0277","Ativa","VALIDAÇÃO CONTA 420.09","VALIDAÇÃO CONTA 420.09","SALDO DA CONTA 420.09 INCONSISTENTE COM RESULTADO DA SUA FÓRMULA VALOR1","System.Object[]"
"ELIM0278","Ativa","VALIDAÇÃO DA CONTA 420.10","VALIDAÇÃO DA CONTA 420.10","SALDO DA CONTA 420.10 INCOMPATÍVEL COM RESULTADO DE SUA FÓRMULA VALOR1","System.Object[]"
"ELIM0279","Ativa","VALIDAÇÃO CONTA 420.11","VALIDAÇÃO CONTA 420.11","SALDO DA CONTA 420.11 INCOMPATÍVEL COM RESULTADO DA SUA FÓRMULA VALOR1","System.Object[]"
"ELIM0280","Ativa","VALIDAÇÃO SALDO DA CONTA 420.12","VALIDAÇÃO SALDO DA CONTA 420.12","SALDO DA CONTA 420.12 INCOMPATÍVEL COM RESULTADO DA SUA FÓRMULA (R$ VALOR1).","System.Object[]"
"ELIM0281","Ativa","Validação do saldo da conta 111 exceto RPS","Validação do saldo da conta 111 (Capital Principal) exceto RPS","O saldo da conta 111 (R$ VALOR1) é incompatível com o saldo resultante de 111.01 + 111.02 + 111.03 + 111.04 + 111.05 + 111.06 + 111.07 + 111.08 - 111.90 - 111.91 - 111.92 - 111.93 - 111.94 (R$ VALOR2).","System.Object[]"
"ELIM0282","Ativa","Validação do saldo da conta 103 exceto RPS","Validação do saldo da conta 103 exceto RPS","O saldo da  conta 103 (R$ VALOR1) é incompatível com o saldo resultante de 110 - 105 - 107 (R$ VALOR2).","System.Object[]"
"ELIM0283","Ativa","Validação do saldo da conta 104 exceto RPS","Validação do saldo da conta 104 exceto RPS","O saldo da conta 104 (R$ VALOR1) é incompativel com o saldo resultante de 111 - 105 - 107 (R$ VALOR2).","System.Object[]"
"ELIM0284","Ativa","Validação do saldo da conta 111 para RPS","Validação do saldo da conta 111 (Capital Principal) para RPS","O saldo da conta 111 (R$ VALOR1) é incompatível com o saldo resultante de 111.01 + 111.02 + 111.03 + 111.04 + 111.05 + 111.06 - 111.91 - 111.92 - 111.93 - 111.94 (R$ VALOR2).","System.Object[]"
"ELIM0285","Ativa","Validação do saldo da conta 111.91 exceto RPS","Validação do saldo da conta 111.91 (deduções do capital principal exceto ajustes prudenciais) exceto para cooperativas RPS","O saldo da conta 111.91 (R$ VALOR1) é incompatível com o saldo resultante de 111.91.01 + 111.91.02 + 111.91.03 + 111.91.04 + 111.91.05 + 111.91.06 + 111.91.07 + 111.91.08 (R$ VALOR2).","System.Object[]"
"ELIM0286","Ativa","Validação do saldo da conta 111.91 para RPS","Validação do saldo da conta 111.91 (deduções do capital principal exceto ajustes prudenciais) para RPS","O saldo da conta 111.91 (R$ VALOR1) é incompatível com o saldo resultante de 111.91.03 + 111.91.04 (R$ VALOR2).","System.Object[]"
"ELIM0287","Ativa","Validação do saldo da conta 111.92 exceto RPS","Validação do saldo da conta 111.92 (ajustes prudenciais exceto participações não consolidadas e crédito tributário) exceto RPS","O saldo da conta 111.92 (R$ VALOR1) é incompatível com o saldo resultante de 111.92.01 + 111.92.02 + 111.92.03 + 111.92.04 + 111.92.05 + 111.92.06 + 111.92.07 + 111.92.08 + 111.92.09 + 111.92.10 + 111.92.11 + 111.92.12 + 111.92.13 (R$ VALOR2).","System.Object[]"
"ELIM0288","Ativa","Validação do saldo da conta 111.92 para RPS","Valida saldo da conta 111.92 (ajustes prudenciais exceto participações não consolidadas e crédito tributário) para RPS","O saldo da conta 111.92 (R$ VALOR1) é incompatível com o saldo resultante de 111.92.01 + 111.92.02 + 111.92.03 + 111.92.04 + 111.92.06 + 111.92.07 + 111.92.08 + 111.92.09 + 111.92.11 (R$ VALOR2).","System.Object[]"
"ELIM0290","Ativa","Validação do saldo da conta 111.92.06","Validação do saldo da conta 111.92.06 (ajuste prudencial VIII - demais créditos tributários de prejuízo fiscal e relacionados à CSLL)","O saldo da conta 111.92.06 (R$ VALOR1) é incompatível com o saldo resultante de 111.92.06.01 + 111.92.06.02 (R$ VALOR2).","System.Object[]"
"ELIM0291","Ativa","Validação do saldo da conta 111.92.06.01.01","Validação do saldo da conta 111.92.06.01.01 (demais créditos tributários de prejuízo fiscal e relacionados à CSLL - após eventual compensação com obrigações fiscais diferidas). Só faz a verificação quando o saldo da conta 111.92.06 for positivo.","O saldo da conta 111.92.06.01.01 (R$ VALOR1) é incompatível com o maior valor entre zero e o resultado de 111.92.06.01.01.01 - 111.92.06.01.01.90 (R$ VALOR2).","System.Object[]"
"ELIM0292","Ativa","Validação do saldo da conta 111.92.06.01.02","Validação do saldo da conta 111.92.06.01.02 (10% do pr nível i desconsiderados os ajustes prudenciais). Só faz a verificação se o saldo da conta 111.92.06 for positivo.","O saldo da conta 111.92.06.01.02 (R$ VALOR1) é incompativel com o resultado de 111.92.06.01.02.01 * 10% (R$ VALOR2).
","System.Object[]"
"ELIM0293","Ativa","Validação do saldo da conta 111.92.06.01.02.01 exceto RPS","Validação do saldo da conta 111.92.06.01.02.01 (PR nível 1 desconsiderados os ajustes prudenciais) exceto para cooperativas RPS. Só faz verificação se o saldo da conta 111.92.06 for positivo.","O saldo da conta 111.92.06.01.02.01 (R$ VALOR1) é incompatível com o saldo resultante do máximo entre 0 e 111.01 + 111.02 + 111.03 + 111.04 + 111.05 + 111.06 + 111.07 + 111.08 - 111.90 - 111.91 + 112 (R$ VALOR2).","System.Object[]"
"ELIM0294","Ativa","Validação do saldo da conta 111.92.06.01.02.01","Validação do saldo da conta 111.92.06.01.02.01 ( PR nível 1 desconsiderados os ajustes prudenciais) para RPS. Só faz a verificação se o saldo da conta 111.92.06 for positivo.","O saldo da conta 111.92.06.01.02.01 (R$ VALOR1) é incompatível com o saldo resultante de MAX(0;111.01 + 111.02 + 111.04 + 111.05 + 111.06 - 111.91 + 112) (R$ VALOR2).","System.Object[]"
"ELIM0295","Ativa","Validação do saldo da conta 111.92.06.02","Validação do saldo da conta 111.92.06.02 (valor que excede a 10% do PR nível 1). Só verifica se o saldo da conta 111.92.06 for positivo.","O saldo da conta 111.92.06.02 (R$ VALOR1) é incompatível com o maior valor entre zero e o resultado de 111.92.06.01.01 - 111.92.06.01.02 (R$ VALOR2).","System.Object[]"
"ELIM0296","Ativa","Validação do saldo da conta 111.92.08.06","Validação do saldo da conta 111.92.08.06 (Excesso de Dedução de Investimentos no Capital Complementar)","O saldo da conta 111.92.08.06 (R$ VALOR1) deve ser igual ao saldo da conta 112.93.05 (R$ VALOR2).","System.Object[]"
"ELIM0297","Ativa","Validação do saldo da conta 111.93.02","Validação do saldo da conta 111.93.02 (Limite para Investimentos Inferiores em Assemelhadas). Só verifica se o saldo da conta 111.93 for positivo.","O saldo da conta 111.93.02 (R$ VALOR1) difere do resultado de 111.93.02.01 * 10% (R$ VALOR2).","System.Object[]"
"ELIM0298","Ativa","Validação do saldo da conta 111.93.02.01 exceto RPS","Validação do saldo da conta 111.93.02.01 (Capital Principal Ajustado II) exceto RPS. Só faz a verificação quando o saldo da conta 111.93 for positivo.","O saldo da conta 111.93.02.01 (R$ VALOR1) difere do resultado do máximo entre 0 e  111.01 + 111.02 + 111.03 + 111.04 + 111.05 + 111.06 + 111.07 + 111.08 - 111.90 - 111.91 - 111.92 (R$ VALOR2).","System.Object[]"
"ELIM0299","Ativa","Validação do saldo da conta 111.93.02.01 para RPS","Validação do saldo da conta 111.93.02.01 (Capital Principal Ajustado II) para RPS. Só faz a verificação quando o saldo da conta 111.93 for positivo.","O saldo da conta 111.93.02.01 (R$ VALOR1) difere do resultado do máximo entre 0 e  111.01 + 111.02 + 111.04 + 111.05 + 111.06 - 111.91 - 111.92 (R$ VALOR2).","System.Object[]"
"ELIM0300","Ativa","Validação do saldo da conta 111.94 exceto RPS","Validação do saldo da conta 111.94 (Ajustes Prudenciais V e VII - Créditos Tributários de Diferença Temporária e Investimentos Superiores em Assemelhadas) exceto RPS","O saldo da conta 111.94 (R$ VALOR1) deve corresponder ao maior valor entre o saldo da conta 111.94.03 (R$ VALOR2) e o resultado de 111.94.01 + 111.94.02 + 111.94.05 (R$ VALOR3).","System.Object[]"
"ELIM0301","Ativa","Validação do saldo da conta 111.94 para RPS","Validação do saldo da conta 111.94 (Ajustes Prudenciais V e VII - Créditos Tributários de Diferença Temporária e Investimentos Superiores em Assemelhadas) para RPS","O saldo da conta 111.94 (R$ VALOR1) deve corresponder ao maior valor entre os saldos das contas 111.94.01 (R$ VALOR2) e 111.94.03 (R$ VALOR3).","System.Object[]"
"ELIM0302","Ativa","Validação do saldo da conta 111.94.01.02","Validação do saldo da conta 111.94.01.02 (Limite para Investimentos Superiores). Só faz a verificação quando o saldo da conta 111.94.01 for positivo.","O saldo da conta 111.94.01.02 (R$ VALOR1) deve corresponder ao resultado de 111.94.01.02.01 * 10% (R$ VALOR2).","System.Object[]"
"ELIM0303","Ativa","Validação do saldo da conta 111.94.01.02.01","Validação do saldo da conta 111.94.01.02.01 (Capital Principal Ajustado III). Só faz a verificação quando o saldo da conta 111.94.01 for positivo.","O saldo da conta 111.94.01.02.01 (R$ VALOR1) deve corresponder ao resultado  do máximo entre 0 e 111.01 + 111.02 + 111.03 + 111.04 + 111.05 + 111.06 + 111.07 + 111.08 - 111.90 - 111.91 - 111.92 - 111.93 (R$ VALOR2).","System.Object[]"
"ELIM0304","Ativa","Validação do saldo da conta 111.94.02.01","Validação do saldo da conta 111.94.02.01 (Total de Créditos Tributários Decorrentes de Diferenças Temporárias Líquidos de Obrigações Fiscais). ","O saldo conta 111.94.02.01 (R$ VALOR1) é incompatível com o maior valor entre zero e o resultado de 111.94.02.01.01 - 111.94.02.01.90 (R$ VALOR2).","System.Object[]"
"ELIM0305","Ativa","Validação do saldo da conta 111.94.02.01.90","Validação do saldo da conta 111.94.02.01.90 (Obrigações Fiscais Diferidas Passíveis de Compensação).","O saldo conta 111.94.02.01.90 (R$ VALOR1) deve corresponder ao resultado de 111.94.02.01.90.01 - 111.94.02.01.90.90 - 111.94.02.01.90.91 - 111.94.02.01.90.92 - 111.94.02.01.90.93 (R$ VALOR2).","System.Object[]"
"ELIM0306","Ativa","Validação do saldo da conta 111.94.03.01","Validação do saldo da conta 111.94.03.01 (Investimentos Superiores a 10% em Assemelhadas não Consolidadas e Créditos Tributários Decorrentes de Diferenças Temporárias)","O saldo da conta 111.94.03.01 (R$ VALOR1) deve corresponder à soma dos saldos das contas 111.94.01.01 e 111.94.02.01 (R$ VALOR2).","System.Object[]"
"ELIM0307","Ativa","Validação do saldo da conta 111.94.04.01","Validação do saldo da conta 111.94.04.01 (Participações Superiores não Deduzidas)","O saldo da conta 111.94.04.01 (R$ VALOR1) deve corresponder ao resultado de 111.94.04.01.01.01 - 111.94.04.01.90.01 (R$ VALOR2).","System.Object[]"
"ELIM0308","Ativa","Validação do saldo da conta 111.94.04.01.01","Validação do saldo da conta 111.94.04.01.01 (Auxiliar  Basket Bruto)","O saldo da conta 111.94.04.01.01 (R$ VALOR1) deve corresponder ao resultado de 111.94.04.01.01.01 + 111.94.04.01.01.02 + 111.94.04.01.01.03 (R$ VALOR2).","System.Object[]"
"ELIM0309","Ativa","Validação do saldo da conta 111.94.04.01.90","Validação do saldo da conta 111.94.04.01.90 (Auxiliar - Ajuste ao Basket)","O saldo da conta 111.94.04.01.90 (R$ VALOR1) deve corresponder ao resultado de 111.94.04.01.01 - 111.94.04 (R$ VALOR2).","System.Object[]"
"ELIM0310","Ativa","Validação do saldo da conta 111.94.04.01.90.01","Validação do saldo da conta 111.94.04.01.90.01 (Auxiliar - Ajuste ao Basket de Participações Superiores) - permite um erro de até 0,001% no resultado da formula","O saldo da conta 111.94.04.01.90.01 (R$ VALOR1) deve ser igual a zero se o saldo da conta  111.94.04.01.01 (R$ VALOR2) for igual a zero ou deve corresponder ao resultado de (111.94.04.01.01.01 / 111.94.04.01.01) * 111.94.04.01.90 (R$ VALOR3).","System.Object[]"
"ELIM0311","Ativa","Validação do saldo da conta 111.94.04.01.90.02","Validação do saldo da conta 111.94.04.01.90.02 (Auxiliar - Ajuste ao Basket de Créditos Tributários) - permite um erro de até 0,001% no resultado da fórmula","O saldo da conta 111.94.04.01.90.02 (R$ VALOR1) deve ser igual a zero se o saldo da conta  111.94.04.01.01 (R$ VALOR2) for igual a zero ou deve corresponder ao resultado de (111.94.04.01.01.02 / 111.94.04.01.01) * 111.94.04.01.90 (R$ VALOR3).","System.Object[]"
"ELIM0312","Ativa","Validação do saldo da conta 111.94.04.02","Validação do saldo da conta 111.94.04.02 (Créditos Tributários de Diferença Temporária não Deduzidos)","O saldo da conta 111.94.04.02 (R$ VALOR1) deve corresponder ao resultado de 111.94.04.01.01.02 - 111.94.04.01.90.02 (R$ VALOR2).","System.Object[]"
"ELIM0313","Ativa","Validação do saldo da conta 112 exceto RPS","Validação do saldo da conta 112 (Capital Complementar - CC) exceto RPS","O saldo da conta 112 (R$ VALOR1) deve corresponder ao resultado de 112.01 - 112.90 - 112.91 - 112.92 - 112.93 (R$ VALOR2).","System.Object[]"
"ELIM0314","Ativa","Validação do saldo da conta 112 para RPS","Validação do saldo da conta 112 (Capital Complementar - CC) para RPS","O saldo da conta 112 (R$ VALOR1) deve corresponder ao resultado de 112.01 - 112.91 - 112.92 - 112.93 (R$ VALOR2).","System.Object[]"
"ELIM0315","Ativa","Validação do saldo da conta 112.01","Validação do saldo da conta 112.01 (Instrumentos elegíveis ao Capital Complementar)","O saldo da conta 112.01 (R$ VALOR1) deve corresponder ao resultado de  112.01.01 + 112.01.02 (R$ VALOR2).","System.Object[]"
"ELIM0316","Ativa","Validação do saldo da conta 112.90","Validação do saldo da conta 112.90 (Ações em tesouraria a serem deduzidas do capital complementar)","O saldo da conta 112.90 (R$ VALOR1) deve corresponder ao resultado de  112.90.01 + 112.90.02 + 112.90.03 (R$ VALOR2).","System.Object[]"
"ELIM0317","Ativa","Validação do saldo da conta 112.92","Validação do saldo da conta 112.92 (Excesso de dedução de investimento em outras entidades no Nível II)","O saldo da conta 112.92 (R$ VALOR1) deve ser igual ao saldo da conta 120.92.05 (R$ VALOR2).","System.Object[]"
"ELIM0318","Ativa","Validação do saldo da conta 112.93.05.01 exceto RPS","Validação do saldo da conta 112.93.05.01 (Limite de Dedução de Investimentos no Capital Complementar) exceto RPS","O saldo da conta 112.93.05.01 (R$ VALOR1) deve corresponder ao resultado de 112.01 - 112.90 - 112.91 - 112.92 (R$ VALOR2).","System.Object[]"
"ELIM0319","Ativa","Validação do saldo da conta 112.93.05.01 para RPS","Validação do saldo da conta 112.93.05.01 (Limite de Dedução de Investimentos no Capital Complementar) para RPS","O saldo da conta 112.93.05.01 (R$ VALOR1) deve corresponder ao resultado de 112.01 - 112.91 - 112.92 (R$ VALOR2).","System.Object[]"
"ELIM0320","Ativa","Validação do saldo da conta 120.01.02","Validação do saldo da conta 120.01.02 (Instrumentos Elegíveis ao Nível II Autorizados com Base em Normas Anteriores a resolução 4.192)","O saldo da conta 120.01.02 (R$ VALOR1) deve corresponder ao menor valor entre os saldos das contas 120.01.02.01 (R$ VALOR2) e 120.01.02.02  (R$ VALOR3).","System.Object[]"
"ELIM0321","Ativa","Validação do saldo da conta 120.02","Validação do saldo da conta 120.02 (Diferença Entre Valor Provisionado e Perda Esperada na Abordagem IRB Limitada a 0,6% do RWACIRB)","O saldo da conta 120.02 (R$ VALOR1) deve corresponder ao menor valor entre os saldos das contas 120.02.01 (R$ VALOR2) e 120.02.02  (R$ VALOR3).","System.Object[]"
"ELIM0322","Ativa","Validação do saldo da conta 120.90","Validação do saldo da conta 120.90 (Ações em Tesouraria a serem deduzidas do nível II)","O saldo da conta 120.90 (R$ VALOR1) deve corresponder ao resultado de 120.90.01 + 120.90.02 + 120.90.03  (R$ VALOR2).","System.Object[]"
"ELIM0323","Ativa","Validação do saldo da conta 120.90.02","Validação do saldo da conta 120.90.02 (Ações em Tesouraria a serem deduzidas do nível II De Instrumentos Elegíveis Autorizados com Base em Normas Anteriores a 4.192)","O saldo da conta 120.90.02 (R$ VALOR1) deve corresponder ao resultado de 120.90.02.01 + 120.90.02.02  (R$ VALOR2).","System.Object[]"
"ELIM0324","Ativa","Validação do saldo da conta 120.90.02.01","Validação do saldo da conta 120.90.02.01 (De Instrumentos Elegíveis Autorizados com Base em Normas Anteriores a 4.192 Com Redutor)","O saldo da conta 120.90.02.01 (R$ VALOR1) deve ser igual a zero se o saldo da conta 120.01.02.01 (R$ VALOR2) for superior ao saldo da conta 120.01.02.02 (R$ VALOR3).","System.Object[]"
"ELIM0325","Ativa","Validação do saldo da conta 120.90.02.02","Validação do saldo da conta 120.90.02.02 (De Instrumentos Elegíveis Autorizados com Base em Normas Anteriores a 4.192 Com Limitador)","O saldo da conta 120.90.02.02 (R$ VALOR1) deve ser igual a zero se o saldo da conta 120.01.02.01 (R$ VALOR2) for inferior ao saldo da conta 120.01.02.02 (R$ VALOR3).","System.Object[]"
"ELIM0326","Ativa","Validação do saldo da conta 120.92","Validação do saldo da conta 120.92 (Investimento em Outras Entidades Deduzido do Nível II)","O saldo da conta 120.92 (R$ VALOR1) deve corresponder ao resultado de 120.92.01 + 120.92.02 + 120.92.03 + 120.92.04 - 120.92.05 - 120.92.90 (R$ VALOR2).","System.Object[]"
"ELIM0327","Ativa","Validação do saldo da conta 120.92.05","Validação do saldo da conta 120.92.05 (Excesso de Dedução de Investimento em Outras Entidades no Nível II)","O saldo da conta 120.92.05 (R$ VALOR1) deve corresponder ao maior valor entre zero e o resultado de 120.92.01 + 120.92.02 + 120.92.03 + 120.92.04 - 120.92.05.01 (R$ VALOR2).","System.Object[]"
"ELIM0328","Ativa","Validação do saldo da conta 120.92.05.01 exceto RPS","Validação do saldo da conta 120.92.05.01 (Limite de Dedução de Investimentos no Nível II) exceto RPS","O saldo da conta 120.92.05.01 (R$ VALOR1) deve corresponder ao resultado de 120.01 + 120.02 - 120.90 - 120.91 (R$ VALOR2).","System.Object[]"
"ELIM0329","Ativa","Validação do saldo da conta 120.92.05.01 para RPS","Validação do saldo da conta 120.92.05.01 (Limite de Dedução de Investimentos no Nível II) para RPS","O saldo da conta 120.92.05.01 (R$ VALOR1) deve corresponder ao resultado de 120.01 - 120.91 (R$ VALOR2).","System.Object[]"
"ELIM0330","Ativa","Validação do saldo da conta 100 a partir de 10/2013","Validação do saldo da conta 100 (Patrimonio de Referencia - PR) a partir de 10/2013","O saldo da conta 100 (R$ VALOR1) deve corresponder à soma dos saldos das contas 110 e 120 (R$ VALOR2).","System.Object[]"
"ELIM0331","Ativa","Validação do saldo da conta 900 a partir de 10/2013 para RPS","Validação do saldo da conta 900 (Ativos Ponderados pelo Risco - RWA) a partir de 10/2013 para RPS","O saldo da conta 900 (R$ VALOR1) deve ser igual ao saldo da conta 750 (R$ VALOR2).","System.Object[]"
"ELIM0332","Ativa","Validação do saldo da conta 910 até 12/2015 exceto RPS","Validação do saldo da conta 910 (Patrimonio de Referencia Mínimo Requerido para o RWA) até 12/2015 exceto RPS","O saldo da conta 910 (R$ VALOR1) deve corresponder ao saldo da conta 900 multiplicado pelo Fator F (R$ VALOR2).","System.Object[]"
"ELIM0333","Ativa","Validação do saldo da conta 910 até 12/2015 para RPS","Validação do saldo da conta 910 (Patrimonio de Referencia Mínimo Requerido para o RWA) até 12/2015 para RPS","O saldo da conta 910 (R$ VALOR1) deve corresponder ao saldo da conta 900 multiplicado pelo Fator F (R$ VALOR2).","System.Object[]"
"ELIM0334","Ativa","Validação do saldo da conta 911","Validação do saldo da conta 911 (Patrimônio de Referência Mínimo Requerido para o RWA e para RBAN)","O saldo da conta 911 (R$ VALOR1) deve corresponder à som dos saldos das contas 910 e 890  (R$ VALOR2).","System.Object[]"
"ELIM0335","Ativa","Validação do saldo da conta 920 até 12/2014 exceto RPS","Validação do saldo da conta 920 (Patrimônio de Referência Nível 1 Mínimo Requerido para o RWA) até 12/2014 exceto RPS","O saldo da conta 920 (R$ VALOR1) deve corresponder ao saldo da conta 900 multiplicado pelo fator aplicável  (R$ VALOR2).","System.Object[]"
"ELIM0336","Ativa","Validação do saldo da conta 920 para RPS","Validação do saldo da conta 920 (Patrimônio de Referência Nível 1 Mínimo Requerido para o RWA) para RPS","O saldo da conta 920 (R$ VALOR1) deve corresponder ao saldo da conta 900 multiplicado pelo fator aplicável (R$ VALOR2).","System.Object[]"
"ELIM0337","Ativa","Validação do saldo da conta 930 exceto RPS","Validação do saldo da conta 930 (Capital Principal Mínimo Requerido para o RWA) exceto RPS","O saldo da conta 930 (R$ VALOR1) deve corresponder ao saldo da conta 900 multiplicado pelo fator aplicável (R$ VALOR2).","System.Object[]"
"ELIM0338","Ativa","Validação do saldo da conta 930 para RPS","Validação do saldo da conta 930 (Capital Principal Mínimo Requerido para o RWA) para RPS","O saldo da conta 930 (R$ VALOR1) deve corresponder ao saldo da conta 900 multiplicado pelo fator aplicável (R$ VALOR2).","System.Object[]"
"ELIM0339","Ativa","Validação do saldo da conta 931","Validação do saldo da conta 931 (Capital Principal Mínimo Requerido para Manutenção de Instrumentos Elegíveis ao Capital Complementar) - exigido se saldo da conta 112.01 for positivo","O saldo da conta 931 (R$ VALOR1) deve corresponder ao saldo da conta 900 multiplicado pelo fator aplicável (R$ VALOR2).","System.Object[]"
"ELIM0340","Ativa","Validação do saldo da conta 932","Validação do saldo da conta 932 (Capital Principal Mínimo Requerido para Manutenção de Instrumentos Elegíveis ao Nível 2) - exigido se saldo da conta 120.01 for positivo.","O saldo da conta 932 (R$ VALOR1) deve corresponder ao saldo da conta 900 multiplicado pelo fator aplicável (R$ VALOR2).","System.Object[]"
"ELIM0341","Ativa","Validação do saldo da conta 951 exceto RPS","Validação do saldo da conta 951 (Margem sobre o Patrimônio de Referência Nível 1 Requerido)  exceto RPS","O saldo da conta 951 (R$ VALOR1) deve corresponder ao resultado de 110 - 105 - 107 - 920 (R$ VALOR2).","System.Object[]"
"ELIM0342","Ativa","Validação do saldo da conta 951 para RPS","Validação do saldo da conta 951 (Margem sobre o Patrimônio de Referência Nível 1 Requerido) para RPS","O saldo da conta 951 (R$ VALOR1) deve corresponder ao resultado de 110 - 105 - 920 (R$ VALOR2).","System.Object[]"
"ELIM0343","Ativa","Validação do saldo da conta 952 exceto RPS","Validação do saldo da conta 952 (Margem sobre o Capital Principal Requerido) exceto RPS","O saldo da conta 952 (R$ VALOR1) deve corresponder ao resultado de 111 - 105 - 107 - 930 (R$ VALOR2).","System.Object[]"
"ELIM0344","Ativa","Validação do saldo da conta 952 para RPS","Validação do saldo da conta 952 (Margem sobre o Capital Principal Requerido) para RPS","O saldo da conta 952 (R$ VALOR1) deve corresponder ao resultado de 111 - 105 - 930 (R$ VALOR2).","System.Object[]"
"ELIM0345","Ativa","Validação do saldo da conta 953","Validação do saldo da conta 953 (Margem sobre o PR considerando a RBAN)","O saldo da conta 953 (R$ VALOR1) deve corresponder ao resultado de 101 - 911 (R$ VALOR2).","System.Object[]"
"ELIM0346","Ativa","Validação elemento 2 positivo no RWACPAD","Validação elemento 2 positivo no RWACPAD","Valor do elemento 2 de conta do RWACPAD indevidamente informado com valor negativo.","System.Object[]"
"ELIM0347","Ativa","Validação elemento 2 positivo no RWACPAD - RPS","Validação elemento 2 positivo no RWACPAD de instituições no RPS","Valor do elemento 2 de conta do RWACPAD indevidamente informado com valor negativo.","System.Object[]"
"ELIM0348","Ativa","Validação do saldo da conta 350.01","Validação do saldo da conta 350.01 cujo saldo só pode ser diferente de zero para cooperativas singulares.","A conta 350.01 só deve ser informada para cooperativas singulares.","System.Object[]"
"ELIM0349","Ativa","Validação do saldo da conta 350.02","Validação do saldo da conta 350.02 cujo valor só pode ser diferente de zeros para cooperativas centrais","A conta 350.02 só deve ser informada para cooperativas centrais.","System.Object[]"
"ELIM0350","Ativa","VALIDA SALDO DA CONTA 310","verifica se o saldo da conta 310 é compatível com sua fórmula","O Saldo da conta 310 (VL1) é incompatível com a soma dos saldos das contas 310.01 e 310.02 (VL2).","System.Object[]"
"ELIM0351","Ativa","VALIDA SALDO DA CONTA 320","verifica se o saldo da conta 320 é compatível com sua fórmula","O Saldo da conta 320 (VL1) é incompatível com a soma dos saldos das contas 320.01 a 320.05 (VL2).","System.Object[]"
"ELIM0352","Ativa","VALIDA SALDO DA CONTA 330","Verifica se o saldo da conta 330 é compatível com sua fórmula","O Saldo da conta 330 (VL1) é incompatível com a soma dos saldos das contas 330.01 a 330.05 (VL2).","System.Object[]"
"ELIM0353","Desativada","VALIDA DETALHAMENTO DA CONTA 111.92.01","VERIFICA SE A CONTA 111.92.01 FOI DETALHADA CASO SEU SALDO TENHA SIDO SUPERIOR A ZERO","A conta 111.92.01 possui saldo (R$VL1), e não foi apresentado detalhamento da conta com indicação de valor base e percentual aplicável ao capital.","System.Object[]"
"ELIM0354","Desativada","VALIDA DETALHAMENTO DA CONTA 111.92.02.01","VERIFICA SE A CONTA 111.92.02.01 FOI DETALHADA CASO SEU SALDO TENHA SIDO SUPERIOR A ZERO","A conta 111.92.02.01 possui saldo (R$VL1), e não foi apresentado detalhamento da conta com indicação de valor base e percentual aplicável ao capital.","System.Object[]"
"ELIM0355","Desativada","VALIDA DETALHAMENTO DA CONTA 111.92.03","VERIFICA SE A CONTA 111.92.03 FOI DETALHADA CASO SEU SALDO TENHA SIDO SUPERIOR A ZERO","A conta 111.92.03 possui saldo (R$VL1), e não foi apresentado detalhamento da conta com indicação de valor base e percentual aplicável ao capital.","System.Object[]"
"ELIM0356","Ativa","VALIDA DETALHAMENTO DA CONTA 111.92.04","VERIFICA SE A CONTA 111.92.04 FOI DETALHADA CASO SEU SALDO TENHA SIDO SUPERIOR A ZERO","A conta 111.92.04 possui saldo (R$VL1), e não foi apresentado detalhamento da conta com indicação de valor base e percentual aplicável ao capital.","System.Object[]"
"ELIM0357","Ativa","VALIDA DETALHAMENTO DA CONTA 111.92.05","VERIFICA SE A CONTA 111.92.05 FOI DETALHADA CASO SEU SALDO TENHA SIDO SUPERIOR A ZERO","A conta 111.92.05 possui saldo (R$VL1), e não foi apresentado detalhamento da conta com indicação de valor base e percentual aplicável ao capital.","System.Object[]"
"ELIM0358","Ativa","VALIDA DETALHAMENTO DA CONTA 111.92.06.01","VERIFICA SE A CONTA 111.92.06.01 FOI DETALHADA CASO SEU SALDO TENHA SIDO SUPERIOR A ZERO","A conta 111.92.06.01 possui saldo (R$VL1), e não foi apresentado detalhamento da conta com indicação de valor base e percentual aplicável ao capital.","System.Object[]"
"ELIM0359","Ativa","VALIDA DETALHAMENTO DA CONTA 111.93","VERIFICA SE A CONTA 111.93 FOI DETALHADA CASO SEU SALDO TENHA SIDO SUPERIOR A ZERO","A conta 111.93 possui saldo (R$VL1), e não foi apresentado detalhamento da conta com indicação de valor base e percentual aplicável ao capital.","System.Object[]"
"ELIM0360","Ativa","VALIDA DETALHAMENTO DA CONTA 111.94.01","VERIFICA SE A CONTA 111.94.01 FOI DETALHADA CASO SEU SALDO TENHA SIDO SUPERIOR A ZERO","A conta 111.94.01 possui saldo (R$VL1), e não foi apresentado detalhamento da conta com indicação de valor base e percentual aplicável ao capital.","System.Object[]"
"ELIM0361","Ativa","VALIDA DETALHAMENTO DA CONTA 111.94.02","VERIFICA SE A CONTA 111.94.02 FOI DETALHADA CASO SEU SALDO TENHA SIDO SUPERIOR A ZERO","A conta 111.94.02 possui saldo (R$VL1), e não foi apresentado detalhamento da conta com indicação de valor base e percentual aplicável ao capital.","System.Object[]"
"ELIM0362","Ativa","VALIDA DETALHAMENTO DA CONTA 111.94.03","VERIFICA SE A CONTA 111.94.03 FOI DETALHADA CASO SEU SALDO TENHA SIDO SUPERIOR A ZERO","A conta 111.94.03 possui saldo (R$VL1), e não foi apresentado detalhamento da conta com indicação de valor base e percentual aplicável ao capital.","System.Object[]"
"ELIM0363","Ativa","VALIDA DETALHAMENTO DA CONTA 112.01.02","VERIFICA SE A CONTA 112.01.02 FOI DETALHADA CASO SEU SALDO TENHA SIDO SUPERIOR A ZERO","A conta 112.01.02 possui saldo (R$VL1), e não foi apresentado detalhamento da conta com indicação de valor base e percentual aplicável ao capital.","System.Object[]"
"ELIM0364","Ativa","VALIDA DETALHAMENTO DA CONTA 112.91","VERIFICA SE A CONTA 112.91 FOI DETALHADA CASO SEU SALDO TENHA SIDO SUPERIOR A ZERO","A conta 112.91 possui saldo (R$VL1), e não foi apresentado detalhamento da conta com indicação de valor base e percentual aplicável ao capital.","System.Object[]"
"ELIM0365","Ativa","VALIDA DETALHAMENTO DA CONTA 120.01.01","VERIFICA SE A CONTA 120.01.01 FOI DETALHADA CASO SEU SALDO TENHA SIDO SUPERIOR A ZERO","A conta 120.01.01 possui saldo (R$VL1), e não foi apresentado detalhamento da conta com indicação de valor base e percentual aplicável ao capital.","System.Object[]"
"ELIM0366","Ativa","VALIDA DETALHAMENTO DA CONTA 120.01.02.01","VERIFICA SE A CONTA 120.01.02.01 FOI DETALHADA CASO SEU SALDO TENHA SIDO SUPERIOR A ZERO","A conta 120.01.02.01 possui saldo (R$VL1), e não foi apresentado detalhamento da conta com indicação de valor base e percentual aplicável ao capital.","System.Object[]"
"ELIM0367","Ativa","VALIDA DETALHAMENTO DA CONTA 120.01.02.02","VERIFICA SE A CONTA 120.01.02.02 FOI DETALHADA CASO SEU SALDO TENHA SIDO SUPERIOR A ZERO","A conta 120.01.02.02 possui saldo (R$VL1), e não foi apresentado detalhamento da conta com indicação de valor base e percentual aplicável ao capital.","System.Object[]"
"ELIM0368","Ativa","VALIDA DETALHAMENTO DA CONTA 120.90.01","VERIFICA SE A CONTA 120.90.01 FOI DETALHADA CASO SEU SALDO TENHA SIDO SUPERIOR A ZERO","A conta 120.90.01 possui saldo (R$VL1), e não foi apresentado detalhamento da conta com indicação de valor base e percentual aplicável ao capital.","System.Object[]"
"ELIM0369","Ativa","VALIDA DETALHAMENTO DA CONTA 120.90.02.01","VERIFICA SE A CONTA 120.90.02.01 FOI DETALHADA CASO SEU SALDO TENHA SIDO SUPERIOR A ZERO","A conta 120.90.02.01 possui saldo (R$VL1), e não foi apresentado detalhamento da conta com indicação de valor base e percentual aplicável ao capital.","System.Object[]"
"ELIM0370","Ativa","VALIDA DETALHAMENTO DA CONTA 120.90.02.02","VERIFICA SE A CONTA 120.90.02.02 FOI DETALHADA CASO SEU SALDO TENHA SIDO SUPERIOR A ZERO","A conta 120.90.02.02 possui saldo (R$VL1), e não foi apresentado detalhamento da conta com indicação de valor base e percentual aplicável ao capital.","System.Object[]"
"ELIM0371","Ativa","VALIDA DETALHAMENTO DA CONTA 120.91","VERIFICA SE A CONTA 120.91 FOI DETALHADA CASO SEU SALDO TENHA SIDO SUPERIOR A ZERO","A conta 120.91 possui saldo (R$VL1), e não foi apresentado detalhamento da conta com indicação de valor base e percentual aplicável ao capital.","System.Object[]"
"ELIM0372","Ativa","VALIDA CAMPO LIMITE INFORMADO","Verifica se os campos limites informados, quando igual a 3 ou 5, foram informados corretamente.","A instituição é obrigada a informar no DLO a apuração do Limite de Imobilização e o Limite de Basiléia. No entanto, algum dos campos limite informado para o limite 3 e / ou  para o limite 5 não correspondem a ""S"", código indicativo de que o limite é valido para a Instituição.","System.Object[]"
"ELIM0374","Ativa","VALIDA DETALHAMENTO DA CONTA 890.10.01","Verifica se os elementos das contas foram informados com valores diferentes de zero.","Foi informado valor de detalhamento para a conta 890.10.01 e algum ou alguns dos elementos foram informados iguais a zero.","System.Object[]"
"ELIM0375","Ativa","VALIDA DETALHAMENTO DA CONTA 890.20.01","Verifica se os elementos das contas foram informados com valores diferentes de zero.","Foi informado valor de detalhamento para a conta 890.20.01 e algum ou alguns dos elementos foram informados iguais a zero.","System.Object[]"
"ELIM0376","Ativa","VALIDA DETALHAMENTO DA CONTA 890.20.02","Verifica se os elementos das contas foram informados com valores diferentes de zero.","Foi informado valor de detalhamento para a conta 890.20.02 e algum ou alguns dos elementos foram informados iguais a zero.","System.Object[]"
"ELIM0377","Ativa","VALIDA DETALHAMENTO DA CONTA 890.20.03","Verifica se os elementos das contas foram informados com valores diferentes de zero.","Foi informado valor de detalhamento para a conta 890.20.03 e algum ou alguns dos elementos foram informados iguais a zero.","System.Object[]"
"ELIM0378","Ativa","VALIDA DETALHAMENTO DA CONTA 890.20.04","Verifica se os elementos das contas foram informados com valores diferentes de zero.","Foi informado valor de detalhamento para a conta 890.20.04 e algum ou alguns dos elementos foram informados iguais a zero.","System.Object[]"
"ELIM0379","Ativa","VALIDA DETALHAMENTO DA CONTA 890.20.05","Verifica se os elementos das contas foram informados com valores diferentes de zero.","Foi informado valor de detalhamento para a conta 890.20.05 e algum ou alguns dos elementos foram informados iguais a zero.","System.Object[]"
"ELIM0380","Ativa","VALIDA DETALHAMENTO DA CONTA 890.20.06","Verifica se os elementos das contas foram informados com valores diferentes de zero.","Foi informado valor de detalhamento para a conta 890.20.06 e algum ou alguns dos elementos foram informados iguais a zero.","System.Object[]"
"ELIM0381","Ativa","VALIDA DETALHAMENTO DA CONTA 890.30.01","Verifica se os elementos das contas foram informados com valores diferentes de zero.","Foi informado valor de detalhamento para a conta 890.30.01 e algum ou alguns dos elementos foram informados iguais a zero.","System.Object[]"
"ELIM0382","Ativa","VALIDA DETALHAMENTO DA CONTA 890.30.02","Verifica se os elementos das contas foram informados com valores diferentes de zero.","Foi informado valor de detalhamento para a conta 890.30.02 e algum ou alguns dos elementos foram informados iguais a zero.","System.Object[]"
"ELIM0383","Ativa","VALIDA DETALHAMENTO DA CONTA 890.30.03","Verifica se os elementos das contas foram informados com valores diferentes de zero.","Foi informado valor de detalhamento para a conta 890.30.03 e algum ou alguns dos elementos foram informados iguais a zero.","System.Object[]"
"ELIM0384","Ativa","VALIDA DETALHAMENTO DA CONTA 890.40.01","Verifica se os elementos das contas foram informados com valores diferentes de zero.","Foi informado valor de detalhamento para a conta 890.40.01 e algum ou alguns dos elementos foram informados iguais a zero.","System.Object[]"
"ELIM0385","Ativa","VALIDA DETALHAMENTO DA CONTA 890.40.02","Verifica se os elementos das contas foram informados com valores diferentes de zero.","Foi informado valor de detalhamento para a conta 890.40.02 e algum ou alguns dos elementos foram informados iguais a zero.","System.Object[]"
"ELIM0386","Ativa","VALIDA DETALHAMENTO DA CONTA 890.40.03","Verifica se os elementos das contas foram informados com valores diferentes de zero.","Foi informado valor de detalhamento para a conta 890.40.03 e algum ou alguns dos elementos foram informados iguais a zero.","System.Object[]"
"ELIM0387","Ativa","VALIDA DETALHAMENTO DA CONTA 890.80.01","Verifica se os elementos das contas foram informados com valores diferentes de zero.","Foi informado valor de detalhamento para a conta 890.80.01 e algum ou alguns dos elementos foram informados iguais a zero.","System.Object[]"
"ELIM0388","Ativa","VALIDA DETALHAMENTO DA CONTA 890.99.01","Verifica se os elementos das contas foram informados com valores diferentes de zero.","Foi informado valor de detalhamento para a conta 890.99.01 e algum ou alguns dos elementos foram informados iguais a zero.","System.Object[]"
"ELIM0389","Ativa","VALIDA SALDO DA CONTA 350.01","Verifica se a instituição informou saldo para a conta 350.01 correspondente a aplicação do FPR sobre o valor de exposição.","O saldo da conta (R$ VL1) não é compatível com o produto do fator de ponderação (elemento 41) vezes o valor contábil (elemento 2) da conta 350.01 (R$ VL2).","System.Object[]"
"ELIM0390","Ativa","VALIDA SALDO DA CONTA 350.02","Verifica se a instituição informou saldo para a conta 350.02 correspondente a aplicação do FPR sobre o valor de exposição.","O saldo da conta (R$ VL1)  não é compatível com o produto do fator de ponderação (elemento 41) vezes o valor contábil (elemento 2) da conta 350.02 (R$ VL2).","System.Object[]"
"ELIM0391","Ativa","Validação da conta 620.09","VERIFICA SE A SOMA DOS VALORES DE EXPOSIÇÃO DA CONTA 620.09 SÃO EQUIVALENTES AO SALDO DA CONTA 620.09.01 MENOS 620.09.02.","A SOMA DOS VALORES DE EXPOSIÇÃO DA CONTA 620.09 NÃO SÃO COMPATÍVEIS COM O SALDO DA CONTA 620.09.01 MENOS 620.09.02","System.Object[]"
"ELIM0392","Ativa","VALIDA SALDO DA CONTA 810","VALIDA SALDO DA CONTA 810 APÓS 10/2013","O SALDO DA CONTA 810 É INCOMPATÍVEL COM O RESULTADO DE SUA FÓRMULA:  (DLO[810.10] + DLO[810.20])/FATOR F.","System.Object[]"
"ELIM0393","Ativa","Validação do saldo da conta 920 a partir de 01/2015 exceto RPS","Validação do saldo da conta 920 (Patrimônio de Referência Nível 1 Mínimo Requerido para o RWA) a partir de 01/2015 exceto RPS","O saldo da conta 920 (R$ VALOR1) deve corresponder ao saldo da conta 900 multiplicado pelo fator aplicável (R$ VALOR2).","System.Object[]"
"ELIM0397","Ativa","VALIDA RWACAM - EXP MENOR OU IGUAL 5% DO PR - 2016","Valida saldo da RWACAM quanto da EXP é  inferior ou igual a 5% do PR, no ano de 2016.","Valor da RWACAM deve ser igual a quatro décimos da soma das contas DLO 800.01, 800.02 e 800.03 dividido pelo fator F. ","System.Object[]"
"ELIM0398","Ativa","VALIDA RWACAM - EXP MAIOR QUE  5% - ATÉ 10% DO PR - 2016","Valida saldo da RWACAM quanto da EXP é maior que 5% do PR e inferior ou igual a 10% do PR - 2016.","Valor da RWACAM deve ser igual a seis décimos da soma das contas DLO 800.01, 800.02 e 800.03 dividido pelo fator F.","System.Object[]"
"ELIM0399","Ativa","VALIDA RWACAM - EXP MAIOR QUE 10% - ATÉ 15% DO PR - 2016","Valida saldo da RWACAM quanto da EXP é maior que 10% do PR e inferior ou igual a 15% do PR, no ano de 2016.","Valor da RWACAM deve ser igual a oito décimos da soma das contas DLO 800.01, 800.02 e 800.03 dividido pelo fator F.","System.Object[]"
"ELIM0400","Ativa","VALIDA RWACAM - EXP MAIOR QUE 15% DO PR - 2016","Valida saldo da RWACAM quando a EXP é maior que 15% do PR, no ano de 2016.","Valor da RWACAM deve ser igual a soma das contas DLO 800.01, 800.02 e 800.03 dividido pelo fator F.
","System.Object[]"
"ELIM0401","Ativa","VALIDA RWACAM - EXP MENOR OU IGUAL 5% DO PR  2017","Valida saldo da RWACAM quanto da EXP é  inferior ou igual a 5% do PR, no ano de 2017.","Valor da RWACAM deve ser igual a quatro décimos da soma das contas DLO 800.01, 800.02 e 800.03 dividido pelo fator F.","System.Object[]"
"ELIM0402","Ativa","VALIDA RWACAM - EXP MAIOR QUE  5% - ATÉ 10% DO PR - 2017","Valida saldo da RWACAM quanto da EXP é maior que 5% do PR e inferior ou igual a 10% do PR - no ano de 2017.","Valor da RWACAM deve ser igual a seis décimos da soma das contas DLO 800.01, 800.02 e 800.03 dividido pelo fator F.","System.Object[]"
"ELIM0403","Ativa","VALIDA RWACAM - EXP MAIOR QUE 10% - ATÉ 15% DO PR - 2017","Valida saldo da RWACAM quanto da EXP é maior que 10% do PR e inferior ou igual a 15% do PR, no ano de 2017.","Valor da RWACAM deve ser igual a oito décimos da soma das contas DLO 800.01, 800.02 e 800.03 dividido pelo fator F.","System.Object[]"
"ELIM0404","Ativa","VALIDA RWACAM - EXP MAIOR QUE 15% DO PR  2017","Valida saldo da RWACAM quando a EXP é maior que 15% do PR, no ano de 2017.","Valor da RWACAM deve ser igual a soma das contas DLO 800.01, 800.02 e 800.03 dividido pelo fator F.","System.Object[]"
"ELIM0405","Ativa","VALIDA RWACAM - EXP MENOR OU IGUAL 5% DO PR  2018","Valida saldo da RWACAM quanto da EXP é  inferior ou igual a 5% do PR, no ano de 2018.","Valor da RWACAM deve ser igual a quatro décimos da soma das contas DLO 800.01, 800.02 e 800.03 dividido pelo fator F.","System.Object[]"
"ELIM0406","Ativa","VALIDA RWACAM - EXP MAIOR QUE  5% - ATÉ 10% DO PR - 2018","Valida saldo da RWACAM quanto da EXP é maior que 5% do PR e inferior ou igual a 10% do PR, no ano de 2018.","Valor da RWACAM deve ser igual a seis décimos da soma das contas DLO 800.01, 800.02 e 800.03 dividido pelo fator F.","System.Object[]"
"ELIM0407","Ativa","VALIDA RWACAM - EXP MAIOR QUE 10% - ATÉ 15% DO PR - 2018","Valida saldo da RWACAM quanto da EXP é maior que 10% do PR e inferior ou igual a 15% do PR, no ano de 2018.","Valor da RWACAM deve ser igual a oito décimos da soma das contas DLO 800.01, 800.02 e 800.03 dividido pelo fator F.","System.Object[]"
"ELIM0408","Ativa","VALIDA RWACAM - EXP MAIOR QUE 15% DO PR  2018","Valida saldo da RWACAM quando a EXP é maior que 15% do PR, no ano de 2018.","Valor da RWACAM deve ser igual a soma das contas DLO 800.01, 800.02 e 800.03 dividido pelo fator F.","System.Object[]"
"ELIM0409","Ativa","VALIDA RWACAM - EXP MENOR OU IGUAL 5% DO PR - PÓS 2019","Valida saldo da RWACAM quanto da EXP é  inferior ou igual a 5% do PR, após 2019.","Valor da RWACAM deve ser igual a quatro décimos da soma das contas DLO 800.01, 800.02 e 800.03 dividido pelo fator F.","System.Object[]"
"ELIM0410","Ativa","VALIDA RWACAM - EXP MAIOR QUE  5% - ATÉ 10% DO PR - APÓS 2019","Valida saldo da RWACAM quanto da EXP é maior que 5% do PR e inferior ou igual a 10% do PR - após 2019.","Valor da RWACAM deve ser igual a seis décimos da soma das contas DLO 800.01, 800.02 e 800.03 dividido pelo fator F.","System.Object[]"
"ELIM0411","Ativa","VALIDA RWACAM - EXP MAIOR QUE 10% - ATÉ 15% DO PR  PÓS 2019","Valida saldo da RWACAM quanto da EXP é maior que 10% do PR e inferior ou igual a 15% do PR, após 2019.","Valor da RWACAM deve ser igual a oito décimos da soma das contas DLO 800.01, 800.02 e 800.03 dividido pelo fator F.","System.Object[]"
"ELIM0412","Ativa","VALIDA RWACAM - EXP MAIOR QUE 15% DO PR  PÓS 2019","Valida saldo da RWACAM quando a EXP é maior que 15% do PR, após 2019.","Valor da RWACAM deve ser igual a soma das contas DLO 800.01, 800.02 e 800.03 dividido pelo fator F.","System.Object[]"
"ELIM0413","Ativa","VALIDAR SALDO DA CONTA 870 PARA ABORDAGEM BIA - 2016","VERIFICA SE O SALDO DA CONTA 870 ESTÁ COMPATÍVEL COM O SALDO DA CONTA 871, APÓS DIVISÃO PELO FATOR F, NO ANO DE 2016.","SALDO DA CONTA 870 INCOMPATÍVEL COM O SALDO DA CONTA 871 APÓS DIVISÃO PELO FATOR F.","System.Object[]"
"ELIM0414","Ativa","VALIDAR SALDO DA CONTA 870 PARA ABORDAGEM BIA - 2017","VERIFICA SE O SALDO DA CONTA 870 ESTÁ COMPATÍVEL COM O SALDO DA CONTA 871, APÓS DIVISÃO PELO FATOR F, NO ANO DE 2017.","SALDO DA CONTA 870 INCOMPATÍVEL COM O SALDO DA CONTA 871 APÓS DIVISÃO PELO FATOR F.","System.Object[]"
"ELIM0415","Ativa","VALIDAR SALDO DA CONTA 870 PARA ABORDAGEM BIA - 2018","VERIFICA SE O SALDO DA CONTA 870 ESTÁ COMPATÍVEL COM O SALDO DA CONTA 871, APÓS DIVISÃO PELO FATOR F, NO ANO DE 2018.","SALDO DA CONTA 870 INCOMPATÍVEL COM O SALDO DA CONTA 871 APÓS DIVISÃO PELO FATOR F.","System.Object[]"
"ELIM0416","Ativa","VALIDAR SALDO DA CONTA 870 PARA ABORDAGEM BIA  APÓS 2019","VERIFICA SE O SALDO DA CONTA 870 ESTÁ COMPATÍVEL COM O SALDO DA CONTA 871, APÓS DIVISÃO PELO FATOR F, APÓS 2019.","SALDO DA CONTA 870 INCOMPATÍVEL COM O SALDO DA CONTA 871 APÓS DIVISÃO PELO FATOR F.","System.Object[]"
"ELIM0417","Ativa","VALIDAR SALDO DA CONTA 870 PARA ABORDAGEM ASA - 2016","VERIFICA SE O SALDO DA CONTA 870 ESTÁ COMPATÍVEL COM O SALDO DA CONTA 872, APÓS DIVISÃO PELO FATOR F, NO ANO DE 2016.","SALDO DA CONTA 870 INCOMPATÍVEL COM O SALDO DA CONTA 872 APÓS DIVISÃO PELO FATOR F.","System.Object[]"
"ELIM0418","Ativa","VALIDAR SALDO DA CONTA 870 PARA ABORDAGEM ASA - 2017","VERIFICA SE O SALDO DA CONTA 870 ESTÁ COMPATÍVEL COM O SALDO DA CONTA 872, APÓS DIVISÃO PELO FATOR F, NO ANO DE 2017.","SALDO DA CONTA 870 INCOMPATÍVEL COM O SALDO DA CONTA 872 APÓS DIVISÃO PELO FATOR F.","System.Object[]"
"ELIM0419","Ativa","VALIDAR SALDO DA CONTA 870 PARA ABORDAGEM ASA - 2018","VERIFICA SE O SALDO DA CONTA 870 ESTÁ COMPATÍVEL COM O SALDO DA CONTA 872, APÓS DIVISÃO PELO FATOR F, NO ANO DE 2018.","SALDO DA CONTA 870 INCOMPATÍVEL COM O SALDO DA CONTA 872 APÓS DIVISÃO PELO FATOR F.","System.Object[]"
"ELIM0420","Ativa","VALIDAR SALDO DA CONTA 870 PARA ABORDAGEM ASA  APÓS 2019","VERIFICA SE O SALDO DA CONTA 870 ESTÁ COMPATÍVEL COM O SALDO DA CONTA 872, APÓS DIVISÃO PELO FATOR F, APÓS 2019.","SALDO DA CONTA 870 INCOMPATÍVEL COM O SALDO DA CONTA 872 APÓS DIVISÃO PELO FATOR F.","System.Object[]"
"ELIM0421","Ativa","VALIDAR SALDO DA CONTA 870 PARA ABORDAGEM ASA2 - 2016","VERIFICA SE O SALDO DA CONTA 870 ESTÁ COMPATÍVEL COM O SALDO DA CONTA 873, APÓS DIVISÃO PELO FATOR F, NO ANO DE 2016.","SALDO DA CONTA 870 INCOMPATÍVEL COM O SALDO DA CONTA 873 APÓS DIVISÃO PELO FATOR F.","System.Object[]"
"ELIM0422","Ativa","VALIDAR SALDO DA CONTA 870 PARA ABORDAGEM ASA2 - 2017","VERIFICA SE O SALDO DA CONTA 870 ESTÁ COMPATÍVEL COM O SALDO DA CONTA 873, APÓS DIVISÃO PELO FATOR F, NO ANO DE 2017.","SALDO DA CONTA 870 INCOMPATÍVEL COM O SALDO DA CONTA 873 APÓS DIVISÃO PELO FATOR F.","System.Object[]"
"ELIM0423","Ativa","VALIDAR SALDO DA CONTA 870 PARA ABORDAGEM ASA2 - 2018","VERIFICA SE O SALDO DA CONTA 870 ESTÁ COMPATÍVEL COM O SALDO DA CONTA 873, APÓS DIVISÃO PELO FATOR F, NO ANO DE 2018.","SALDO DA CONTA 870 INCOMPATÍVEL COM O SALDO DA CONTA 873 APÓS DIVISÃO PELO FATOR F.","System.Object[]"
"ELIM0424","Ativa","VALIDAR SALDO DA CONTA 870 PARA ABORDAGEM ASA2  APÓS 2019","VERIFICA SE O SALDO DA CONTA 870 ESTÁ COMPATÍVEL COM O SALDO DA CONTA 873, APÓS DIVISÃO PELO FATOR F, APÓS 2019.","SALDO DA CONTA 870 INCOMPATÍVEL COM O SALDO DA CONTA 873 APÓS DIVISÃO PELO FATOR F.","System.Object[]"
"ELIM0425","Ativa","VALIDA SALDO DA CONTA 820 - 2016","VALIDA SALDO DA CONTA 820 - ANO 2016","SALDO DA CONTA 820 INCOMPATÍVEL COM O RESULTADO DE SUA FÓRMULA: (DLO[820.01]+DLO[820.02]+DLO[820.03]+DLO[820.04])/FATOR F.","System.Object[]"
"ELIM0426","Ativa","VALIDA SALDO DA CONTA 820 - 2017","VALIDA SALDO DA CONTA 820 - ANO 2017","SALDO DA CONTA 820 INCOMPATÍVEL COM O RESULTADO DE SUA FÓRMULA: (DLO[820.01]+DLO[820.02]+DLO[820.03]+DLO[820.04])/FATOR F.","System.Object[]"
"ELIM0427","Ativa","VALIDA SALDO DA CONTA 820 - 2018","VALIDA SALDO DA CONTA 820 - ANO 2018","SALDO DA CONTA 820 INCOMPATÍVEL COM O RESULTADO DE SUA FÓRMULA: (DLO[820.01]+DLO[820.02]+DLO[820.03]+DLO[820.04])/FATOR F.","System.Object[]"
"ELIM0428","Ativa","VALIDA SALDO DA CONTA 820  PÓS 2019","VALIDA SALDO DA CONTA 820  PÓS 2019","SALDO DA CONTA 820 INCOMPATÍVEL COM O RESULTADO DE SUA FÓRMULA: (DLO[820.01]+DLO[820.02]+DLO[820.03]+DLO[820.04])/FATOR F.
","System.Object[]"
"ELIM0429","Ativa","VALIDA SALDO DA CONTA 830 - 2016","VALIDA SALDO DA CONTA 830 - ANO 2016","SALDO DA CONTA 830 INCOMPATÍVEL COM O RESULTADO DE SUA FÓRMULA: (DLO[830.01]+DLO[830.02]+DLO[830.03]+DLO[830.04])/FATOR F.","System.Object[]"
"ELIM0430","Ativa","VALIDA SALDO DA CONTA 830 - 2017","VALIDA SALDO DA CONTA 830 - ANO 2017","SALDO DA CONTA 830 INCOMPATÍVEL COM O RESULTADO DE SUA FÓRMULA: (DLO[830.01]+DLO[830.02]+DLO[830.03]+DLO[830.04])/FATOR F.
","System.Object[]"
"ELIM0431","Ativa","VALIDA SALDO DA CONTA 830 - 2018","VALIDA SALDO DA CONTA 830 - ANO 2018","SALDO DA CONTA 830 INCOMPATÍVEL COM O RESULTADO DE SUA FÓRMULA: (DLO[830.01]+DLO[830.02]+DLO[830.03]+DLO[830.04])/FATOR F.","System.Object[]"
"ELIM0432","Ativa","VALIDA SALDO DA CONTA 830  PÓS 2019","VALIDA SALDO DA CONTA 830  PÓS 2019","SALDO DA CONTA 830 INCOMPATÍVEL COM O RESULTADO DE SUA FÓRMULA: (DLO[830.01]+DLO[830.02]+DLO[830.03]+DLO[830.04])/FATOR F.","System.Object[]"
"ELIM0433","Ativa","VALIDA SALDO DA CONTA 840 - 2016","VALIDA SALDO DA CONTA 840 - ANO 2016","SALDO DA CONTA 840 INCOMPATÍVEL COM O RESULTADO DE SUA FÓRMULA: (DLO[840.01]+DLO[840.02]+DLO[840.03]+DLO[840.04])/FATOR F.","System.Object[]"
"ELIM0434","Ativa","VALIDA SALDO DA CONTA 840 - 2017","VALIDA SALDO DA CONTA 840 - ANO 2017","SALDO DA CONTA 840 INCOMPATÍVEL COM O RESULTADO DE SUA FÓRMULA: (DLO[840.01]+DLO[840.02]+DLO[840.03]+DLO[840.04])/FATOR F.","System.Object[]"
"ELIM0435","Ativa","VALIDA SALDO DA CONTA 840 - 2018","VALIDA SALDO DA CONTA 840 - ANO 2018 ","SALDO DA CONTA 840 INCOMPATÍVEL COM O RESULTADO DE SUA FÓRMULA: (DLO[840.01]+DLO[840.02]+DLO[840.03]+DLO[840.04])/FATOR F.","System.Object[]"
"ELIM0436","Ativa","VALIDA SALDO DA CONTA 840  PÓS 2019","VALIDA SALDO DA CONTA 840  PÓS 2019 ","SALDO DA CONTA 840 INCOMPATÍVEL COM O RESULTADO DE SUA FÓRMULA: (DLO[840.01]+DLO[840.02]+DLO[840.03]+DLO[840.04])/FATOR F.","System.Object[]"
"ELIM0437","Ativa","VALIDA SALDO DA CONTA 850 ANO 2016","VALIDA SALDO DA CONTA 850 NO ANO  DE 2016","SALDO DA CONTA 850 INCOMPATÍVEL COM RESULTADO DE SUA FÓRMULA:(DLO[850.01]+DLO[850.02])/FATOR F.","System.Object[]"
"ELIM0438","Ativa","VALIDA SALDO DA CONTA 850 ANO 2017","VALIDA SALDO DA CONTA 850 NO ANO DE 2017","SALDO DA CONTA 850 INCOMPATÍVEL COM RESULTADO DE SUA FÓRMULA:(DLO[850.01]+DLO[850.02])/FATOR F.","System.Object[]"
"ELIM0439","Ativa","VALIDA SALDO DA CONTA 850 ANO 2018","VALIDA SALDO DA CONTA 850 NO ANO DE 2018 ","SALDO DA CONTA 850 INCOMPATÍVEL COM RESULTADO DE SUA FÓRMULA:(DLO[850.01]+DLO[850.02])/FATOR F.","System.Object[]"
"ELIM0440","Ativa","VALIDA SALDO DA CONTA 850 PÓS 2019","VALIDA SALDO DA CONTA 850 APÓS ANO DE 2019 ","SALDO DA CONTA 850 INCOMPATÍVEL COM RESULTADO DE SUA FÓRMULA:(DLO[850.01]+DLO[850.02])/FATOR F.","System.Object[]"
"ELIM0441","Ativa","VALIDA SALDO DA CONTA 860 ANO 2016","VALIDA SALDO DA CONTA 860 NO ANO DE 2016 ","SALDO DA CONTA 860 INCOMPATÍVEL COM RESULTADO DE SUA FÓRMULA: (DLO[860.01]+ DLO[860.04]+ DLO[860.07]+DLO[860.08]+DLO[860.09]+DLO[860.10])/FATOR F.","System.Object[]"
"ELIM0442","Ativa","VALIDA SALDO DA CONTA 860 ANO 2017","VALIDA SALDO DA CONTA 860 NO ANO DE 2017 ","SALDO DA CONTA 860 INCOMPATÍVEL COM RESULTADO DE SUA FÓRMULA: (DLO[860.01]+ DLO[860.04]+ DLO[860.07]+DLO[860.08]+DLO[860.09]+DLO[860.10])/FATOR F.","System.Object[]"
"ELIM0443","Ativa","VALIDA SALDO DA CONTA 860 ANO 2018","VALIDA SALDO DA CONTA 860 NO ANO DE 2018 ","SALDO DA CONTA 860 INCOMPATÍVEL COM RESULTADO DE SUA FÓRMULA: (DLO[860.01]+ DLO[860.04]+ DLO[860.07]+DLO[860.08]+DLO[860.09]+DLO[860.10])/FATOR F.","System.Object[]"
"ELIM0444","Ativa","VALIDA SALDO DA CONTA 860 PÓS 2019","VALIDA SALDO DA CONTA 860 APÓS ANO DE  2019","SALDO DA CONTA 860 INCOMPATÍVEL COM RESULTADO DE SUA FÓRMULA: (DLO[860.01]+ DLO[860.04]+ DLO[860.07]+DLO[860.08]+DLO[860.09]+DLO[860.10])/FATOR F.","System.Object[]"
"ELIM0445","Ativa","Validação do saldo da conta 103 para RPS","Validação do saldo da conta 103 para RPS","O saldo da  conta 103 (R$ VALOR1) é incompatível com o saldo resultante de 110 - 105 (R$ VALOR2).","System.Object[]"
"ELIM0446","Ativa","Validação do saldo da conta 104 para RPS","Validação do saldo da conta 104 para RPS","O saldo da  conta 104 (R$ VALOR1) é incompatível com o saldo resultante de 111 - 105 (R$ VALOR2).","System.Object[]"
"ELIM0447","Ativa","Validação do saldo da conta 910  2016 exceto RPS","Validação do saldo da conta 910 (Patrimônio de Referencia Mínimo Requerido para o RWA) no ano de 2016 exceto RPS","O saldo da conta 910 (R$ VALOR1) deve corresponder ao saldo da conta 900 multiplicado pelo Fator F (R$ VALOR2).","System.Object[]"
"ELIM0448","Ativa","Validação do saldo da conta 910  2017 exceto RPS","Validação do saldo da conta 910 (Patrimônio de Referencia Mínimo Requerido para o RWA) no ano de 2017 exceto RPS","O saldo da conta 910 (R$ VALOR1) deve corresponder ao saldo da conta 900 multiplicado pelo Fator F (R$ VALOR2).","System.Object[]"
"ELIM0449","Ativa","Validação do saldo da conta 910  2018 exceto RPS","Validação do saldo da conta 910 (Patrimônio de Referencia Mínimo Requerido para o RWA) no ano de 2018 exceto RPS","O saldo da conta 910 (R$ VALOR1) deve corresponder ao saldo da conta 900 multiplicado pelo Fator F (R$ VALOR2).","System.Object[]"
"ELIM0450","Ativa","Validação do saldo da conta 910  pós 2019 exceto RPS","Validação do saldo da conta 910 (Patrimônio de Referencia Mínimo Requerido para o RWA) após o ano de 2019 exceto RPS","O saldo da conta 910 (R$ VALOR1) deve corresponder ao saldo da conta 900 multiplicado pelo Fator F (R$ VALOR2).","System.Object[]"
"ELIM0451","Ativa","Validar Detalhamento do RWACPAD","Verifica se as instituições, exceto cooperativas RPS, se o arquivo apresenta detalhamento para suas contas e elementos do RWACPAD .","O Documento não apresentou contas e/ou detalhamentos de contas do RWACPAD.","System.Object[]"
"ELIM0452","Ativa","Validar Detalhamento do RWAOPAD","Verifica se as instituições, exceto cooperativas RPS, se o arquivo apresenta detalhamento para suas contas e elementos do RWAOPAD ","O Documento não apresentou contas e/ou detalhamentos de contas do RWAOPAD.","System.Object[]"
"ELIM0453","Ativa","Validar Detalhamento do RBAN","Verifica se as instituições, exceto cooperativas RPS, se o arquivo apresenta detalhamento para suas contas e elementos do RBAN","O Documento não apresentou contas e/ou detalhamentos de contas do RBAN.","System.Object[]"
"ELIM0454","Ativa","VALIDAÇÃO DA CONTA 630","VALIDA SALDO DA CONTA 630","O saldo da conta 630 (R$ VL1) difere da soma do saldos das contas 630.01 e 630.02 (R$ VL2).","System.Object[]"
"ELIM0455","Ativa","VALIDA SALDO DA CONTA 520","VALIDA SALDO DA CONTA 520","O SALDO DA CONTA 520 (R$ VL1) DIFERE DA SOMA DOS SALDOS DAS CONTAS 520.01, 520.02, 520.03, 520.04, 520.05, 526.01, 526.02, 526.03 E 527.01 (R$ VL2)","System.Object[]"
"ELIM0456","Ativa","VALIDA SALDO DA CONTA 600.06","VALIDA SALDO DA CONTA 600.06","O SALDO DA CONTA 600.06 DEVE SER ZERO.","System.Object[]"
"ELIM0457","Ativa","VALIDA SALDO DA CONTA 605.06","VALIDA SALDO DA CONTA 605.06","SALDO DA CONTA 605.06 DEVE SER ZERO.","System.Object[]"
"ELIM0458","Ativa","VALIDA SALDO 872.10.05","Valida o saldo da conta 872.10.05, verificando se existe IAE apurado nas contas 872.10.02 e 872.10.03, caso em que se exige apuração do IE, de forma que o saldo da conta 872.10.05 deve ser diferente de zero.","O saldo nulo da conta 872.10.05 é incompatível com a existência de valores reportados para as linhas de negócio comercial e varejo para o período T-3.","System.Object[]"
"ELIM0459","Ativa","VALIDA SALDO 872.20.05","Valida o saldo da conta 872.20.05, verificando se existe IAE apurado nas contas 872.20.02 e 872.20.03, caso em que se exige apuração do IE, de forma que o saldo da conta 872.20.05 deve ser diferente de zero.","O saldo nulo da conta 872.20.05 é incompatível com a existência de valores reportados para as linhas de negócio comercial e varejo para o período T-2.","System.Object[]"
"ELIM0460","Ativa","VALIDA SALDO 872.30.05","Valida o saldo da conta 872.30.05, verificando se existe IAE apurado nas contas 872.30.02 e 872.30.03, caso em que se exige apuração do IE, de forma que o saldo da conta 872.30.05 deve ser diferente de zero.","O saldo nulo da conta 872.30.05 é incompatível com a existência de valores reportados para as linhas de negócio comercial e varejo para o período T-1.","System.Object[]"
"ELIM0461","Ativa","VALIDA SALDO 873.10.05","Valida o saldo da conta 873.10.05, verificando se existe IAE apurado na conta 873.10.01, caso em que se exige apuração do IE, de forma que o saldo da conta 873.10.05 deve ser diferente de zero.","O saldo nulo da conta 873.10.05  é incompatível com a existência de valores reportados para as linhas de negócio comercial e varejo para o período T-3.","System.Object[]"
"ELIM0462","Ativa","VALIDA SALDO 873.20.05","Valida o saldo da conta 873.20.05, verificando se existe IAE apurado na conta 873.20.01, caso em que se exige apuração do IE, de forma que o saldo da conta 873.20.05 deve ser diferente de zero.","O saldo nulo da conta 873.20.05 é incompatível com a existência de valores reportados para as linhas de negócio comercial e varejo para o período T-2.","System.Object[]"
"ELIM0463","Ativa","VALIDA SALDO 873.30.05","Valida o saldo da conta 873.30.05, verificando se existe IAE apurado na conta 873.30.01, caso em que se exige apuração do IE, de forma que o saldo da conta 873.30.05 deve ser diferente de zero.","O saldo nulo da conta 873.30.05 é incompatível com a existência de valores reportados para as linhas de negócio comercial e varejo para o período T-1.","System.Object[]"
"ELIM0464","Ativa","VALIDA SALDO DA CONTA 111.05","VERIFICA SE A INFORMAÇÃO DA CONTA 111.05 É IGUAL A ZERO NAS DATAS BASES DE JUNHO E DEZEMBRO.","Nas data bases de junho e dezembro, datas de balanços, o valor esperado para a conta 111.05 é zero, e foi infomado o valor VL1.","System.Object[]"
"ELIM0465","Ativa","VALIDA SALDO DA CONTA 111.91.04","VERIFICA SE A INFORMAÇÃO DA CONTA 111.91.04  É IGUAL A ZERO NAS DATAS BASES DE JUNHO E DEZEMBRO.","Nas data bases de junho e dezembro, datas de balanços, o valor esperado para a conta 111.91.04 é zero, e foi infomado o valor VL1.","System.Object[]"
"ELIM0466","Desativada","VALIDA SALDO DA CONTA 160.08","Valida saldo da conta 160.08 com os saldos das contas 111.92.01, 111.92.02.01, 111.93, 111.94.04.03, 111.92.08 e 111.92.07.","O saldo da conta 160.08 (R$ VL1 ) não está compreendido dentro da faixa de valores aceitáveis cujo valor mínimo é a soma dos ajustes prudenciais registrados nas contas 111.92.01, 111.92.02.01, 111.93, 111.94.04.03 e 111.92.07 (R$ VL3 ) e valor máximo é a soma dos ajustes prudenciais registrados nas contas 111.92.01, 111.92.02.01, 111.92.08, 111.93, 111.94.04.03 e 111.92.07 (R$ VL2 ).","System.Object[]"
"ELIM0467","Ativa","VALIDA SALDO DA CONTA 111.92.13","VALIDA SALDO DA CONTA 111.92.13 COM A CONTA 112.93.05","O saldo da conta 111.92.13 VALOR1 difere do saldo da conta 112.93.05 VALOR2.","System.Object[]"
"ELIM0468","Ativa","VALIDA SALDO DA CONTA 111.93.01","VERIFICA SE O SALDO DA CONTA 111.93.01 CONFERE COM O RESULTADO DE SUA FÓRMULA PARA IFS RPC","O saldo da conta 111.93.01 (VALOR1) difere da diferença entre os saldos das contas 111.93.01.01 e 111.93.01.90 (VALOR2).","System.Object[]"
"ELIM0469","Ativa","VALIDA SALDO DA CONTA 111.94.01.01","VERIFICA SE O SALDO DA CONTA 111.94.01.01 ESTÁ DE ACORDO COM SUA FÓRMULA, PARA INSTITUIÇÕES RPC","O saldo da conta 111.94.01.01 (VALOR1) não é compatível com a diferença entre os saldos das contas 111.94.01.01.01 e 111.94.01.01.90 (VALOR2).","System.Object[]"
"ELIM0470","Ativa","VALIDA SALDO DA CONTA 111.94.01.01.90","VERIFICA SE O SALDO DA CONTA 111.94.01.01.90 SE LIMITA AO SALDO DA CONTA 111.94.01.01.01.","O saldo da conta 111.94.01.01.90 (VALOR1) é incorreto pois supera o saldo da conta 111.94.01.01.01 (VALOR2).","System.Object[]"
"ELIM0471","Ativa","VALIDA SALDO DA CONTA 111.94.03","VERIFICA SE O SALDO DA CONTA 111.94.03 BATE COM O RESULTADO DE SUA FÓRMULA","O saldo da conta 111.94.03 (VALOR1) está incorreto pois não bate com o máximo entre o saldo da conta 111.94.04.01.90 e a soma dos saldos das contas 111.94.04.03, 111.94.04.04 e  111.94.04.06 (VALOR2).","System.Object[]"
"ELIM0472","Ativa","VALIDA SALDO DA CONTA 111.94.03.02","Verifica se o saldo da conta 111.94.03.02 corresponde ao resultado esperado de sua fórmula.","O saldo da conta 111.94.03.02 (VALOR1) não corresponde ao resultado esperado de sua fórmula (VALOR2).","System.Object[]"
"ELIM0473","Ativa","VALIDA SALDO DA CONTA 111.94.04.01.01.07","VERIFICA SE O SALDO DA CONTA 111.94.04.01.01.07 BATE COM O RESULTADO DE SUA FÓRMULA","O saldo da conta 111.94.04.01.01.07 (VALOR1) não bate com resultado esperado de sua fórmula (VALOR2).","System.Object[]"
"ELIM0474","Ativa","VALIDA SALDO DA CONTA 111.94.04.03","VERIFICA SE O SALDO DA CONTA 111.94.04.03 BATE COM O RESULTADO DE SUA FÓRMULA","O saldo da conta 111.94.04.03 (VALOR1) não bate com o resultado esperado de sua fórmula (VALOR2).","System.Object[]"
"ELIM0475","Ativa","VALIDA SALDO DA CONTA 111.94.04.04","VERIFICA SE O SALDO DA CONTA 111.94.04.04 BATE COM O RESULTADO DE SUA FÓRMULA","O saldo da conta 111.94.04.04 (VALOR1) não bate com o resultado esperado de sua fórmula (VALOR2).","System.Object[]"
"ELIM0476","Ativa","VALIDA SALDO DA CONTA 112.93.90","VERIFICA SE O SALDO DA CONTA 112.93.90 SE LIMITA AO SALDO DA CONTA 112.93.01","O saldo da conta 112.93.90 (VALOR1) é incorreto pois supera o saldo da conta 112.93.01 (VALOR2).","System.Object[]"
"ELIM0477","Ativa","VALIDA SALDO DA CONTA 120.92.90","VERIFICA SE O SALDO DA CONTA 120.92.90 SE LIMITA AO SALDO DA CONTA 120.92.01.","O saldo da conta 120.92.90 (VALOR1) é incorreto pois supera o saldo da conta 120.92.01 (VALOR2).","System.Object[]"
"ELIM0478","Ativa","VALIDA SALDO DA CONTA 940 - RPC","VERIFICA SE O SALDO DA CONTA 940 BATE COM O RESULTADO ESPERADO DE SUA FÓRMULA PARA IFS RPC","O saldo da conta 940 (VALOR1) não confere com a soma dos saldos das contas 942, 943 e 944 (VALOR2).","System.Object[]"
"ELIM0479","Ativa","VALIDA SALDO DA CONTA 941","VERIFICA SE SALDO DA CONTA 941 CONFERE COM O RESULTADO DE SUA FÓRMULA PARA INSTITUIÇÕES RPC - DOC. 2061.","O saldo da conta 941 (VALOR1) não confere com o resultado esperado de sua fórmula - mínimo entre  os saldos das contas 950, 951, 952 e 953 (VALOR2).","System.Object[]"
"ELIM0480","Ativa","VALIDA SALDO DA CONTA 942","VERIFICA SE O SALDO DA CONTA 942 CORRESPONDE AO RESULTADO DE SUA FÓRMULA PARA INSTITUIÇÕES RPC","O saldo da conta 942 (VALOR1) difere do resultado de sua fórmula (VALOR2).","System.Object[]"
"ELIM0481","Ativa","VALIDA SALDO DA CONTA 955","VERIFICA SE O SALDO DA CONTA 955 CORRESPONDE AO RESULTADO DE SUA FÓRMULA PARA AS INSTITUIÇÕES RPC","O saldo da conta 955 (VALOR1) diverge do valor esperado apurada conforme sua fórmula (VALOR2).","System.Object[]"
"ELIM0482","Ativa","VALIDA SALDO DA CONTA 120.01.02.02","Verifica se o saldo da conta corresponde ao valor contábil da conta multiplicado pelo limitador correspondente à database.","O saldo da conta (VALOR1) é incompatível com o valor do instrumento multiplicado pelo limitador (VALOR2).","System.Object[]"
"ELIM0483","Ativa","Valida saldo da conta 111.94","Verifica se o saldo da conta 111.94 bate com o resultado de sua fórmula","O saldo da conta 111.94 (VALOR1) diverge da soma das contas 111.94.01, 111.94.02, 111.94.03, 111.94.05. (VALOR2).","System.Object[]"
"ELIM0484","Ativa","VALIDA SALDO DA CONTA 530.13","REJEITA A APLICAÇÃO DE FATOR DE CONVERSÃO ","Aplicação incorreta de fator de conversão.","System.Object[]"
"ELIM0485","Ativa","VALIDA SALDO DA CONTA 111.94.04.01.01.04","Verifica se o saldo da conta bate com o resultado esperado de sua fórmula.","O saldo da conta 111.94.04.01.01.04 (VALOR1) não é consistente com o resultado esperado de sua fórmula (VALOR2).","System.Object[]"
"ELIM0486","Ativa","VALIDA SALDO DA CONTA 111.94.04.01.01.06","VERIFICA SE O SALDO DA CONTA 111.94.01.01.06 BATE COM O RESULTADO DE SUA FÓRMULA","O saldo da conta 111.94.04.01.01.06 (VALOR1) não é compatível com o valor esperado de sua fórmula (VALOR2).","System.Object[]"
"ELIM0487","Ativa","VALIDA SALDO DA CONTA 111.94.04.06","VERIFICA SE O SALDO DA CONTA 111.94.04.06 BATE COM O RESULTADO DE SUA FÓRMULA.","O saldo da conta 111.94.04.06 (VALOR1) diverge do resultado esperado de sua fórmula (VALOR2).","System.Object[]"
"ELIM0488","Ativa","VALIDA SALDO DA CONTA 111.94.04.01.01.07","VERIFICA SE O SALDO DA CONTA 111.94.01.01.07 BATE COM O RESULTADO DE SUA FÓRMULA","O saldo da conta 111.94.04.01.01.07 (VALOR1) não é compatível com o resultado esperado de sua fórmula (VALOR2).","System.Object[]"
"ELIM0490","Ativa","VALIDA SALDO DA CONTA 111.94 PÓS 11/15","VERIFICA SE O SALDO DA CONTA 111.94 BATE COM O RESULTADO ESPERADO DE SUA FÓRMULA","O saldo da conta 111.94 (VALOR1) não é compatível com o resultado de sua fórmula (VALOR2).","System.Object[]"
"ELIM0491","Desativada","VALIDA SALDO DA CONTA 160.08 PÓS 11/2015","Valida saldo da conta 160.08 com os saldos das contas 111.92.01, 111.92.02, 111.93, 111.94.04.03 e 111.92.07.","O saldo da conta 160.08 (R$ VL1 ) não está compreendido dentro da faixa de valores aceitáveis cujo valor mínimo é a soma dos ajustes prudenciais registrados nas contas 111.92.01, 111.92.02, 111.94.04.03 e 111.92.07 (R$ VL3 ) e valor máximo é a soma dos ajustes prudenciais registrados nas contas 111.92.01, 111.92.02, 111.93, 111.94.04.03, 111.94.04.06 e 111.92.07 (R$ VL2 ).","System.Object[]"
"ELIM0492","Ativa","VALIDA SALDO DA CONTA 120.01.02.02 11/2015","VERIFICA SE O SALDO DA CONTA 120.01.02.02 CORRESPONDE A MULTIPLICAÇÃO DO LIMITADOR PELO VALOR BASE","O saldo da conta 120.01.02.02 (VALOR1) não corresponde a multiplicação do percentual do Limitador e o valor base da referida conta (VALOR2).","System.Object[]"
"ELIM0493","Ativa","VALIDA SALDO DA CONTA 112.01.02.02","VERIFICA SE O SALDO DA CONTA 112.01.02.02 CORRESPONDE A MULTIPLICAÇÃO DO LIMITADOR PELO VALOR BASE","O saldo da conta 112.01.02.02 (VALOR1) não corresponde a multiplicação do percentual do Limitador e o valor base da referida conta (VALOR2).","System.Object[]"
"ELIM0494","Ativa","VALIDA LIMITE 09.00 - RA","VERIFICA SE A INSTITUIÇÃO INCLUIU NO CABEÇALHO A INDICAÇÃO DE QUE INFORMOU OU NÃO O LIMITE DE CÓDIGO 09.00 - RA","A instituição não informou o campo destinado à Razão de Alavancagem.","System.Object[]"
"ELIM0495","Ativa","VALIDA INSTITUIÇÕES EXCLUIDAS DA RA","VERIFICA SE O SEGMENTO DA INSTITUIÇÃO LÍDER É DE INSTITUIÇÃO DESOBRIGADA A INFORMAR O RA","A instituição informou que não encaminhou as informações de Razão de Alavancagem, no entanto, a instituição está obrigada a encaminhar essas informações.","System.Object[]"
"ELIM0496","Ativa","VALIDA INSTITUIÇÕES OBRIGADAS A INFORMAR A RA","VERIFICA SE O SEGMENTO DA INSTITUIÇÃO LÍDER É DE INSTITUIÇÃO OBRIGADA A INFORMAR O RA","A instituição informou que encaminhou as informações de Razão de Alavancagem, no entanto, a instituição está desobrigada do encaminhamento dessas informações.","System.Object[]"
"ELIM0497","Ativa","VALIDA SALDOS DAS CONTAS 140 E 108 PARA OBRIGADOS A INFORMAR A RA","VERIFICA SE OS SALDOS DAS CONTAS 108 E 140 DO DLO SÃO DIFERENTES DE ZERO QUANDO SE TRATA DE INSTITUIÇÃO OBRIGADA A INFORMAR A RA","A instituição informou saldo nulo para a conta 140 ou para a conta 108, no entanto, como a instituição está obrigada  a informar a Razão de Alavancagem, são esperados valores para as referidas contas.","System.Object[]"
"ELIM0498","Ativa","Valida Saldo da conta 140","O saldo da conta 140 deve ser informado percentualmente, logo 100* [108]/[141] -0,05 deve ser menor que o informado na conta 140.","O valor da esperado para a conta 140 deve ser VALOR1.","System.Object[]"
"ELIM0499","Ativa","Valida elementos 31 e 32 da conta 890.10.01","A instituição informou estimativas da variação do valor de mercado das operações não classificadas na carteira de negociação com utilização de choques compatíveis com o 1º e 99º percentil (elementos 31 e 32, respectivamente). Espera-se que tais valores tenham sinais opostos, não podendo assumir valores nulos caso algum valor não nulo tenha sido informado para um dos elementos 31 e 32.","A instituição informou valores para estimativas da variação do valor de mercado das operações não classificadas na carteira de negociação com utilização de choques compatíveis com o 1º e 99º percentil (elementos 31 e 32, respectivamente), em desacordo com o esperado e com as instruções de preenchimento, pois não apresentam sinais opostos, ou ainda, algum dos elementos assume valor nulo caso algum valor não nulo tenha sido informado para um dos elementos 31 e 32.","System.Object[]"
"ELIM0500","Ativa","Valida elementos 31 e 32 da conta 890.20.01","A instituição informou estimativas da variação do valor de mercado das operações não classificadas na carteira de negociação com utilização de choques compatíveis com o 1º e 99º percentil (elementos 31 e 32, respectivamente). Espera-se que tais valores tenham sinais opostos, não podendo assumir valores nulos caso algum valor não nulo tenha sido informado para um dos elementos 31 e 32.","A instituição informou valores para estimativas da variação do valor de mercado das operações não classificadas na carteira de negociação com utilização de choques compatíveis com o 1º e 99º percentil (elementos 31 e 32, respectivamente), em desacordo com o esperado e também em desacordo com as instruções de preenchimento do DLO, pois não apresentam sinais opostos, ou ainda, algum dos elementos assume valor nulo caso algum valor não nulo tenha sido informado para um dos elementos 31 e 32.","System.Object[]"
"ELIM0501","Ativa","Valida elementos 31 e 32 da conta 890.20.02","A instituição informou estimativas da variação do valor de mercado das operações não classificadas na carteira de negociação com utilização de choques compatíveis com o 1º e 99º percentil (elementos 31 e 32, respectivamente). Espera-se que tais valores tenham sinais opostos, não podendo assumir valores nulos caso algum valor não nulo tenha sido informado para um dos elementos 31 e 32.","A instituição informou valores para estimativas da variação do valor de mercado das operações não classificadas na carteira de negociação com utilização de choques compatíveis com o 1º e 99º percentil (elementos 31 e 32, respectivamente), em desacordo com o esperado e também em desacordo com as instruções de preenchimento do DLO, pois não apresentam sinais opostos, ou ainda, algum dos elementos assume valor nulo caso algum valor não nulo tenha sido informado para um dos elementos 31 e 32.","System.Object[]"
"ELIM0502","Ativa","Valida elementos 31 e 32 da conta 890.20.03","A instituição informou estimativas da variação do valor de mercado das operações não classificadas na carteira de negociação com utilização de choques compatíveis com o 1º e 99º percentil (elementos 31 e 32, respectivamente). Espera-se que tais valores tenham sinais opostos, não podendo assumir valores nulos caso algum valor não nulo tenha sido informado para um dos elementos 31 e 32.","A instituição informou valores para estimativas da variação do valor de mercado das operações não classificadas na carteira de negociação com utilização de choques compatíveis com o 1º e 99º percentil (elementos 31 e 32, respectivamente), em desacordo com o esperado e também em desacordo com as instruções de preenchimento do DLO, pois não apresentam sinais opostos, ou ainda, algum dos elementos assume valor nulo caso algum valor não nulo tenha sido informado para um dos elementos 31 e 32.","System.Object[]"
"ELIM0503","Ativa","Valida elementos 31 e 32 da conta 890.20.04","A instituição informou estimativas da variação do valor de mercado das operações não classificadas na carteira de negociação com utilização de choques compatíveis com o 1º e 99º percentil (elementos 31 e 32, respectivamente). Espera-se que tais valores tenham sinais opostos, não podendo assumir valores nulos caso algum valor não nulo tenha sido informado para um dos elementos 31 e 32.","A instituição informou valores para estimativas da variação do valor de mercado das operações não classificadas na carteira de negociação com utilização de choques compatíveis com o 1º e 99º percentil (elementos 31 e 32, respectivamente), em desacordo com o esperado e também em desacordo com as instruções de preenchimento do DLO, pois não apresentam sinais opostos, ou ainda, algum dos elementos assume valor nulo caso algum valor não nulo tenha sido informado para um dos elementos 31 e 32.","System.Object[]"
"ELIM0504","Ativa","Valida elementos 31 e 32 da conta 890.20.05","A instituição informou estimativas da variação do valor de mercado das operações não classificadas na carteira de negociação com utilização de choques compatíveis com o 1º e 99º percentil (elementos 31 e 32, respectivamente). Espera-se que tais valores tenham sinais opostos, não podendo assumir valores nulos caso algum valor não nulo tenha sido informado para um dos elementos 31 e 32.","A instituição informou valores para estimativas da variação do valor de mercado das operações não classificadas na carteira de negociação com utilização de choques compatíveis com o 1º e 99º percentil (elementos 31 e 32, respectivamente), em desacordo com o esperado e também em desacordo com as instruções de preenchimento do DLO, pois não apresentam sinais opostos, ou ainda, algum dos elementos assume valor nulo caso algum valor não nulo tenha sido informado para um dos elementos 31 e 32.","System.Object[]"
"ELIM0505","Ativa","Valida elementos 31 e 32 da conta 890.20.06","A instituição informou estimativas da variação do valor de mercado das operações não classificadas na carteira de negociação com utilização de choques compatíveis com o 1º e 99º percentil (elementos 31 e 32, respectivamente). Espera-se que tais valores tenham sinais opostos, não podendo assumir valores nulos caso algum valor não nulo tenha sido informado para um dos elementos 31 e 32.","A instituição informou valores para estimativas da variação do valor de mercado das operações não classificadas na carteira de negociação com utilização de choques compatíveis com o 1º e 99º percentil (elementos 31 e 32, respectivamente), em desacordo com o esperado e também em desacordo com as instruções de preenchimento do DLO, pois não apresentam sinais opostos, ou ainda, algum dos elementos assume valor nulo caso algum valor não nulo tenha sido informado para um dos elementos 31 e 32.","System.Object[]"
"ELIM0506","Ativa","Valida elementos 31 e 32 da conta 890.30.01","A instituição informou estimativas da variação do valor de mercado das operações não classificadas na carteira de negociação com utilização de choques compatíveis com o 1º e 99º percentil (elementos 31 e 32, respectivamente). Espera-se que tais valores tenham sinais opostos, não podendo assumir valores nulos caso algum valor não nulo tenha sido informado para um dos elementos 31 e 32.","A instituição informou valores para estimativas da variação do valor de mercado das operações não classificadas na carteira de negociação com utilização de choques compatíveis com o 1º e 99º percentil (elementos 31 e 32, respectivamente), em desacordo com o esperado e também em desacordo com as instruções de preenchimento do DLO, pois não apresentam sinais opostos, ou ainda, algum dos elementos assume valor nulo caso algum valor não nulo tenha sido informado para um dos elementos 31 e 32.","System.Object[]"
"ELIM0507","Ativa","Valida elementos 31 e 32 da conta 890.30.02","A instituição informou estimativas da variação do valor de mercado das operações não classificadas na carteira de negociação com utilização de choques compatíveis com o 1º e 99º percentil (elementos 31 e 32, respectivamente). Espera-se que tais valores tenham sinais opostos, não podendo assumir valores nulos caso algum valor não nulo tenha sido informado para um dos elementos 31 e 32.","A instituição informou valores para estimativas da variação do valor de mercado das operações não classificadas na carteira de negociação com utilização de choques compatíveis com o 1º e 99º percentil (elementos 31 e 32, respectivamente), em desacordo com o esperado e também em desacordo com as instruções de preenchimento do DLO, pois não apresentam sinais opostos, ou ainda, algum dos elementos assume valor nulo caso algum valor não nulo tenha sido informado para um dos elementos 31 e 32.","System.Object[]"
"ELIM0508","Ativa","Valida elementos 31 e 32 da conta 890.30.03","A instituição informou estimativas da variação do valor de mercado das operações não classificadas na carteira de negociação com utilização de choques compatíveis com o 1º e 99º percentil (elementos 31 e 32, respectivamente). Espera-se que tais valores tenham sinais opostos, não podendo assumir valores nulos caso algum valor não nulo tenha sido informado para um dos elementos 31 e 32.","A instituição informou valores para estimativas da variação do valor de mercado das operações não classificadas na carteira de negociação com utilização de choques compatíveis com o 1º e 99º percentil (elementos 31 e 32, respectivamente), em desacordo com o esperado e também em desacordo com as instruções de preenchimento do DLO, pois não apresentam sinais opostos, ou ainda, algum dos elementos assume valor nulo caso algum valor não nulo tenha sido informado para um dos elementos 31 e 32.","System.Object[]"
"ELIM0509","Ativa","Valida elementos 31 e 32 da conta 890.40.01","A instituição informou estimativas da variação do valor de mercado das operações não classificadas na carteira de negociação com utilização de choques compatíveis com o 1º e 99º percentil (elementos 31 e 32, respectivamente). Espera-se que tais valores tenham sinais opostos, não podendo assumir valores nulos caso algum valor não nulo tenha sido informado para um dos elementos 31 e 32.","A instituição informou valores para estimativas da variação do valor de mercado das operações não classificadas na carteira de negociação com utilização de choques compatíveis com o 1º e 99º percentil (elementos 31 e 32, respectivamente), em desacordo com o esperado e também em desacordo com as instruções de preenchimento do DLO, pois não apresentam sinais opostos, ou ainda, algum dos elementos assume valor nulo caso algum valor não nulo tenha sido informado para um dos elementos 31 e 32.","System.Object[]"
"ELIM0510","Ativa","Valida elementos 31 e 32 da conta 890.40.02","A instituição informou estimativas da variação do valor de mercado das operações não classificadas na carteira de negociação com utilização de choques compatíveis com o 1º e 99º percentil (elementos 31 e 32, respectivamente). Espera-se que tais valores tenham sinais opostos, não podendo assumir valores nulos caso algum valor não nulo tenha sido informado para um dos elementos 31 e 32.","A instituição informou valores para estimativas da variação do valor de mercado das operações não classificadas na carteira de negociação com utilização de choques compatíveis com o 1º e 99º percentil (elementos 31 e 32, respectivamente), em desacordo com o esperado e também em desacordo com as instruções de preenchimento do DLO, pois não apresentam sinais opostos, ou ainda, algum dos elementos assume valor nulo caso algum valor não nulo tenha sido informado para um dos elementos 31 e 32.","System.Object[]"
"ELIM0511","Ativa","Valida elementos 31 e 32 da conta 890.40.03","A instituição informou estimativas da variação do valor de mercado das operações não classificadas na carteira de negociação com utilização de choques compatíveis com o 1º e 99º percentil (elementos 31 e 32, respectivamente). Espera-se que tais valores tenham sinais opostos, não podendo assumir valores nulos caso algum valor não nulo tenha sido informado para um dos elementos 31 e 32.","A instituição informou valores para estimativas da variação do valor de mercado das operações não classificadas na carteira de negociação com utilização de choques compatíveis com o 1º e 99º percentil (elementos 31 e 32, respectivamente), em desacordo com o esperado e também em desacordo com as instruções de preenchimento do DLO, pois não apresentam sinais opostos, ou ainda, algum dos elementos assume valor nulo caso algum valor não nulo tenha sido informado para um dos elementos 31 e 32.","System.Object[]"
"ELIM0512","Ativa","Valida elementos 31 e 32 da conta 890.80.01","A instituição informou estimativas da variação do valor de mercado das operações não classificadas na carteira de negociação com utilização de choques compatíveis com o 1º e 99º percentil (elementos 31 e 32, respectivamente). Espera-se que tais valores tenham sinais opostos, não podendo assumir valores nulos caso algum valor não nulo tenha sido informado para um dos elementos 31 e 32.","A instituição informou valores para estimativas da variação do valor de mercado das operações não classificadas na carteira de negociação com utilização de choques compatíveis com o 1º e 99º percentil (elementos 31 e 32, respectivamente), em desacordo com o esperado e também em desacordo com as instruções de preenchimento do DLO, pois não apresentam sinais opostos, ou ainda, algum dos elementos assume valor nulo caso algum valor não nulo tenha sido informado para um dos elementos 31 e 32.","System.Object[]"
"ELIM0513","Ativa","Valida elementos 31 e 32 da conta 890.99.01","A instituição informou estimativas da variação do valor de mercado das operações não classificadas na carteira de negociação com utilização de choques compatíveis com o 1º e 99º percentil (elementos 31 e 32, respectivamente). Espera-se que tais valores tenham sinais opostos, não podendo assumir valores nulos caso algum valor não nulo tenha sido informado para um dos elementos 31 e 32.","A instituição informou valores para estimativas da variação do valor de mercado das operações não classificadas na carteira de negociação com utilização de choques compatíveis com o 1º e 99º percentil (elementos 31 e 32, respectivamente), em desacordo com o esperado e também em desacordo com as instruções de preenchimento do DLO, pois não apresentam sinais opostos, ou ainda, algum dos elementos assume valor nulo caso algum valor não nulo tenha sido informado para um dos elementos 31 e 32.","System.Object[]"
"ELIM0515","Ativa","Validas saldo da conta 142.02.01","Verifica se a soma dos valores contábeis (elemento 2) das contas 526.01, 526.02, 526.03 e 527.01 batem com o saldo da conta 142.02.01","A soma dos valores contábeis (elemento 2) das contas 526.01, 526.02, 526.03 e 527.01 (R$ VL1) diverge do saldo da conta 142.02.01 (R$ VL2).","System.Object[]"
"ELIM0516","Ativa","Valida saldo da conta 142.01","Verifica se a soma dos valores contábeis (elemento 2) das contas 510.01, 510.02, 510.03 e 570.01 batem com o saldo da conta 142.01","A soma dos valores contábeis (elemento 2) das contas 510.01, 510.02, 510.03 e 570.01 (R$ VL1) diverge do saldo da conta 142.01 (R$ VL2).","System.Object[]"
"ELIM0517","Ativa","Valida saldo da conta 142.07.01","Verifica se a soma dos valores contábeis (elemento 2) das contas 560.05 e 560.06 batem com o saldo da conta 142.07.01","A soma dos valores contábeis (elemento 2) das contas 560.05 e 560.06 (R$ vl1) diverge do saldo da conta 142.07.01 (R$ vl2).","System.Object[]"
"ELIM0518","Ativa","Valida saldo da conta 142.10","Verifica se a soma dos valores contábeis (elemento 2) da conta 590.10 bate com o saldo da conta 142.10","A soma dos valores contábeis (elemento 2) da conta 590.10 (R$ VL1) diverge do saldo da conta 142.10 (R$ VL2).","System.Object[]"
"ELIM0519","Ativa","Valida saldo da conta 142.09","Verifica se a soma dos valores contábeis (elemento 2) da conta 580 bate com o saldo da conta 142.09","A soma dos valores contábeis (elemento 2) da conta 580 (R$ VL1) diverge do saldo da conta 142.09 (R$ VL2).","System.Object[]"
"ELIM0520","Ativa","Valida saldo da conta 142.05.01","Verifica se a soma dos valores contábeis (elemento 2) das contas 540.07 bate com o saldo da conta 142.05.01","A soma dos valores contábeis (elemento 2) da conta 540.07 (R$ VL1) diverge do saldo da conta 142.05.01 (R$ VL2).","System.Object[]"
"ELIM0521","Ativa","Valida saldo da conta 146.01.03","Verifica se a soma dos valores contábeis (elemento 2) das contas 620.06, 620.07 e 620.09 bate com o saldo da conta 146.01.03","A soma dos valores contábeis (elemento 2) das contas 620.06, 620.07 e 620.09 (R$ VL1) diverge do saldo da conta 146.01.03 (R$ VL2).","System.Object[]"
"ELIM0522","Ativa","Valida detalhamento da conta 943","Verifica se a soma dos RWACPRNBi acrescido do RWA público e do RWA bancário alcança o saldo do RWACPAD","O saldo da conta 700 (VL1) não é consistente com a soma dos seguintes valores: saldo da conta 943.01 (VL2), saldo da conta 943.02 (VL3), somatório dos RWACPRNBi relativo a cada jurisdição (VL4).","System.Object[]"
"ELIM0523","Ativa","Rejeita documento sem opção apuração ACPcontracíclico","Rejeita o documento da instituição que não declara sua opção por apurar o ACCPi pelo percentual máximo aplicável ao Brasil ou detalhado por jurisdição","Não foi informada a opção de apuração do ACPcontracíclico (tabela 26 das instruções de preenchimento do DLO)","System.Object[]"
"ELIM0524","Ativa","Valida detalhamento do ACPcontracíclico","Rejeita documento de instituição que declara apurar detalhadamente o ACPcontracíclico e não fornece RWA de crédito privado não-bancário para alguma jurisdição (RWAcprNBi).","Não foi efetuado o detalhamento do ACPcontracíclico.","System.Object[]"
"ELIM0525","Ativa","Valida saldo da 943 sem detalhamento","Verifica se o saldo da conta 943, quando optante pelos percentuais máximo, o saldo corresponde ao saldo da conta 942.","A instituição indicou a opção pelo uso dos percentuais máximos na apuração do ACP contracíclico, no entanto, o saldo da conta não corresponde ao percentual máximo previsto em norma.","System.Object[]"
"ELIM0526","Ativa","VALIDA ELEMENTO 2 RA","Verifica se a soma do elemento 2 das contas 146.02.01, 146.02.02 e 146.02.03 foram informados com valor positivo.","Foi informado indevidamente valor negativo para o elemento 2 (valor contábil/valor de exposição) para contas do subgrupo 146.02 do DLO.","System.Object[]"
"ELIM0527","Ativa","VALIDA SALDO DA CONTA 865","No caso da instituição ter informado a conta do RWAMINT, se os elementos 51 e 52 foram informados e se encontram compatíveis com o saldo da conta.","A instituição informou saldo na conta 865 e este saldo não é compatível com os elementos 51 e 52, ou então os elementos 51 e 52 não foram informados.","System.Object[]"
"ELIM0528","Ativa","VALIDA SALDO DA CONTA 865.01","No caso da instituição ter informado a conta do RWAMINT, se os elementos 51 e 52 foram informados e se encontram compatíveis com o saldo da conta.","A instituição informou saldo na conta 865.01 e este saldo não é compatível com os elementos 51 e 52, ou então os elementos 51 e 52 não foram informados.","System.Object[]"
"ELIM0529","Ativa","VALIDA SALDO DA CONTA 865.10","No caso da instituição ter informado a conta do RWAMINT, se os elementos 51 e 52 foram informados e se encontram compatíveis com o saldo da conta.
","A instituição informou saldo na conta 865.10 e este saldo não é compatível com os elementos 51 e 52, ou então os elementos 51 e 52 não foram informados.","System.Object[]"
"ELIM0530","Ativa","VALIDA SALDO DA CONTA 865.20","No caso da instituição ter informado a conta do RWAMINT, se os elementos 51 e 52 foram informados e se encontram compatíveis com o saldo da conta.","A instituição informou saldo na conta 865.20 e este saldo não é compatível com os elementos 51 e 52, ou então os elementos 51 e 52 não foram informados.","System.Object[]"
"ELIM0531","Ativa","VALIDA SALDO DA CONTA 865.20.01","No caso da instituição ter informado a conta do RWAMINT, se os elementos 51 e 52 foram informados e se encontram compatíveis com o saldo da conta.","A instituição informou saldo na conta 865.20.01 e este saldo não é compatível com os elementos 51 e 52, ou então os elementos 51 e 52 não foram informados.","System.Object[]"
"ELIM0532","Ativa","VALIDA SALDO DA CONTA 865.20.10","No caso da instituição ter informado a conta do RWAMINT, se os elementos 51 e 52 foram informados e se encontram compatíveis com o saldo da conta.","A instituição informou saldo na conta 865.20.10 e este saldo não é compatível com os elementos 51 e 52, ou então os elementos 51 e 52 não foram informados.","System.Object[]"
"ELIM0533","Ativa","VALIDA SALDO DA CONTA 865.20.20","No caso da instituição ter informado a conta do RWAMINT, se os elementos 51 e 52 foram informados e se encontram compatíveis com o saldo da conta.","A instituição informou saldo na conta 865.20.20 e este saldo não é compatível com os elementos 51 e 52, ou então os elementos 51 e 52 não foram informados.","System.Object[]"
"ELIM0534","Ativa","VALIDA SALDO DA CONTA 865.20.30","No caso da instituição ter informado a conta do RWAMINT, se os elementos 51 e 52 foram informados e se encontram compatíveis com o saldo da conta.","A instituição informou saldo na conta 865.20.30 e este saldo não é compatível com os elementos 51 e 52, ou então os elementos 51 e 52 não foram informados.","System.Object[]"
"ELIM0535","Ativa","VALIDA SALDO DA CONTA 865.20.40","No caso da instituição ter informado a conta do RWAMINT, se os elementos 51 e 52 foram informados e se encontram compatíveis com o saldo da conta.","A instituição informou saldo na conta 865.20.40 e este saldo não é compatível com os elementos 51 e 52, ou então os elementos 51 e 52 não foram informados.","System.Object[]"
"ELIM0536","Ativa","VALIDA SALDO DA CONTA 865.30","No caso da instituição ter informado a conta do RWAMINT, se os elementos 51 e 52 foram informados e se encontram compatíveis com o saldo da conta.","A instituição informou saldo na conta 865.30 e este saldo não é compatível com os elementos 51 e 52, ou então os elementos 51 e 52 não foram informados.","System.Object[]"
"ELIM0537","Ativa","VALIDA SALDO DA CONTA 865.40","No caso da instituição ter informado a conta do RWAMINT, se os elementos 51 e 52 foram informados e se encontram compatíveis com o saldo da conta.","A instituição informou saldo na conta 865.40 e este saldo não é compatível com os elementos 51 e 52, ou então os elementos 51 e 52 não foram informados.","System.Object[]"
"ELIM0538","Ativa","Validar detalhamento dos elementos de RWAOPAD - BIA","Verifica se as instituições que optaram pela abordagem BIA no RWAOPAD apresentaram algum detalhamento nos elementos das contas que compõem a abordagem.","O Documento não apresentou detalhamento nos elementos das contas RWAOPAD.","System.Object[]"
"ELIM0539","Ativa","Validar detalhamento dos elementos de RWAOPAD - ASA","Verifica se as instituições que optaram pela abordagem APA no RWAOPAD apresentaram algum detalhamento nos elementos das contas que compõem a abordagem.","O Documento não apresentou detalhamento nos elementos das contas RWAOPAD.","System.Object[]"
"ELIM0540","Ativa","Validar detalhamento dos elementos de RWAOPAD - ASA2","Verifica se as instituições que optaram pela abordagem APAS no RWAOPAD apresentaram algum detalhamento nos elementos das contas que compõem a abordagem.","O Documento não apresentou detalhamento nos elementos das contas RWAOPAD.","System.Object[]"
"ELIM0541","Ativa","Valida parâmetro de Opção de Exclusão de PNC","Verifica se o valor informado para o parâmetro corresponde a um dos valores válidos P, T e N.","Foi informado valor para o domínio do parâmetro 22 - opção de exclusão de participação de não controladores distinto dos valores válidos (P,T,N).","System.Object[]"
"ELIM0542","Ativa","Validar parâmetro de abordagem para utilização de mitigador de risco","O parâmetro abordagem para utilização de mitigador de risco deve ser obrigatoriamente informado","Parâmetro abordagem para utilização de mitigador de risco não informado.","System.Object[]"
"ELIM0543","Ativa","VALIDA SALDO DA CONTA 145.01.01","Verifica se o saldo da conta 145.01.01 é maior ou igual a soma dos valores contábeis (elemento 2) da conta 520.01.","O saldo da conta 145.01.01 (RS VL1) é inferior à soma dos valores contábeis (elemento 2) da conta 520.01 (R$ VL2).","System.Object[]"
"ELIM0544","Ativa","VALIDA O O SALDO DA CONTA 111.93.03","Validação do saldo da conta 111.93.03 - Investimentos inferiores em IF
","O saldo da conta 111.93.03 (VLR1) deve corresponder à diferença dos saldos das contas 111.93.03.01 e 111.93.03.90 (VLR2).
","System.Object[]"
"ELIM0545","Ativa","VALIDA O O SALDO DA CONTA 111.93.03.01","Validação do saldo da conta 111.93.03.01 - Total de Investimentos Inferiores em Instituições Financeiras Brutos de Compensação
","O saldo da conta 111.93.03.01 (VLR1) deve corresponder à soma dos saldos das contas 111.93.03.01.01, 111.93.03.01.02, 111.93.03.01.03, 111.93.03.01.04 e 111.93.03.01.05 (VLR2).
","System.Object[]"
"ELIM0546","Ativa","VALIDA O O SALDO DA CONTA 111.94.04.05","Validação do saldo da conta 111.94.04.05 - Participações Superiores em Instituições Financeiras não Deduzidas
","O saldo da conta 111.94.04.05 (VLR1) deve corresponder à diferença dos saldos das contas 111.94.04.01.01.03 e 111.94.04.01.90.03 (VLR2).
","System.Object[]"
"ELIM0547","Ativa","VALIDA O O SALDO DA CONTA 111.94.05.01.01","Validação do saldo da conta 111.94.05.01.01 - Investimentos Superiores em Instituições Financeiras Brutos de Compensação
","O saldo da conta 111.94.05.01.01 (VLR1) deve corresponder à soma dos saldos das contas 111.94.05.01.01.01, 111.94.05.01.01.02, 111.94.05.01.01.03, 111.94.05.01.01.04 e 111.94.05.01.01.05 (VLR2).
","System.Object[]"
"ELIM0548","Ativa","VALIDA O O SALDO DA CONTA 111.94.05.01","Validação do saldo da conta 111.94.05.01 - Total de Investimentos Superiores em Instituições Financeiras
","O saldo da conta 111.94.05.01 (VLR1) deve corresponder à diferença dos saldos das contas 111.94.05.01.01 e 111.94.05.01.90 (VLR2).
","System.Object[]"
"ELIM0549","Ativa","VALIDA O O SALDO DA CONTA 111.94.05.02","Validação do saldo da conta 111.94.05.02 - Limite Para Investimentos Superiores em Instituições Financeiras
","O saldo da conta 111.94.05.02 (VLR1) difere do resultado de 111.94.01.02.01 * 10% (VLR2).
","System.Object[]"
"ELIM0550","Ativa","VALIDA O O SALDO DA CONTA 510","Validação do saldo da conta 510 - Disponibilidades
","O saldo da conta 510 (VLR1) deve corresponder à soma dos saldos das contas 510.01, 510.02 e 510.03 (VLR2).
","System.Object[]"
"ELIM0551","Ativa","VALIDA O O SALDO DA CONTA 530","Validação do saldo da conta 530 - Títulos e Valores Mobiliários e Instrumentos Financeiros Derivativos","O saldo da conta 530 (VLR1) deve corresponder à soma dos saldos das contas  530.07+530.08+530.10+530.12+530.13+530.14+530.15+530.16+530.17+530.18+530.20+530.22+530.23+530.30 (VLR2).","System.Object[]"
"ELIM0552","Ativa","VALIDA O O SALDO DA CONTA 535","Validação do saldo da conta 535 - Participações em Fundos de Garantia de Clearings e as Garantias Depositadas de Forma Não Apartada do Patrimônio Delas
","O saldo da conta 535 (VLR1) não é compatível com o valor resultante de sua fórmula (VLR2).
","System.Object[]"
"ELIM0553","Ativa","VALIDA O O SALDO DA CONTA 540","Validação do saldo da conta 540 - Relações Interfinanceiras
","O saldo da conta 540 (VLR1) não é compatível com o saldo da conta 540.07 (VLR2).
","System.Object[]"
"ELIM0554","Ativa","VALIDA O O SALDO DA CONTA 550","Validação do saldo da conta 550 - Operações de Crédito
","O saldo da conta 550 (VLR1) deve corresponder à soma dos saldos das contas 550.04, 550.05, 550.12 e 550.13 (VLR2).
","System.Object[]"
"ELIM0555","Ativa","VALIDA O O SALDO DA CONTA 560","Validação do saldo da conta 560 - Operações de Arrendamento Mercantil
","O saldo da conta 560 (VLR1) deve corresponder à soma dos saldos das contas 560.05 e 560.06 (VLR2).
","System.Object[]"
"ELIM0556","Ativa","VALIDA O O SALDO DA CONTA 570","Validação do saldo da conta 570 - Outros Direitos
","O saldo da conta 570 (VLR1) deve corresponder à soma dos saldos das contas 570.01, 570.05, 570.06, 570.07, 570.09 e 570.10 (VLR2).
","System.Object[]"
"ELIM0557","Ativa","VALIDA O O SALDO DA CONTA 590","Validação do saldo da conta 590 - Permanente
","O saldo da conta 590 (VLR1) deve corresponder ao saldo da conta 590.10 (VLR2).
","System.Object[]"
"ELIM0558","Ativa","VALIDA O O SALDO DA CONTA 600","Validação do saldo da conta 600 - Limite de Crédito não Cancelável Incondicional e Unilateralmente pela Instituição
","O saldo da conta 600 (VLR1) deve corresponder ao saldo da conta 600.05 (VLR2).
","System.Object[]"
"ELIM0559","Ativa","VALIDA O O SALDO DA CONTA 605","Validação do saldo da conta 605 - Créditos a Liberar
","O saldo da conta 605 (VLR1) deve corresponder ao saldo da conta 605.05 (VLR2).
","System.Object[]"
"ELIM0560","Ativa","VALIDA O O SALDO DA CONTA 610","Validação do saldo da conta 610 - Adiantamentos Concedidos pela Instituição
","O saldo da conta 610 (VLR1) deve corresponder à soma dos saldos das contas 610.01, 610.02 e 610.03 (VLR2).
","System.Object[]"
"ELIM0561","Ativa","VALIDA O O SALDO DA CONTA 620","Validação do saldo da conta 620 - Garantias Prestadas - Avais, Fianças e Coobrigações","O saldo da conta 620 (VLR1) deve corresponder à soma dos saldos das contas 620.06, 620.07, 620.09 e 620.10 (VLR2).","System.Object[]"
"ELIM0562","Ativa","VALIDA O O SALDO DA CONTA 640","Validação do saldo da conta 640 - Operações de Empréstimos de Ativos
","O saldo da conta 640 (VLR1) deve corresponder à soma dos saldos das contas 640.01, 640.02 e 640.03 (VLR2).
","System.Object[]"
"ELIM0563","Ativa","VALIDA O O SALDO DA CONTA 650","Validação do saldo da conta 650 - Operações a Liquidar de Compra de Moedas Estrangeiras, de Ouro ou de Títulos e Valores Mobiliários no Mercado à Vista
","O saldo da conta 650 (VLR1) deve corresponder à soma dos saldos das contas 650.01, 650.02 e 650.03 (VLR2).
","System.Object[]"
"ELIM0564","Ativa","VALIDA O O SALDO DA CONTA 660","Validação do saldo da conta 660 - Operações a Liquidar de Venda de Moedas Estrangeiras, de Ouro ou de Títulos e Valores Mobiliários no Mercado à Vista
","O saldo da conta 660 (VLR1) deve corresponder à soma dos saldos das contas 660.01, 660.02 e 660.03 (VLR2).
","System.Object[]"
"ELIM0565","Ativa","VALIDA O O SALDO DA CONTA 160","Validação do saldo da conta 160 - Valor da Situação para o Limite de Imobilização
","O saldo da conta 160 (VLR1) deve corresponder à diferença entre o saldo da conta 160.01 e a soma dos saldos das contas 160.02, 160.03, 160.07, 160.08 e 106 (VLR2).
","System.Object[]"
"ELIM0566","Ativa","VALIDA O SALDO DA CONTA 180","Verifica o saldo da conta 180 - Fundo de Liquidez Mínimo","O saldo da conta 180 (VLR 1) deve corresponder 10% do saldo da conta 180.01 (VLR2).","System.Object[]"
"ELIM0567","Ativa","VALIDA O SALDO DA CONTA 180.01","Verifica o saldo da conta 180.01 - Obrigações","O saldo da conta 180.01 (VLR 1) deve corresponder à soma dos saldos das contas 180.01.01, 180.01.02 e 180.01.03 (VLR2).","System.Object[]"
"ELIM0568","Ativa","VALIDA O O SALDO DA CONTA 181","Verifica o saldo da conta 181 - Títulos Públicos Federais.","O saldo da conta 181 (VLR 1) deve corresponder à soma dos saldos das contas 181.01 e 181.02 subtraído do saldo da conta 181.03 (VLR2).","System.Object[]"
"ELIM0569","Ativa","VALIDA O SALDO DA CONTA 975","Verifica o saldo da conta 975 - Margem ou Insuficiência para o Fundo de Liquidez de Agências de Fomento.","O saldo da conta 975 (VLR 1) deve corresponder à diferença entre os saldos das contas 181 e 180 (VLR2).","System.Object[]"
"ELIM0570","Ativa","Valida se a conta 111.08 é utilizada apenas por IFs públicas federais","Verifica se apenas as IFs públicas federais apontaram saldo na conta 111.08 (outros instrumentos elegíveis ao CP)","A conta 111.08 é de uso exclusivo de IFs públicas federais (art. 16 da Res. 4.192/2013) ","System.Object[]"
"ELIM0571","Ativa","Validação do saldo da conta 111.94.04.01.01.03","Validação do saldo da conta 111.94.04.01.01.03 (Auxiliar  Basket Bruto Instituições financeiras)
","O saldo da conta 111.94.04.01.01.03 (R$ VALOR1) deve corresponder ao menor valor entre o saldos das contas 111.94.05.01 (R$ VALOR2) e 111.94.05.02 (R$ VALOR3).
","System.Object[]"
"ELIM0573","Ativa","Validação do saldo da conta 111.94.04.01.90.03","Validação do saldo da conta 111.94.04.01.90.03 (Auxiliar - Ajuste ao Basket de Participações Superiores em instituições financeiras) - permite um erro de até 0,001% no resultado da formula
","O saldo da conta 111.94.04.01.90.03 (R$ VALOR1) deve ser igual a zero se o saldo da conta  111.94.04.01.01 (R$ VALOR2) for igual a zero ou deve corresponder ao resultado de (111.94.04.01.01.03 / 111.94.04.01.01) * 111.94.04.01.90 (R$ VALOR3).
","System.Object[]"
"ELIM0574","Ativa","Validação do valor base da conta 111.94.05","Validação do valor base da conta 111.94.05 (Ajuste Prudencial X Antes da Glosa de 15% - Investimentos Superiores)
","O valor base informado na conta 111.94.05 (R$ VALOR1) é incompatível com o maior valor entre zero e o resultado de 111.94.05.01 - 111.94.05.02 (R$ VALOR2).
","System.Object[]"
"ELIM0575","Ativa","Valida saldo da conta 954","Verifica se o saldo da conta 954 margem sobre o adicional de capital principal corresponde ao resultado de sua fórmula saldo da conta 941 deduzido do saldo da conta 940.","O saldo da conta 954 (R$ VALOR1) é incompatível com a diferença entre os saldos da conta 941 e da conta 940 (R$ VALOR2).","System.Object[]"
"ELIM0576","Ativa","VALIDA CONTAS 111.91.01 E 111.03","Verifica se ambos os saldos das contas 111.91.01 e 111.03 foram informados com valores diferentes de zero. Rejeita-se esta situação.","Ambos os saldos das contas 111.91.01 e 111.03 foram informados com valores diferentes de zero. Os saldos devem refletir a posição consolidada e final das contas contábeis correspondentes para a data base a que se refira, de forma que apenas uma das contas pode ter valor distinto de zero.","System.Object[]"
"ELIM0577","Ativa","VALIDA CONTAS 111.91.05 E 111.07","Verifica se ambos os saldos das contas 111.91.05 e 111.07 foram informados com valores diferentes de zero. Rejeita-se esta situação.","Ambos os saldos das contas 111.91.05 e 111.07 foram informados com valores diferentes de zero. Os saldos devem refletir a posição consolidada e final das contas contábeis correspondentes para a data base a que se refira, de forma que apenas uma das contas pode ter valor distinto de zero.","System.Object[]"
"ELIM0578","Ativa","Validar parâmetro de segmento da regulação","O parâmetro 6 (Tabela 006) de segmento da regulação deve ser obrigatoriamente informado","Parâmetro 6 (Tabela 006), referente ao Segmento da Regulação não foi informado.","System.Object[]"
"ELIM0579","Ativa","Valida valores na conta 944","Verifica se há valores diferentes de zero na conta 944 para CNPJs distintos dos esperados.","Foi informado saldo na conta 944 no entanto esta instituição não possui exposição total ou ativo total que implique no requerimento de adicional sistêmico de capital principal.","System.Object[]"
"ELIM0580","Ativa","Valida saldo da conta 944 quando cabível","Verifica se o saldo da conta 944 corresponde ao percentual definido para o ano de 2017 para as instituições obrigadas a informar em 2017.","A instituição informou saldo para a conta 944 em desacordo com o esperado para a instituição na data base.","System.Object[]"
"ELIM0581","Ativa","Valida valores na conta 944","Verifica se as instituições que não apuram o ACP sistêmico informaram valores indevidamente na conta 944.","Foi informado saldo na conta 944, no entanto esta instituição não possui exposição total ou ativo total que implique no requerimento de adicional sistêmico de capital principal.","System.Object[]"
"ELIM0582","Ativa","Valida saldo da conta 944 quando cabível","Verifica se o saldo da conta 944 corresponde ao percentual definido para o ano de 2018 para as instituições obrigadas a informar em 2018 o ACP sistêmico.","A instituição informou saldo para a conta 944 em desacordo com o esperado para a instituição na data base.","System.Object[]"
"ELIM0583","Ativa","Validação do saldo da conta 953","Validação do saldo da conta 953 (Margem sobre o PR considerando o ACP e a RBAN)","O saldo da conta 953 (R$ VALOR1) deve corresponder ao resultado de 101 - 911 - 940(R$ VALOR2).","System.Object[]"
"ELIM0584","Ativa","VALIDA SALDO DA CONTA 941","VERIFICA SE SALDO DA CONTA 941 CONFERE COM O RESULTADO DE SUA FÓRMULA PARA INSTITUIÇÕES RPC - DOC. 2061.","O saldo da conta 941 (R$ VALOR1) não confere com o resultado esperado de sua fórmula - mínimo entre os saldos das contas 950, 951 e 952 (R$ VALOR2).","System.Object[]"
"ELIM0585","Ativa","Validar detalhamento dos elementos de RWAOPAD  BIA em T-3","Verifica se as instituições que optaram pela abordagem BIA no RWAOPAD apresentaram algum detalhamento nos elementos das contas que compõem a abordagem no período T-3, complementar a crítica ELIM0538.","O Documento não apresentou detalhamento nos elementos das contas RWAOPAD para o período T-3.","System.Object[]"
"ELIM0586","Ativa","Validar detalhamento dos elementos de RWAOPAD  ASA em T-3","Verifica se as instituições que optaram pela abordagem ASA no RWAOPAD apresentaram algum detalhamento nos elementos das contas que compõem a abordagem no período T-3, complementar a crítica ELIM0539.","O Documento não apresentou detalhamento nos elementos das contas RWAOPAD para o período T-3.","System.Object[]"
"ELIM0587","Ativa","Validar detalhamento dos elementos de RWAOPAD  ASA2 em T-3","Verifica se as instituições que optaram pela abordagem ASA2 no RWAOPAD apresentaram algum detalhamento nos elementos das contas que compõem a abordagem no período T-3, complementar a crítica ELIM0540.","O Documento não apresentou detalhamento nos elementos das contas RWAOPAD para o período T-3.","System.Object[]"
"ELIM0588","Ativa","VALIDA LIMITE 70.00 - LCSP","VERIFICA SE A INSTITUIÇÃO INCLUIU NO CABEÇALHO A INDICAÇÃO DE QUE INFORMOU OU NÃO O LIMITE DE CÓDIGO 70.00 - LCSP","A instituição não informou o campo destinado ao Limite Crédito ao Setor Público.","System.Object[]"
"ELIM0589","Ativa","Valida saldo da conta 144.01.01","Verifica se soma do elemento 2 (soma do valor contábil) bate com saldo da conta ","Soma do elemento 2 da conta 144.01.01 (soma do valor contábil) R$ VL2 difere do saldo da conta 144.01.01 R$ VL1","System.Object[]"
"ELIM0590","Ativa","Valida saldo da conta 144.01.02","Verifica se soma do elemento 2 (soma do valor contábil) bate com saldo da conta 
","Soma do elemento 2 (soma do valor contábil) R$ VL2 difere do saldo da conta 144.01.02 R$ VL1
","System.Object[]"
"ELIM0591","Ativa","Valida saldo da conta 144.01.03","Verifica se soma do elemento 2 (soma do valor contábil) bate com saldo da conta 
","Soma do elemento 2 (soma do valor contábil) R$ VL2 difere do saldo da conta 144.01.03 R$ VL1
","System.Object[]"
"ELIM0592","Ativa","Valida detalhamento LCSP","Verifica se ao menos uma das contas do LCSP foi detalhada, quando há informações de crédito ao setor público.","Foi declarado crédito ao setor público, no entanto, não consta detalhamento de contas, para as contas do Limite de Crédito ao Setor Público.","System.Object[]"
"ELIM0593","Ativa","VALIDA SALDO DA CONTA 941 EM 01-2018","VERIFICA SE INSTITUIÇÃO RPC INFORMOU SALDO NA CONTA NA DATA BASE 01/2018, CASO INFORME O DOCUMENTO É REJEITADO.","FOI INFORMADO SALDO NA CONTA 941, NO ENTANTO, A REFERIDA CONTA NÃO PERTENCE MAIS AO LEIAUTE DO DOCUMENTO 2061.","System.Object[]"
"ELIM0594","Ativa","VALIDA SALDO DA CONTA 140.10","Verifica se o saldo da conta 140.10 corresponde a 3% do saldo da conta 141, quando a instituição for pertencente aos segmentos S1 e S2.","O Saldo da conta 140.10 não é equivalente a 3% do saldo da conta 141.","System.Object[]"
"ELIM0595","Ativa","Verifica utilização da conta 140.10","Verifica se instituições do segmento s3 ou s4 informaram saldo na conta 140.10, destinada apenas a IFs do s1 e s2","Essa conta (140.10) só deve ser utilizada por instituições do segmento S1 e S2","System.Object[]"
"ELIM0596","Ativa","Verifica utilização da conta 149","Verifica se alguma IF do segmento s3 ou s4 informou saldo na conta 149, destinada apenas a IFs do s1 e s2","Essa conta (149) só deve ser utilizada por IFs do segmento S1 ou S2","System.Object[]"
"ELIM0597","Ativa","Valida saldo da conta 910.01","Verifica se saldo da conta 910.01 é compatível com sua fórmula de cálculo ","Valor informado na conta 910.01 (R$ VALOR1) difere do resultado calculado pela fórmula da conta (R$ VALOR2)","System.Object[]"
"ELIM0598","Ativa","Valida saldo da conta 920.01","Verifica saldo informado na conta 920.01, comparando com valor esperado, por meio da fórmula de cálculo","Valor informado na conta 920.01 (R$ VALOR1) difere do valor calculado por meio de sua fórmula (R$ VALOR2)","System.Object[]"
"ELIM0599","Ativa","Valida saldo da conta 950.02","Verifica saldo informado na conta 950.02, comparando com fórmula prevista para essa conta","Valor informado na conta 950.02 (R$ VALOR1) difere do resultado esperado pela sua fórmula (R$ VALOR2)","System.Object[]"
"ELIM0600","Ativa","Valida saldo da conta 950.03","Valor informado na conta 950.03 difere do valor esperado, dado pela sua fórmula de cálculo","Valor informado na conta 950.03 (R$ VALOR1) difere do resultado de sua fórmula (R$ VALOR2)","System.Object[]"
"ELIM0601","Ativa","Valida saldo da conta 951.02","Saldo informado na conta 951.02 deve bater com resultado calculado pela fórmula da conta","Valor informado na conta 951.02 (R$ VALOR1) difere do valor calculado pela fórmula da conta (R$ VALOR2)","System.Object[]"
"ELIM0602","Ativa","Valida saldo da conta 954","Verifica valor informado na conta 954 comparando com fórmula esperada para a conta","Valor informado na conta 954 (R$ VALOR1) difere do seu resultado esperado, dados pela fórmula (R$ VALOR2)","System.Object[]"
"ELIM0603","Ativa","Valida saldo da conta 956","Verifica saldo informado na conta 956, comparando com valor esperado, dado pela fórmula de cálculo","Saldo informado na conta 956 (R$ VALOR1) difere do saldo esperado dado pela fórmula (R$ VALOR2)","System.Object[]"
"ELIM0604","Ativa","Valida saldo da conta 957","Verifica saldo informado na conta 957, comparando com seu valor esperado, dado por sua fórmula de cálculo","Saldo informado na conta 957 (R$ VALOR1) difere do resultado esperado calculado pela fórmula (R$ VALOR2)","System.Object[]"
"ELIM0605","Ativa","Valida saldo da conta 958","Verifica saldo da conta 958, comparando com resultado de sua fórmula","Valor informado para a conta 958 (R$ VALOR1) difere de seu resultado esperado, dado pela fórmula (VALOR2)","System.Object[]"
"ELIM0606","Ativa","Valida saldo da conta 959","Verifica saldo informado na conta 959, comparando com o valor calculado pela fórmula","Saldo informado na conta 959 (R$ VALOR1) difere do valor calculado pela fórmula dessa conta (R$ VALOR2)","System.Object[]"
"ELIM0607","Ativa","Valida saldo da conta 535","Saldo da conta 535 deve ser igual ao valor calculado por sua fórmula","Valor informado na conta 535 (R$ VALOR1) difere do valor calculado por meio de sua fórmula (R$ VALOR2)","System.Object[]"
"ELIM0608","Ativa","Valida saldo da conta 955","Verifica saldo informado na conta 955, comparando com resultado de sua fórmula","Valor informado na conta 955 (VALOR1) difere do saldo de sua fórmula (VALOR2)","System.Object[]"
"ELIM0609","Ativa","valida saldo da conta 112.93.05","valida saldo da conta 112.93.05, comparando com valor calculado pela fórmula da respectiva conta","Valor informado na conta 112.93.05 (VALOR1) difere do valor calculado pela fórmula da conta (VALOR2)","System.Object[]"
"ELIM0610","Ativa","Valida saldo da conta 910.02","Valida o saldo da conta 910.02, comparando com resultado de sua fórmula.","O saldo informado para a conta 910.02 (VALOR1) não confere com o valor calculado por sua fórmula (VALOR2).","System.Object[]"
"ELIM0611","Ativa","Valida saldo da conta 920.02.","Valida o saldo da conta 920.02, comparando com resultado de sua fórmula.","O saldo informado para a conta 920.02 (VALOR1) não confere com o valor calculado por sua fórmula (VALOR2).","System.Object[]"
"ELIM0612","Ativa","Valida saldo da conta 950.01.","O saldo da conta 950.01, comparando com resultado de sua fórmula.","O saldo informado para a conta 950.01 (VALOR1) não confere com o valor calculado por sua fórmula (VALOR2).","System.Object[]"
"ELIM0613","Ativa","Valida saldo da conta 970","Valida o saldo da conta 970, comparando com resultado de sua fórmula.","O saldo informado para a conta 970 (VALOR1) não confere com o valor calculado por sua fórmula (VALOR2).","System.Object[]"
"ELIM0614","Ativa","VALIDA SALDOS DAS CONTAS 140 E 108 PARA DESOBRIGADOS A INFORMAR A RA","VERIFICA SE OS SALDOS DAS CONTAS 108 E 140 DO DLO SÃO DIFERENTES DE ZERO QUANDO SE TRATA DE INSTITUIÇÃO DESOBRIGADA A INFORMAR A RA","A instituição informou saldo diferente de nulo para a conta 140 ou para a conta 108. No entanto, como a instituição está desobrigada  a informar a Razão de Alavancagem, não são esperados valores para as referidas contas.","System.Object[]"
"ELIM0615","Ativa","VALIDAÇÃO DA CONTA 111.92.12","VALIDAÇÃO DO SALDO DA CONTA 111.92.12, REPRESENTADO PELA SOMA DAS CONTAS FILHAS 111.92.12.01 E 111.92.12.02","O SALDO DA CONTA 111.92.12 (R$ VL1) DIFERE DO SALDO ESPERADO PARA CONTA REPRESENTADO PELA SOMA DAS CONTAS 111.92.12.01 E 111.92.12.02 (R$ VL2).","System.Object[]"
"ELIM0616","Desativada","VALIDAR CONTA 111.92.06.03.01","O saldo da conta 111.92.06.03.01 (VALOR TOTAL DO CRÉDITO TRIBUTÁRIO DE PREJUÍZO FISCAL  HEDGE DE INVESTIMENTOS) está limitado ao menor valor entre o saldo das contas 111.92.06.03.01.01 e 111.92.06.03.01.02.","Valor informado para conta 111.92.06.03.01 é inválido. Valor da conta 111.92.06.03.01(R$ VALOR1), quando positivo, deve limitar-se ao menor valor entre as contas 111.92.06.03.01.01 e 111.92.06.03.01.02, (R$ VALOR2).","System.Object[]"
"ELIM0617","Ativa","VALIDAR CONTA 111.92.06.03.02","O saldo da conta 111.92.06.03.02 (VALOR TOTAL DO CRÉDITO TRIBUTÁRIO DE PREJUÍZO FISCAL DEDUZIDO DO CAPITAL  HEDGE DE
INVESTIMENTOS) está limitado ao saldo da conta 111.92.06.03.01 (VALOR TOTAL DO CRÉDITO TRIBUTÁRIO DE PREJUÍZO FISCAL  HEDGE DE INVESTIMENTOS).","Valor informado para conta 111.92.06.03.02 é inválido. Valor da conta 111.92.06.03.02 (R$ VALOR1), quando positivo, deve limitar-se ao saldo da conta 111.92.06.03.01 (R$ VALOR2).","System.Object[]"
"ELIM0618","Ativa","VALIDAR CONTA 120.01.03","O saldo da conta 120.01.03 (FUNDOS CONSTITUCIONAIS AUTORIZADOS COM BASE EM NORMAS ANTERIORES À RESOLUÇÃO 4.679) está limitado ao menor valor entre o saldo das contas 120.01.03.01 e 120.01.03.02.","Valor informado para conta 120.01.03 é inválido. Valor da conta 120.01.03(R$ VALOR1), quando positivo, deve limitar-se ao menor valor entre as contas 120.01.03.01 e 120.01.03.02, (R$ VALOR2).","System.Object[]"
"ELIM0619","Ativa","VALIDAR CONTA 111.92.06","Essa crítica verifica se o saldo da conta 111.92.06,  a partir de julho de 2018, equivale ao máximo entre zero e a diferença das contas 111.92.06.01.01.01 e 111.92.06.01.01.90 com a posterior adição da conta 111.92.06.03.02.","Valor informado para conta 111.92.06 é inválido. Valor da conta 111.92.06 (R$ VALOR1), quando positivo, deve ser igual ao máximo entre zero e a diferença entre as contas 111.92.06.01.01.01 e 111.92.06.01.01.90, com posterior adição da conta 111.92.06.03.02 (R$ VALOR2).","System.Object[]"
"ELIM0620","Ativa","VALIDA SALDO DA CONTA 111.94.03.02","Verifica se o saldo da conta 111.94.03.02 corresponde ao resultado esperado de sua fórmula.","O saldo da conta 111.94.03.02 (VALOR1) não corresponde ao resultado esperado de sua fórmula (VALOR2).","System.Object[]"
"ELIM0621","Ativa","VALIDA SALDO DA CONTA 120.01.03","VERIFICA SE O SALDO DA CONTA 120.01.03 BATE COM O RESULTADO DE SUA FÓRMULA","O saldo da conta 120.01.03 (VALOR1) não bate com o mínimo das contas 120.01.03.01 e 120.01.03.02 (VALOR2).","System.Object[]"
"ELIM0622","Ativa","Valida saldo da conta 211","Valida saldo da conta 211","O valor informado na conta 211, VL1, nÃ£o confere com o resultado de sua fÃ³rmula VL2.","System.Object[]"
"ELIM0623","Ativa","Valida saldo da conta 212","Valida saldo da conta 212","O valor informado na conta 212, VL1, difere do resultado de sua fórmula VL2.","System.Object[]"
"ELIM0624","Ativa","Valida saldo da conta 213","Valida saldo da conta 213","O valor informado para a conta 213,  VL1, diverge do resultado de sua fÃ³rmula VL2.","System.Object[]"
"ELIM0625","Ativa","Valida saldo da conta 216","Valida saldo da conta 216","O saldo da conta 216, VL1, supera o valor esperado para essa conta VL2.","System.Object[]"
"ELIM0626","Ativa","Valida o saldo da conta 219","Valida o saldo da conta 219","O saldo da conta 219 VL1 diverge do resultado esperado de sua fÃ³rmula VL2.","System.Object[]"
"ELIM0627","Ativa","Valida saldo da conta 200","Valida saldo da conta 200, considerando o resultado de sua fórmula","O saldo da conta 200, VL1, não confere com o resultado de sua fórmula VL2","System.Object[]"
"ELIM0628","Ativa","Valida saldo da conta 210","Valida saldo da conta 210, em relação ao resultado de sua fórmula","O saldo da conta 210, VL1, difere do resultado apurado de sua fórmula VL2","System.Object[]"
"ELIM0629","Ativa","Valida saldo da conta 214","Valida o saldo da conta 214 com o resultado de sua fórmula","O saldo da conta 214, VL1, difere do resultado de sua fÃ³rmula VL2.","System.Object[]"
"ELIM0901","Ativa","Parâmetro com valor monetário válido","Valida se valor informado para o parâmetro é um valor monetário válido","Informado valor em formato monetário inválido","System.Object[]"
"ELIM0902","Ativa","Saldo Cosif da conta igual soma de detalhamentos Cosif","Valida se o saldo Cosif da conta é igual à soma de seus detalhamentos Cosif","Valor Cosif informado para a conta difere do somatório dos detalhamentos Cosif","System.Object[]"
"ELIM0903","Ativa","Tag detalhamento Cosif informada","Valida se tag detalhamento cosif foi informada em conta que prevê a tag detalhamento Cosif","Não informado na conta detalhamento Cosif","System.Object[]"
"ELIM0917","Ativa","Verificação de informação de todos os dias úteis","Verifica se todos os dias úteis da data-base do documento foram informados","Não foram informados todos os dias úteis da data-base do documento","System.Object[]"
"ELIM0918","Ativa","Verificação se todos os dias-base informados são dias úteis da data-base do documento","Verifica se todos os dias-base informados são dias úteis da data-base do documento","A data informada não é um dia útil ou não faz parte do mês da data base","System.Object[]"
"ELIM0919","Ativa","Verificação de data válida para o elemento","Verifica se o elemento informado é um dia útil","A data informada no detalhamento não é um dia útil","System.Object[]"
"ELIM0950","Ativa","Limites válidos","Valida limites do documento","Limites inválidos informados no documento: [lista]","System.Object[]"
"ELIM0951","Ativa","Contas Cosif válidas","Valida contas Cosif do documento","Contas Cosif inválidas informadas no documento: [lista]","System.Object[]"
"ELIM0952","Ativa","Tipo de cliente válido","Valida tipos de cliente do documento","Tipos de cliente (TABELA 037) inválidos informados no documento: [lista]","System.Object[]"
"ELIM0953","Ativa","Tipo de participante válido","Valida tipos de participante do documento","Tipos de participante (TABELA 038) inválidos informados no documento: [lista]","System.Object[]"
"ELIM0954","Ativa","Razão do participante válida","Valida razão do participante do documento","Razões do participante (TABELA 039) inválidas informadas no documento: [lista]","System.Object[]"
"ELIM0955","Ativa","Parâmetro com valor inteiro válido","Valida se valor informado para o parâmetro é um valor inteiro  válido","Informado valor em formato inteiro inválido","System.Object[]"
"ELIM0956","Ativa","Tag detalhamento conta informada","Valida se tag detalhamento conta foi informada em conta que possui elementos associados","Erro na apresentação do detalhamento da conta - Ou foi enviado detalhamento  não esperado da conta, ou não foi encaminhado detalhamento esperado.","System.Object[]"
"ELIM0957","Ativa","Tag cliente informada","Valida se tag detalhamento cliente foi informada em conta que prevê a tag detalhamento cliente","Não informada na conta informações  do cliente","System.Object[]"
"ELIM0958","Ativa","Verifica se Tag de detalhamento de cliente é informada quando prevista","Valida se a tag de detalhamento de cliente foi informada quando prevista","O detalhamento de clientes necessariamente deve ser informado para grupo de contrapartes conectadas e não informado para demais casos.","System.Object[]"
"ELIM0959","Ativa","Valida o formato de CNPJ ou CPF  de cliente","Valida o formato de CNPJ ou CPF  de cliente","O CPF ou CNPJ informado para o cliente não apresenta um formato válido","System.Object[]"
"ELIM0960","Ativa","Valida o formato de CNPJ ou CPF  de participante","Valida o formato de CNPJ ou CPF  de participante","O CPF ou CNPJ informado para o participante não apresenta um formato válido","System.Object[]"
"ELIM0961","Ativa","Elemento com valor monetário válido","Valida se valor informado para o Elemento é um valor monetário válido","Informado valor em formato monetário inválido.","System.Object[]"
"ELIM0962","Ativa","Valor com o formato decimal válido","Valida se valor informado está com o formato decimal válido.","Informado valor com o formato decimal inválido","System.Object[]"
"ELIM2000","Ativa","Valida limite de código 11 no DLP","Verifica se o limite informado, de código 11, foi informado no DLP","Ou não foi informado a Tag limite, ou o limite de código 11 foi informado 'N' para o limite 11.","System.Object[]"
"ELIM2001","Ativa","VALIDA PARAMETRO 51 DLP","Valida se o parâmetro de código 51 do DLP foi informado.","Não foi informado o parâmetro de código 51","System.Object[]"
"ELIM2002","Ativa","VALIDA PARAMETRO 52 DLP","Valida se o parâmetro de código 52 do DLP foi informado.","Não foi informado o parâmetro de código 52","System.Object[]"
"ELIM2003","Ativa","VALIDA PARAMETRO 53 DLP","Valida se o parâmetro de código 53 do DLP foi informado.","Não foi informado o parâmetro de código 53","System.Object[]"
"ELIM2004","Ativa","VALIDA LIMITE 51.00 - LIMITE DE OPERAÇÕES COMPROMISSADAS (TOTAL)","Verifica se a instituição informou na Tag limites o Limite 51, relacionado ao Limites total de operações compromissadas.","A instituição não informou o campo destinado ao Limite de Operações Compromissadas (Total). Ao limite de código 51.00 deve estar associado os domínios ""S"" (sim) ou ""N"" (não), para indicar se a instituição está sujeita ao Limite em questão.","System.Object[]"
"ELIM2005","Ativa","VALIDA LIMITE 52.00 - LIMITE DE OPERAÇÕES COMPROMISSADAS (TÍTULOS PRIVADOS)","Verifica se a instituição informou na Tag limites o Limite 52, relacionado ao Limites de operações compromissadas com títulos privados.","A instituição não informou o campo destinado ao Limite de Operações Compromissadas (com títulos privados). Ao limite de código 52.00 deve estar associado os domínios ""S"" (sim) ou ""N"" (não), para indicar se a instituição está sujeita ao Limite em questão.","System.Object[]"
"ELIM2006","Ativa","Valida parâmetro 4","Valida parâmetro 4","Não foi informado o parâmetro de código 4","System.Object[]"
"ELIM2007","Ativa","Valida parâmetro 6","Valida parâmetro 6","Não foi informado o parâmetro de código 6","System.Object[]"
"ELIM2008","Ativa","Valida parâmetro 7","Valida parâmetro 7","Não foi informado o parâmetro de código 7","System.Object[]"
"ELIM2009","Ativa","Valida parâmetro 8","Valida parâmetro 8","Não foi informado o parâmetro de código 8","System.Object[]"
"ELIM2010","Ativa","Valida parâmetro 11","Valida parâmetro 11","Não foi informado o parâmetro de código 11","System.Object[]"
"ELIM2011","Ativa","Valida parâmetro 22","Valida parâmetro 22","Não foi informado o parâmetro de código 22","System.Object[]"
"ELIM2012","Ativa","VALIDA SALDO DA CONTA 800","Valida o saldo da conta 800 com os valores das contas 800.01, 800.02 e 800.03, considerando a aplicação do F'' variável em função contínua. Onde F'' = Mínimo(0,22+8,58(EXP/PR)^2;1). Também examina a aplicação do fator F, de 0,08 ou 0,12, este último, válido para o caso de cooperativa singular não filiada.","O saldo da conta 800 VL1 diverge do saldo apurado a partir das contas filhas VL2.","System.Object[]"
"ELIM2013","Ativa","Validar obrigatoriedade da Metodologia para o limite 05 (n.p.)","Espera-se que o domínio 3 a tab6 seja informado sempre que a instituição estiver sujeita ao limite 05.00 da tab1 e não esteja no RPS.","Parâmetro 'Opção da metodologia de risco operacional' não informado. Instituição submetida ao limite 05 e que não se encontre no RPS deve informá-lo.","System.Object[]"
"ELIM2014","Ativa","Valida parâmetros da RBAN (n.p.)","Verifica se o Parametro de metodologia de cálculo da RBAN foi informado dentro domínio de valores.","Não foi informado um parâmetro válido para a metodologia de apuração da RBAN.","System.Object[]"
"ELIM2015","Ativa","Validar parâmetro de abordagem para utilização de mitigador de risco (n.p.)","O parâmetro abordagem para utilização de mitigador de risco deve ser obrigatoriamente informado","Parâmetro abordagem para utilização de mitigador de risco não informado.","System.Object[]"
"ELIM2016","Ativa","Validação do valor base da conta 111.93","Validação do valor base da conta 111.93 (Ajuste Prudencial IV - Investimentos não significativos)","O valor base da conta 111.93 (VALOR1) deve corresponder ao maior valor entre zero e o resultado de Máximo(0;(111.93.01 + 111.93.03 + 111.93.04 + 111.93.05 + 111.93.06 - 0,1 * 111.93.02.01) * (111.93.01 + 111.93.03) / (111.93.01 + 111.93.03 + 111.93.04 + 111.93.05 + 111.93.06) (R$ VALOR2).","System.Object[]"
"ELIM2017","Ativa","VALIDAÇÃO ABORDAGEM DE RISCO OPERACIONAL","Verifica se o parâmetro informado no documento corresponde com a autorização registrada no sistema limites.","A instituição informou abordagem de RO de código (valor1), no entanto, consta registrado no sistema o uso da abordagem de código (valor2). Caso tenha autorização, favor encaminhar cópia da mesma para dlo@bcb.gov.br.","System.Object[]"
"ELIM2018","Ativa","Fórmula não validada","Um ou mais saldos das contas citadas a seguir é zero ou não foi enviado, ou o cálculo da fórmula seguinte não atende a condição definida na expressão: <formula>","Um ou mais saldos das contas citadas a seguir é zero ou não foi enviado, ou o cálculo da fórmula seguinte não atende a condição definida na expressão: <formula>","System.Object[]"
"ELIM2019","Ativa","Valida Parâmetro 7 para Cooperativa Central","Verifica se a instituição que indicou a apuração do LEC, com base em acordo recíproco, é uma Cooperativa Central. Caso positivo, aceita-se o documento, caso negativo, rejeita-se o documento.","A instituição informou parâmetro indicativo de apuração de limite expandido para o Limite de Exposição por Cliente, no entanto, a instituição não poder realizar, pois não é uma cooperativa central de crédito.","System.Object[]"
"ELIM2020","Ativa","Validar parâmetro","Algum parâmetro necessário foi omitido.","Parâmetro obrigatório não informado. Para mais detalhes deste erro, consulte dlo@bcb.gov.br informando: CNPJ, database, documento, protocolo e código ELIM2020","System.Object[]"
"ELIM2021","Desativada","Elemento 87 não especificado (LEC)","Elemento 87=1 deve ser especificado para pelo menos uma das contas 200.xx para limite alternativo","Quando a contraparte estiver sujeita ao limite alternativo citado na resolução 4.677/18, o elemento 87=1 deve ser especificado para pelo menos uma das contas 200.xx.","System.Object[]"
"ELIM2022","Ativa","VALIDAR SALDO DA CONTA 870 PARA ABORDAGEM BIA APÓS 2019","VERIFICA SE O SALDO DA CONTA 870 ESTÁ COMPATÍVEL COM O SALDO DA CONTA 871, APÓS DIVISÃO PELO FATOR F, APÓS 2019","SALDO DA CONTA 870 INCOMPATÍVEL COM O SALDO DA CONTA 871 APÓS DIVISÃO PELO FATOR F.","System.Object[]"
"ELIM2023","Ativa","Saldo das contas 200.xx decrescentes","Saldos das contas 200.xx devem estar ordenados por valor decrescente.","Saldos das contas 200.xx devem estar ordenados por valor decrescente.","System.Object[]"
"ELIM2024","Ativa","Valida Modelo Interno de risco de Mercado","Verifica se valores informados para as parcelas de risco de mercado, apresentam valores correspondentes nas parcelas de risco de mercado modelo interno","Verificou-se a existência de parcela de risco de mercado em modelo padronizado, sem correspondente parcela com valores apurados  para modelo interno. Corresponde a uma checagem entre cada conjunto de contas descritos a seguir: (800, 865.10); (810, 865.20.10); (820, 865.20.20); (830, 865.20.30); (840, 865.20.40); (850, 865.40) e (860, 865.30).","System.Object[]"
"ELIM2025","Ativa","Valida parâmetros da RBAN (não prioritária)","Verifica se o parâmetro de metologia de cálcula da RBAN foi informando dentro do domínio de valores (igual à ELIM0199 prioritária).","Não foi informado um parâmetro válido para a metodologia de apuração da RBAN.","System.Object[]"
"ELIM2026","Ativa","ADD-ON","O valor do adicional de capital ADD-ON deve ser igual ao somatório dos saldos das contas 933 e 934.","O valor do adicional de capital ADD-ON (Valor1) não confere com o somatório dos saldos das contas 933 e 934 (Valor2).","System.Object[]"
"ELIM2027","Ativa","Parâmetro 25 inválido ou não informado","Parâmetro 25 inválido ou não informado","Parâmetro 25 inválido ou não informado.","System.Object[]"
"ELIM2028","Ativa","Recusa do DLI para IFs desobrigadas de entrega","Recusa os documentos enviados por IFs desobrigadas de entrega do DLI (IPs, administradoras de consórcios e S5)","IPs, administradoras de consórcios e IPs são dispensadas de entrega do DLI""","System.Object[]"
"ELIM2029","Ativa","Relação entre saldos das contas 211 e 210","Relação entre saldos das contas 211 e 210","O saldo da conta 211 deve ser igual a 25% do saldo da conta 210, exceto no caso de cooperativas de crédito singulares não filiadas a central, que deve ser de 15%.","System.Object[]"
"ELIM2030","Ativa","Valida parâmetro 7","Parâmetro 7 deve ser informado e só centrais podem informar 1","Parâmetro 7 deve ser informado e só centrais podem informar 1","System.Object[]"
"ELIM2031","Ativa","Conta 215 e seus elementos 86","O saldo da conta 215 deve ser igual à soma dos seus elementos 86","O saldo da conta 215 deve ser igual à soma dos seus elementos 86","System.Object[]"
"ELIM2032","Ativa","Valor inválido para a conta","Valor informado para conta 6.90.00 é inválido.","Valor informado para conta 6.90.00 é inválido.","System.Object[]"
"ELIM2033","Ativa","Valida data elem.76","Se a conta 192 ou 193 for enviada, o respectivo elemento=76 (obrigatório) deve ser da database do documento","Se a conta 192 ou 193 for enviada, o respectivo elemento=76 (obrigatório) deve ser da database do documento","System.Object[]"
"ELIM2034","Ativa","Limite não declarado","ES deve declarar se presta ou não informações sobre todos os limites previstos para o documento. Os limites obrigatórios para o segmento da ES devem ser informados como 'S'.","ES deve declarar se presta ou não informações sobre todos os limites previstos para o documento. Os limites obrigatórios para o segmento da ES devem ser informados como 'S'.","System.Object[]"
"ELIM2035","Ativa","Data incorreta no el.76 conta 192/3","A data informada para o elemento 76 das contas 192 e/ou 193 é inconsistente com a database do documento.","A data informada para o elemento 76 das contas 192 e/ou 193 é inconsistente com a database do documento.","System.Object[]"
"ELIM2036","Ativa","IFs que não enviam 2062","Conforme instrução normativa 85, são dispensadas do envio do DLI/2062 as instituições de pagamento, as administradoras de consórcio e as enquadradas no segmento prudencial S5.","Conforme instrução normativa 85, são dispensadas do envio do DLI/2062 as instituições de pagamento, as administradoras de consórcio e as enquadradas no segmento prudencial S5.","System.Object[]"
"ELIM2037","Ativa","Saldo na conta DLI 6.90.90","Segmentos que informam saldo na conta DLI 6.90.90.","Apenas Bancos Comerciais e Bancos Múltiplos, Sociedades Corretoras de Títulos e Valores Mobiliários, Sociedades Distribuidoras de Títulos e Valores Mobiliários e Sociedades Corretoras de Câmbio podem informar saldo diferente de zero na conta DLI 6.90.90.",""
